HIERARCHY
ROOT Hips
{
	OFFSET 0.00000 0.00000 0.00000
	CHANNELS 6 Xposition Yposition Zposition Zrotation Yrotation Xrotation 
	JOINT LHipJoint
	{
		OFFSET 0 0 0
		CHANNELS 3 Zrotation Yrotation Xrotation
		JOINT LeftHip
		{
			OFFSET 1.36306 -1.79463 0.83929
			CHANNELS 3 Zrotation Yrotation Xrotation
			JOINT LeftKnee
			{
				OFFSET 2.44811 -6.72613 0.00000
				CHANNELS 3 Zrotation Yrotation Xrotation
				JOINT LeftAnkle
				{
					OFFSET 2.56220 -7.03959 0.00000
					CHANNELS 3 Zrotation Yrotation Xrotation
					JOINT LeftToe
					{
						OFFSET 0.15764 -0.43311 2.32255
						CHANNELS 3 Zrotation Yrotation Xrotation
						End Site
						{
							OFFSET 0.00000 -0.00000 1.18966
						}
					}
				}
			}
		}
	}
	JOINT RHipJoint
	{
		OFFSET 0 0 0
		CHANNELS 3 Zrotation Yrotation Xrotation
		JOINT RightHip
		{
			OFFSET -1.30552 -1.79463 0.83929
			CHANNELS 3 Zrotation Yrotation Xrotation
			JOINT RightKnee
			{
				OFFSET -2.54253 -6.98555 0.00000
				CHANNELS 3 Zrotation Yrotation Xrotation
				JOINT RightAnkle
				{
					OFFSET -2.56826 -7.05623 0.00000
					CHANNELS 3 Zrotation Yrotation Xrotation
					JOINT RightToe
					{
						OFFSET -0.16473 -0.45259 2.36315
						CHANNELS 3 Zrotation Yrotation Xrotation
						End Site
						{
							OFFSET -0.00000 -0.00000 1.21082
						}
					}
				}
			}
		}
	}
	JOINT lowerback
	{
		OFFSET 0 0 0
		CHANNELS 3 Zrotation Yrotation Xrotation
		JOINT Chest
		{
			OFFSET 0.02827 2.03559 -0.19338
			CHANNELS 3 Zrotation Yrotation Xrotation
			JOINT Chest2
			{
				OFFSET 0.05672 2.04885 -0.04275
				CHANNELS 3 Zrotation Yrotation Xrotation
				JOINT lowerneck
				{
					OFFSET 0 0 0
					CHANNELS 3 Zrotation Yrotation Xrotation
					JOINT Neck
					{
						OFFSET -0.05417 1.74624 0.17202
						CHANNELS 3 Zrotation Yrotation Xrotation
						JOINT Head
						{
							OFFSET 0.10407 1.76136 -0.12397
							CHANNELS 3 Zrotation Yrotation Xrotation
							End Site
							{
								OFFSET 0.03720 1.77044 -0.06241
							}
						}
					}
				}
				JOINT LeftCollar
				{
					OFFSET 0 0 0
					CHANNELS 3 Zrotation Yrotation Xrotation
					JOINT LeftShoulder
					{
						OFFSET 3.36241 1.20089 -0.31121
CHANNELS 3 Zrotation Xrotation Yrotation
						JOINT LeftElbow
						{
OFFSET 0 -4.983000 -0.000000
CHANNELS 3 Zrotation Xrotation Yrotation
							JOINT LeftWrist
							{
OFFSET 0 -3.483560 -0.000000
CHANNELS 3 Zrotation Xrotation Yrotation
								JOINT lhand
								{
									OFFSET 0 0 0
CHANNELS 3 Zrotation Xrotation Yrotation
									JOINT LFingers
									{
OFFSET 0 -0.715260 -0.000000
CHANNELS 3 Zrotation Xrotation Yrotation
										End Site
										{
OFFSET 0 -0.576660 -0.000000
										}
									}
								}
								JOINT LThumb
								{
OFFSET 0 0.000000 0.000000
CHANNELS 3 Zrotation Xrotation Yrotation
									End Site
									{
OFFSET 0 -0.585470 0.585470
									}
								}
							}
						}
					}
				}
				JOINT RightCollar
				{
					OFFSET 0 0 0
					CHANNELS 3 Zrotation Yrotation Xrotation
					JOINT RightShoulder
					{
						OFFSET -3.13660 1.37405 -0.40465
CHANNELS 3 Zrotation Xrotation Yrotation
						JOINT RightElbow
						{
OFFSET 0 -5.241900 -0.000000
CHANNELS 3 Zrotation Xrotation Yrotation
							JOINT RightWrist
							{
OFFSET 0 -3.444170 -0.000000
CHANNELS 3 Zrotation Xrotation Yrotation
								JOINT rhand
								{
									OFFSET 0 0 0
CHANNELS 3 Zrotation Xrotation Yrotation
									JOINT RFingers
									{
OFFSET 0 -0.622530 -0.000000
CHANNELS 3 Zrotation Xrotation Yrotation
										End Site
										{
OFFSET 0 -0.501900 -0.000000
										}
									}
								}
								JOINT RThumb
								{
OFFSET 0 0.000000 0.000000
CHANNELS 3 Zrotation Xrotation Yrotation
									End Site
									{
OFFSET 0 -0.509560 0.509560
									}
								}
							}
						}
					}
				}
			}
		}
	}
}
MOTION
Frames: 300
Frame Time: .0083333
9.2751 16.6913 2.2163 -181.9650 -180.5180 197.0900 0.0000 0.0000 0.0000 -11.9519 -7.9377 -38.7232 8.6562 16.5813 54.8933 3.0295 -9.0975 -31.4528 0.1702 -2.6578 -7.3275 0.0000 0.0000 0.0000 18.1900 10.8320 -39.7095 -10.0054 -17.4129 59.5064 -2.7955 -2.8816 -32.7298 -0.0922 1.9579 -5.3894 1.8077 0.4003 24.1664 2.8270 1.3870 1.0032 1.6834 0.6340 -12.4841 -5.1307 -3.5235 -13.4571 5.8960 -4.0546 -2.7224 2.5961 -1.8448 1.7211 -0.0000 -0.0000 0.0000 12.031 -16.0989 -25.7953 132.1150 -52.1061 95.505 34.1672 -27.8349 16.4013 0.0 0.0 0.0 -7.1250 0.0 0.0 4.1862 10.4385 3.3677 -0.0000 -0.0000 0.0000 -15.1379 -24.7073 22.3447 -125.7883 -54.5591 -90.4273 -22.4141 -15.7536 10.6092 0.0 0.0 0.0 7.1250 0.0 -0.0 4.1457 41.3984 0.369
9.2699 16.5864 2.2201 -181.9510 -181.2260 197.6480 0.0000 0.0000 0.0000 -11.5410 -8.7498 -40.1725 9.1406 16.8974 56.5753 3.1359 -9.0610 -32.0279 0.1787 -2.7228 -7.5078 0.0000 0.0000 0.0000 18.0781 10.8323 -41.2038 -10.5078 -17.6857 61.1724 -2.8570 -3.3170 -33.2501 -0.1013 2.0523 -5.6502 2.1451 0.1598 24.4596 2.8495 1.1843 0.9262 1.5871 0.5215 -12.7255 -4.9598 -3.5776 -13.5791 5.9021 -4.1201 -3.5019 2.5606 -1.8806 1.4808 -0.0000 -0.0000 0.0000 12.1975 -16.8171 -25.3529 133.1643 -51.6367 96.3305 33.89 -27.7361 16.246 0.0 0.0 0.0 -7.1250 0.0 0.0 4.0284 10.6745 3.2207 -0.0000 -0.0000 0.0000 -15.5164 -25.2906 21.6761 -126.9151 -54.1664 -91.3431 -22.364 -15.5376 10.784 0.0 0.0 0.0 7.1250 0.0 -0.0 4.2143 41.5809 0.3561
9.2577 16.4842 2.2500 -181.9230 -181.2670 198.1170 0.0000 0.0000 0.0000 -11.3134 -8.9734 -41.4053 9.6184 17.1896 58.2053 3.2864 -8.4820 -32.8595 0.2557 -3.2532 -8.9844 0.0000 0.0000 0.0000 17.8816 11.3701 -42.3624 -11.0019 -17.9360 62.7877 -2.8742 -3.9976 -33.6298 -0.1311 2.3338 -6.4292 2.0328 0.2097 24.5448 2.8223 1.2170 0.9503 1.6094 0.5420 -12.7467 -4.6511 -3.6021 -13.8349 5.7889 -4.1658 -4.1065 2.4606 -1.9088 1.3133 0.0000 0.0000 0.0000 12.4262 -17.5216 -25.0242 133.9626 -51.2667 96.9548 34.0607 -27.9919 16.3118 0.0 0.0 0.0 -7.1250 0.0 0.0 4.1300 10.564 3.3117 0.0000 0.0000 0.0000 -15.9668 -25.9346 20.9517 -127.7996 -53.8453 -92.0587 -21.8296 -15.6715 10.8454 0.0 0.0 0.0 7.1250 0.0 -0.0 4.6972 41.5948 0.3955
9.2465 16.3914 2.2986 -181.9440 -180.8720 198.5480 0.0000 0.0000 0.0000 -11.1340 -8.7911 -42.4870 10.0775 17.4532 59.7472 3.4519 -8.3456 -33.7309 0.3101 -3.5801 -9.8982 0.0000 0.0000 0.0000 17.6351 12.3563 -43.2491 -11.4728 -18.1588 64.3077 -2.9223 -4.4790 -34.1025 -0.1254 2.2826 -6.2872 1.7691 0.4373 24.4109 2.7600 1.4214 1.0836 1.6170 0.6489 -12.5254 -4.5439 -3.5889 -14.2012 5.9260 -4.1332 -4.6297 2.4867 -1.8885 1.2027 -0.0000 0.0000 0.0000 12.6496 -18.3527 -24.8152 134.5819 -50.9717 97.4369 34.5234 -28.5381 16.406 0.0 0.0 0.0 -7.1250 0.0 0.0 4.4168 10.3609 3.5613 -0.0000 0.0000 0.0000 -16.3768 -26.4961 20.2637 -128.5757 -53.554 -92.6842 -21.5928 -15.8548 10.7456 0.0 0.0 0.0 7.1250 0.0 -0.0 4.8923 41.4659 0.4276
9.2388 16.2977 2.3428 -182.3010 -180.6520 198.9380 0.0000 0.0000 0.0000 -10.5652 -8.6182 -43.5334 10.5206 17.6924 61.2147 3.6153 -8.3583 -34.5637 0.3633 -3.8718 -10.7162 0.0000 0.0000 0.0000 17.7843 13.2668 -43.9784 -11.8918 -18.3445 65.6455 -3.0225 -4.7252 -34.7525 -0.0898 1.9324 -5.3188 1.9110 0.5748 24.1802 2.8216 1.6297 1.2890 1.5315 0.7391 -12.1629 -4.6556 -3.6100 -14.5549 6.2622 -4.1083 -5.2994 2.6210 -1.8664 1.0545 -0.0000 -0.0000 0.0000 12.8698 -19.3585 -24.5239 135.0711 -50.7336 97.8163 34.7857 -28.638 16.044 0.0 0.0 0.0 -7.1250 0.0 0.0 4.6410 10.7315 3.7081 -0.0000 -0.0000 0.0000 -16.7704 -27.0494 19.6158 -129.2838 -53.2803 -93.2528 -21.573 -15.9977 10.5041 0.0 0.0 0.0 7.1250 0.0 -0.0 4.8745 41.2069 0.4572
9.2289 16.2093 2.3891 -182.6120 -180.6370 199.2450 0.0000 0.0000 0.0000 -10.0267 -8.5803 -44.4087 10.9355 17.9034 62.5719 3.7515 -8.3530 -35.2465 0.3774 -3.9457 -10.9239 0.0000 0.0000 0.0000 17.9712 13.8998 -44.4980 -12.2447 -18.4922 66.7622 -3.1599 -4.7579 -35.4948 -0.0633 1.6235 -4.4663 2.1048 0.6182 24.3749 2.8659 1.7545 1.2311 1.4279 0.7855 -12.3350 -4.6252 -3.6371 -14.7003 6.4185 -4.1261 -5.7589 2.6671 -1.8737 0.9322 -0.0000 -0.0000 0.0000 13.1587 -19.8366 -24.289 135.2841 -50.6285 97.9811 35.06 -28.6156 15.8423 0.0 0.0 0.0 -7.1250 0.0 0.0 4.8496 10.9132 3.858 -0.0000 -0.0000 0.0000 -17.1057 -27.0677 19.1462 -130.0421 -52.9785 -93.8595 -21.5666 -15.9786 10.5862 0.0 0.0 0.0 7.1250 0.0 -0.0 4.8921 41.2937 0.4484
9.2172 16.1261 2.4509 -182.5720 -180.6190 199.3930 0.0000 0.0000 0.0000 -9.9220 -8.5939 -44.8699 11.2964 18.0771 63.7403 3.8760 -8.4589 -35.8523 0.3336 -3.7118 -10.2673 0.0000 0.0000 0.0000 17.8504 14.3578 -44.6878 -12.5454 -18.6118 67.7074 -3.3660 -4.6489 -36.5127 -0.0506 1.4523 -3.9942 1.9622 0.6665 24.4674 2.8425 1.7777 1.2563 1.4748 0.8031 -12.3604 -4.5337 -3.6463 -14.8129 6.5120 -4.1308 -6.1963 2.6820 -1.8777 0.8071 0.0000 0.0000 0.0000 13.3671 -20.2173 -24.1812 135.1671 -50.6863 97.8906 35.3564 -28.4162 15.7731 0.0 0.0 0.0 -7.1250 0.0 0.0 5.0530 10.9346 4.0188 0.0000 0.0000 0.0000 -17.5007 -27.1361 18.7588 -130.5240 -52.782 -94.2437 -21.5413 -15.9553 10.8609 0.0 0.0 0.0 7.1250 0.0 -0.0 4.9551 41.5836 0.4187
9.2019 16.0556 2.5302 -182.7590 -180.6810 199.4520 0.0000 0.0000 0.0000 -9.5852 -8.4804 -45.0615 11.5964 18.2148 64.7036 4.0172 -9.0144 -36.4954 0.2643 -3.3073 -9.1355 0.0000 0.0000 0.0000 18.0856 14.7885 -44.5436 -12.7762 -18.6999 68.4291 -3.5871 -4.5411 -37.5770 -0.0315 1.1463 -3.1516 1.9366 0.6801 24.4322 2.9480 1.7986 1.3062 1.6015 0.8184 -12.2887 -4.4922 -3.6143 -14.8841 6.6437 -4.0753 -6.5872 2.7232 -1.8505 0.6898 0.0000 0.0000 0.0000 13.4857 -20.3698 -24.0751 135.0399 -50.7489 97.7922 35.531 -28.2341 15.8127 0.0 0.0 0.0 -7.1250 0.0 0.0 5.1606 10.8522 4.1139 0.0000 0.0000 0.0000 -17.888 -27.1768 18.5702 -130.6782 -52.7183 -94.3665 -21.4036 -16.1716 10.826 0.0 0.0 0.0 7.1250 0.0 -0.0 5.0718 41.5333 0.435
9.1933 16.0010 2.6261 -182.8770 -181.2750 199.5250 0.0000 0.0000 0.0000 -9.2166 -8.8103 -45.0654 11.8164 18.3120 65.4057 4.1550 -9.4103 -37.1268 0.2532 -3.2375 -8.9407 0.0000 0.0000 0.0000 18.4259 14.6430 -44.3632 -12.9320 -18.7575 68.9140 -3.6944 -4.8840 -38.2446 -0.0249 1.0179 -2.7982 2.2614 0.4749 24.2594 3.0610 1.6301 1.2741 1.6011 0.7278 -12.2228 -4.3494 -3.6084 -14.9313 6.6836 -4.0744 -6.8942 2.7111 -1.8543 0.5934 -0.0000 -0.0000 0.0000 13.6843 -20.3256 -24.0489 134.8347 -50.8492 97.6331 35.5949 -28.4825 16.1856 0.0 0.0 0.0 -7.1250 0.0 0.0 5.1448 10.3982 4.1489 -0.0000 -0.0000 0.0000 -18.2637 -26.7893 18.4346 -130.8170 -52.6606 -94.4769 -21.5866 -16.2721 11.2036 0.0 0.0 0.0 7.1250 0.0 -0.0 4.9668 41.9526 0.3744
9.1793 15.9554 2.7292 -182.8990 -181.3200 199.5680 0.0000 0.0000 0.0000 -9.1453 -8.5998 -44.9437 11.9565 18.3722 65.8508 4.2568 -9.4228 -37.6055 0.2751 -3.3737 -9.3209 0.0000 0.0000 0.0000 18.5821 14.8806 -43.9614 -13.0128 -18.7868 69.1651 -3.6928 -5.7790 -38.6180 -0.0450 1.3693 -3.7656 2.2020 0.4906 24.0929 3.0435 1.6280 1.2154 1.6169 0.7301 -12.1999 -4.1971 -3.6097 -15.0719 6.8144 -4.0878 -7.0208 2.7259 -1.8609 0.5760 -0.0000 -0.0000 0.0000 14.0188 -20.0942 -24.0892 134.4012 -51.0585 97.2965 35.3853 -28.691 16.5726 0.0 0.0 0.0 -7.1250 0.0 0.0 4.9493 9.9861 4.0316 -0.0000 -0.0000 0.0000 -18.4619 -26.1504 18.4787 -130.8048 -52.6657 -94.4672 -21.9176 -16.386 11.6082 0.0 0.0 0.0 7.1250 0.0 -0.0 4.7338 42.4167 0.3025
9.1656 15.9339 2.8435 -182.9660 -181.3730 199.4870 0.0000 0.0000 0.0000 -9.0683 -8.2639 -44.5427 11.9980 18.3898 65.9823 4.2989 -9.7938 -37.7795 0.2426 -3.1698 -8.7520 0.0000 0.0000 0.0000 18.9080 14.9063 -43.2680 -12.9986 -18.7816 69.1211 -3.8188 -5.9539 -39.2969 -0.0391 1.2770 -3.5113 2.0758 0.4917 23.9539 3.1309 1.6035 1.1642 1.7972 0.7298 -12.1886 -4.1625 -3.5786 -15.4784 6.9052 -4.0474 -6.8049 2.7489 -1.8303 0.7154 0.0000 -0.0000 0.0000 14.1375 -19.5259 -24.2242 133.8897 -51.301 96.898 34.8923 -28.6117 16.9242 0.0 0.0 0.0 -7.1250 0.0 0.0 4.5771 9.6781 3.7548 0.0000 -0.0000 0.0000 -18.7234 -25.4105 18.6937 -130.5732 -52.7617 -94.2829 -21.7184 -16.7553 11.6131 0.0 0.0 0.0 7.1250 0.0 -0.0 4.9128 42.4015 0.3158
9.1516 15.9361 2.9708 -182.9840 -181.5840 199.4210 0.0000 0.0000 0.0000 -9.0550 -8.0375 -43.8959 11.9215 18.3573 65.7397 4.3258 -10.2814 -37.8784 0.2233 -3.0416 -8.3947 0.0000 0.0000 0.0000 19.2667 14.5740 -42.4946 -12.8942 -18.7436 68.7965 -4.1540 -4.7336 -40.3579 -0.0006 0.1555 -0.4272 1.9820 0.4268 23.7912 3.2465 1.5087 1.0287 2.0156 0.6966 -12.2595 -4.0784 -3.5607 -15.7407 6.8728 -4.0367 -6.6345 2.7205 -1.8207 0.8120 0.0000 0.0000 0.0000 14.2188 -18.7404 -24.4199 133.2201 -51.6113 96.3742 34.445 -28.5259 17.4486 0.0 0.0 0.0 -7.1250 0.0 0.0 4.2092 9.1615 3.495 0.0000 0.0000 0.0000 -19.0022 -24.3855 18.9991 -130.2967 -52.8752 -94.0626 -21.2047 -17.0698 11.9124 0.0 0.0 0.0 7.1250 0.0 -0.0 5.4212 42.666 0.3132
9.1360 15.9505 3.1159 -182.8950 -181.6920 199.3020 0.0000 0.0000 0.0000 -9.2860 -7.5836 -42.8753 11.7091 18.2650 65.0638 4.3406 -10.6010 -37.9323 0.2312 -3.0945 -8.5420 0.0000 0.0000 0.0000 19.5136 14.2390 -41.4533 -12.7032 -18.6724 68.2012 -3.8002 -7.1497 -39.7467 -0.0980 2.0183 -5.5563 1.7551 0.4022 23.4442 3.3175 1.4134 0.9921 2.2575 0.6696 -12.1151 -3.9635 -3.5373 -16.1103 6.8459 -4.0144 -6.6078 2.6889 -1.8055 0.8775 -0.0000 -0.0000 0.0000 14.4019 -18.0956 -24.6466 132.1534 -52.0892 95.5353 34.2529 -28.5055 18.1518 0.0 0.0 0.0 -7.1250 0.0 0.0 3.9781 8.3869 3.3637 -0.0000 -0.0000 0.0000 -19.1678 -23.3035 19.437 -129.8819 -53.043 -93.7315 -20.6342 -17.3193 12.0687 0.0 0.0 0.0 7.1250 0.0 -0.0 5.9591 42.7716 0.3289
9.1195 15.9860 3.2817 -182.7130 -181.6810 198.9820 0.0000 0.0000 0.0000 -9.7427 -6.8392 -41.3351 11.3459 18.1002 63.8999 4.3173 -11.1206 -37.8055 0.2185 -3.0089 -8.3035 0.0000 0.0000 0.0000 19.7212 13.8424 -39.9380 -12.4055 -18.5569 67.2685 -3.6737 -7.9687 -39.5415 -0.1660 2.6247 -7.2355 1.4900 0.3833 23.1211 3.2487 1.3005 0.9410 2.3686 0.6309 -11.9949 -3.9593 -3.5054 -16.4311 7.0771 -3.9710 -6.4184 2.7677 -1.7706 1.0004 0.0000 -0.0000 0.0000 14.6694 -17.0039 -24.9983 131.1098 -52.538 94.7095 34.1514 -28.2303 18.8377 0.0 0.0 0.0 -7.1250 0.0 0.0 3.8066 7.6167 3.2759 0.0000 -0.0000 0.0000 -18.9538 -21.8467 20.1228 -129.3006 -53.2737 -93.2663 -20.212 -17.5132 11.7321 0.0 0.0 0.0 7.1250 0.0 -0.0 6.2777 42.3735 0.4086
9.1036 16.0546 3.4663 -182.3850 -181.6910 198.3970 0.0000 0.0000 0.0000 -10.4287 -6.0193 -39.2415 10.8364 17.8541 62.2493 4.2650 -11.6806 -37.5494 0.1983 -2.8677 -7.9107 0.0000 0.0000 0.0000 19.8659 13.0173 -37.9753 -11.9850 -18.3843 65.9411 -4.1743 -4.9034 -40.5182 -0.0024 0.3151 -0.8658 1.2040 0.3544 22.9999 3.0810 1.1652 0.8912 2.3884 0.5793 -11.9812 -4.0245 -3.5841 -16.6308 7.4364 -4.0731 -6.1261 2.8951 -1.8046 1.1532 -0.0000 -0.0000 0.0000 14.7132 -15.3547 -25.4273 130.3460 -52.855 94.1019 33.9034 -27.4701 19.5797 0.0 0.0 0.0 -7.1250 0.0 0.0 3.5326 6.8192 3.0942 -0.0000 -0.0000 0.0000 -18.5815 -20.0483 20.8382 -128.4935 -53.5853 -92.6181 -20.033 -17.4964 11.2881 0.0 0.0 0.0 7.1250 0.0 -0.0 6.3602 41.8889 0.4903
9.0936 16.1471 3.6725 -182.1690 -181.7870 197.6620 0.0000 0.0000 0.0000 -11.0414 -5.0216 -36.7911 10.2089 17.5257 60.1844 4.1868 -12.0693 -37.1809 0.1879 -2.7918 -7.6997 0.0000 0.0000 0.0000 20.1835 11.6927 -35.7032 -11.4401 -18.1438 64.2026 -3.8188 -6.4195 -39.5022 -0.0734 1.7475 -4.8083 1.0811 0.2890 22.8506 2.9935 1.0295 0.9700 2.4022 0.5200 -11.8031 -3.9566 -3.6885 -17.0292 7.5216 -4.2248 -5.9025 2.8988 -1.8687 1.3067 0.0000 0.0000 0.0000 14.5914 -13.8402 -25.8423 129.1760 -53.3225 93.1664 33.3903 -26.4461 20.312 0.0 0.0 0.0 -7.1250 0.0 0.0 3.0940 6.1003 2.7518 0.0000 0.0000 0.0000 -18.3171 -18.3524 21.5057 -127.2772 -54.0363 -91.6364 -19.5748 -17.3391 10.8308 0.0 0.0 0.0 7.1250 0.0 -0.0 6.6877 41.3653 0.6026
9.0886 16.2499 3.8971 -182.1450 -181.7720 196.8970 0.0000 0.0000 0.0000 -11.4888 -3.6990 -34.1508 9.4922 17.1142 57.7771 4.0845 -12.7743 -36.7039 0.1748 -2.6930 -7.4250 0.0000 0.0000 0.0000 20.6676 10.2228 -33.2068 -10.7831 -17.8273 62.0751 -4.0103 -4.3488 -39.5387 -0.0134 0.7468 -2.0525 1.0674 0.2419 22.5480 3.0008 0.9590 0.9018 2.4395 0.4886 -11.7109 -3.9445 -3.7206 -17.0487 7.4356 -4.2826 -5.6099 2.8624 -1.8952 1.4091 -0.0000 -0.0000 0.0000 14.4617 -11.9875 -26.4877 127.5765 -53.9274 91.8785 32.9253 -25.5731 20.7991 0.0 0.0 0.0 -7.1250 0.0 0.0 2.7260 5.6548 2.447 -0.0000 -0.0000 0.0000 -18.0865 -16.1893 22.398 -125.6960 -54.5905 -90.3521 -18.9416 -16.9516 10.5983 0.0 0.0 0.0 7.1250 0.0 -0.0 7.2046 41.0639 0.7035
9.0865 16.3637 4.1285 -181.9540 -181.8230 195.9750 0.0000 0.0000 0.0000 -12.0755 -2.3692 -31.1655 8.7072 16.6155 55.0717 3.9231 -13.6291 -35.9624 0.1626 -2.5980 -7.1614 0.0000 0.0000 0.0000 20.9251 8.5089 -30.4916 -10.0425 -17.4337 59.6304 -3.9256 -3.7568 -38.9105 -0.0304 1.1250 -3.0927 0.9680 0.1760 22.3978 2.9463 0.8401 0.8016 2.4739 0.4381 -11.7377 -3.9258 -3.7643 -17.2548 7.3982 -4.3692 -4.9824 2.8389 -1.9265 1.6612 -0.0000 -0.0000 0.0000 14.3636 -9.837 -27.2839 125.8284 -54.5454 90.46 32.7726 -25.0788 21.244 0.0 0.0 0.0 -7.1250 0.0 0.0 2.5600 5.1873 2.3204 -0.0000 -0.0000 0.0000 -17.6808 -13.7127 23.416 -123.7670 -55.2196 -88.7737 -18.6136 -16.3884 10.3957 0.0 0.0 0.0 7.1250 0.0 -0.0 7.4570 40.8232 0.7729
9.0819 16.4899 4.3689 -181.8240 -182.0930 194.9490 0.0000 0.0000 0.0000 -12.4401 -1.0926 -27.9508 7.8694 16.0224 52.0910 3.6765 -14.1219 -34.8040 0.1859 -2.7768 -7.6579 0.0000 0.0000 0.0000 21.2331 6.5902 -27.5763 -9.2291 -16.9529 56.8791 -3.6895 -3.5368 -37.6835 -0.0540 1.5001 -4.1259 0.9646 0.0183 22.2583 2.9494 0.6337 0.6699 2.5463 0.3441 -11.8025 -3.9837 -3.7925 -17.3017 7.4577 -4.4301 -4.2984 2.8666 -1.9435 1.9114 0.0000 -0.0000 0.0000 14.1765 -7.6073 -28.0322 123.4435 -55.3202 88.5079 32.6237 -24.8651 21.7217 0.0 0.0 0.0 -7.1250 0.0 0.0 2.3909 4.6838 2.1896 0.0000 -0.0000 0.0000 -17.2517 -10.9883 24.6031 -121.4744 -55.9041 -86.8828 -18.7279 -15.9693 9.9033 0.0 0.0 0.0 7.1250 0.0 -0.0 7.2742 40.3204 0.8444
9.0767 16.6311 4.6319 -181.9760 -182.3500 193.9300 0.0000 0.0000 0.0000 -12.4031 0.2723 -24.6365 7.0015 15.3331 48.8798 3.3390 -14.7490 -33.1901 0.2147 -2.9831 -8.2317 0.0000 0.0000 0.0000 21.7617 4.7084 -24.4548 -8.3658 -16.3818 53.8698 -3.4140 -3.1309 -36.1468 -0.0655 1.6513 -4.5428 1.1455 -0.1210 21.7934 3.0836 0.5047 0.5118 2.6307 0.2794 -11.7188 -4.1817 -3.8071 -16.9942 7.5297 -4.4534 -3.6967 2.9301 -1.9480 2.0748 -0.0000 0.0000 0.0000 13.7905 -5.4826 -28.8991 120.0079 -56.3078 85.6655 32.5615 -25.0384 22.0697 0.0 0.0 0.0 -7.1250 0.0 0.0 2.2961 4.3073 2.1189 -0.0000 0.0000 0.0000 -16.9959 -8.0918 25.8091 -118.5440 -56.6856 -84.4448 -19.0796 -15.6451 9.5104 0.0 0.0 0.0 7.1250 0.0 -0.0 6.9056 39.9397 0.8661
9.0727 16.7924 4.9179 -181.9650 -182.4000 192.8290 0.0000 0.0000 0.0000 -12.5577 1.7213 -21.0471 6.1276 14.5509 45.4919 2.9449 -15.3513 -31.2472 0.2244 -3.0492 -8.4157 0.0000 0.0000 0.0000 21.9460 2.8992 -21.1297 -7.4999 -15.7388 50.7407 -3.0729 -2.9381 -34.2812 -0.1344 2.3627 -6.5091 1.0959 -0.1638 21.1700 3.1491 0.4286 0.3992 2.7484 0.2484 -11.4957 -4.2823 -3.8501 -16.6999 7.4950 -4.5373 -2.9580 2.9343 -1.9856 2.2839 -0.0000 -0.0000 0.0000 13.3844 -3.3923 -29.8982 115.7222 -57.3461 82.0776 32.773 -26.0116 22.2567 0.0 0.0 0.0 -7.1250 0.0 0.0 2.3954 4.0461 2.2224 -0.0000 -0.0000 0.0000 -16.6863 -5.3156 26.8997 -114.5759 -57.5901 -81.1111 -19.1197 -15.4812 9.2209 0.0 0.0 0.0 7.1250 0.0 -0.0 6.8261 39.6401 0.9066
9.0658 16.9479 5.2111 -181.7610 -182.2940 191.7620 0.0000 0.0000 0.0000 -12.8530 3.0406 -17.3844 5.2913 13.7045 42.0666 2.4960 -15.7044 -28.9067 0.2178 -3.0047 -8.2917 0.0000 0.0000 0.0000 21.7722 1.3924 -17.8229 -6.6876 -15.0630 47.6825 -2.7233 -2.2682 -32.0795 -0.1785 2.7215 -7.5042 0.8043 -0.1277 20.3789 3.1349 0.3855 0.2720 2.9021 0.2427 -11.1949 -4.3032 -3.9294 -16.4101 7.3670 -4.6889 -2.0615 2.8864 -2.0591 2.5465 0.0000 0.0000 0.0000 13.1446 -1.2156 -31.0641 110.7308 -58.3122 77.8516 32.7927 -27.7234 22.1213 0.0 0.0 0.0 -7.1250 0.0 0.0 2.4299 4.1936 2.2478 0.0000 0.0000 0.0000 -16.2522 -2.6345 27.8944 -109.6709 -58.4862 -76.9489 -18.8069 -15.6587 9.0927 0.0 0.0 0.0 7.1250 0.0 -0.0 7.0765 39.4812 0.9681
9.0683 17.1060 5.5169 -181.6840 -182.2290 190.9090 0.0000 0.0000 0.0000 -12.9582 4.0381 -13.8887 4.5096 12.8093 38.6589 1.9562 -15.7699 -25.8491 0.2058 -2.9206 -8.0579 0.0000 0.0000 0.0000 21.6011 0.2877 -14.6956 -5.9462 -14.3760 44.7653 -2.3529 -1.0314 -29.4154 -0.1460 2.4622 -6.7850 0.7894 -0.1134 19.1371 3.1438 0.3750 0.0402 2.9075 0.2367 -10.7549 -4.3847 -3.9620 -16.0769 7.4211 -4.7815 -0.7233 2.6438 -2.0813 2.6282 -0.0000 0.0000 0.0000 12.948 1.0576 -32.4083 105.1317 -59.1169 73.0656 31.9736 -29.5136 21.528 0.0 0.0 0.0 -7.1250 0.0 0.0 2.0191 5.0534 1.8346 -0.0000 0.0000 0.0000 -15.8213 0.2051 28.7779 -104.2248 -59.2215 -72.2868 -18.6786 -16.1365 8.9364 0.0 0.0 0.0 7.1250 0.0 -0.0 7.1631 39.3081 1.0107
9.0787 17.2910 5.8402 -181.5220 -182.0960 190.3580 0.0000 0.0000 0.0000 -13.1954 4.7611 -10.7689 3.8105 11.9038 35.3927 1.3958 -15.1085 -22.1791 0.2353 -3.1219 -8.6184 0.0000 0.0000 0.0000 21.2712 -0.2238 -11.8600 -5.2877 -13.7006 42.0511 -1.8988 -0.3755 -26.2190 -0.1856 2.7750 -7.6528 0.7680 -0.1121 17.4205 3.1292 0.3331 -0.2639 2.8930 0.2144 -10.1192 -4.6470 -3.9258 -15.5992 7.3340 -4.7627 0.5542 2.6563 -2.0679 2.9456 0.0000 -0.0000 0.0000 12.6793 3.3195 -33.5405 99.0015 -59.6916 67.7875 30.2082 -30.9752 20.9242 0.0 0.0 0.0 -7.1250 0.0 0.0 1.0074 6.117 0.8945 0.0000 -0.0000 0.0000 -15.4323 2.9325 29.5926 -97.9638 -59.759 -66.8912 -18.8561 -16.7257 8.0203 0.0 0.0 0.0 7.1250 0.0 -0.0 6.8760 38.3644 1.13
9.0845 17.5094 6.1703 -181.2610 -181.7670 190.0010 0.0000 0.0000 0.0000 -13.5540 5.3300 -8.0600 3.2053 11.0202 32.3480 0.8519 -13.9342 -17.8977 0.3266 -3.6734 -10.1595 0.0000 0.0000 0.0000 20.8538 -0.0711 -9.3124 -4.6979 -13.0353 39.5006 -1.3956 -0.4271 -22.5005 -0.2938 3.4852 -9.6327 0.5722 -0.0865 15.4858 3.0816 0.2838 -0.5890 2.9410 0.1954 -9.3745 -4.9121 -3.8412 -15.0676 7.2454 -4.6793 1.7879 2.6760 -2.0274 3.2373 0.0000 0.0000 0.0000 12.4319 5.5335 -34.3943 92.2825 -59.9803 61.9766 28.0506 -31.7915 20.5882 0.0 0.0 0.0 -7.1250 0.0 0.0 -0.3077 6.9235 -0.2684 0.0000 0.0000 0.0000 -14.9776 5.3551 30.3507 -90.9271 -59.9968 -60.8029 -18.8955 -17.0807 7.0529 0.0 0.0 0.0 7.1250 0.0 -0.0 6.7113 37.3547 1.2696
9.0886 17.7508 6.4961 -181.2610 -181.4100 189.5320 0.0000 0.0000 0.0000 -13.5899 5.7015 -5.4744 2.7006 10.1939 29.6070 0.3773 -12.1836 -12.9903 0.5042 -4.5520 -12.6350 0.0000 0.0000 0.0000 20.7362 0.4165 -6.8579 -4.1739 -12.3883 37.1199 -0.8642 -0.9447 -17.9307 -0.3488 3.7946 -10.4995 0.6428 -0.0805 13.6986 3.0988 0.2688 -0.8638 2.9017 0.1814 -8.6529 -5.1694 -3.7182 -14.2257 7.1484 -4.5411 2.6747 2.7028 -1.9730 3.3703 -0.0000 -0.0000 0.0000 12.136 7.7045 -35.2023 85.4890 -59.923 56.0944 26.2918 -31.7094 20.184 0.0 0.0 0.0 -7.1250 0.0 0.0 -1.3775 7.69 -1.1811 -0.0000 -0.0000 0.0000 -14.4098 7.6028 30.8872 -83.7334 -59.8511 -54.5757 -18.5283 -16.7517 6.7971 0.0 0.0 0.0 7.1250 0.0 -0.0 6.9875 37.0646 1.3724
9.0937 18.0104 6.8045 -181.3380 -181.1860 188.8220 0.0000 0.0000 0.0000 -13.5209 5.6667 -2.9447 2.3076 9.4793 27.3065 0.0428 -9.5645 -7.4273 0.6368 -5.1056 -14.2101 0.0000 0.0000 0.0000 20.7793 1.0898 -4.3715 -3.7232 -11.7826 34.9673 -0.3767 -2.2945 -12.6626 -0.3066 3.5602 -9.8424 0.8767 -0.1514 12.3332 3.1372 0.1816 -1.0032 2.8106 0.1262 -8.0188 -5.3222 -3.5284 -13.2006 6.8975 -4.3136 3.2198 2.6761 -1.8889 3.3565 -0.0000 0.0000 0.0000 11.6232 9.826 -35.6872 79.2401 -59.558 50.6955 24.8367 -30.118 19.6903 0.0 0.0 0.0 -7.1250 0.0 0.0 -2.2569 8.4724 -1.9013 -0.0000 0.0000 0.0000 -13.79 9.3874 31.219 -76.4586 -59.2957 -48.3005 -18.4599 -15.7903 6.677 0.0 0.0 0.0 7.1250 0.0 -0.0 7.0294 36.935 1.4031
9.0970 18.2829 7.1009 -181.3520 -180.8950 188.1010 0.0000 0.0000 0.0000 -13.6034 5.4006 -0.8615 2.0272 8.9226 25.5535 -0.0777 -6.0153 -1.4651 0.6268 -5.0660 -14.0970 0.0000 0.0000 0.0000 20.8410 2.1041 -2.0774 -3.3573 -11.2522 33.1352 -0.0234 -4.7110 -7.4932 -0.1485 2.4833 -6.8433 1.0792 -0.1898 11.0971 3.1258 0.1234 -1.0650 2.6779 0.0859 -7.3759 -5.4234 -3.3522 -12.3275 6.6296 -4.1100 3.8524 2.6316 -1.8134 3.3923 -0.0000 -0.0000 0.0000 10.9722 11.8736 -35.7445 73.2649 -58.9149 45.5598 23.3014 -26.6222 19.3409 0.0 0.0 0.0 -7.1250 0.0 0.0 -3.2137 9.0912 -2.6699 -0.0000 -0.0000 0.0000 -13.0754 10.8301 31.3197 -69.5712 -58.3628 -42.4054 -18.835 -14.4269 6.7687 0.0 0.0 0.0 7.1250 0.0 -0.0 6.7258 37.0534 1.3223
9.0977 18.5663 7.3985 -181.4480 -180.4640 187.7030 0.0000 0.0000 0.0000 -13.7136 5.0398 0.4980 1.8429 8.5310 24.3388 0.0290 -1.9331 4.5178 0.5827 -4.8878 -13.5889 0.0000 0.0000 0.0000 20.9838 3.2314 -0.5083 -3.0930 -10.8441 31.7559 0.2134 -8.2025 -2.1000 -0.0395 1.2823 -3.5259 1.3170 -0.1686 9.6840 3.1048 0.1397 -1.2049 2.5028 0.0821 -6.7185 -5.4544 -3.2478 -11.8196 6.4014 -4.0097 4.7289 2.5757 -1.7784 3.5660 0.0000 0.0000 0.0000 10.3007 13.843 -35.5729 67.5900 -58.0146 40.7217 21.75 -22.3773 19.3545 0.0 0.0 0.0 -7.1250 0.0 0.0 -4.2183 9.3091 -3.4901 0.0000 0.0000 0.0000 -12.3049 12.2104 31.275 -63.3015 -57.1274 -37.1014 -18.7937 -12.8441 7.2371 0.0 0.0 0.0 7.1250 0.0 -0.0 6.8216 37.5409 1.2594
9.1014 18.8675 7.6912 -181.2780 -180.0670 187.5800 0.0000 0.0000 0.0000 -14.1757 4.4456 1.3693 1.7432 8.3094 23.6577 0.3319 2.8232 10.2756 0.2345 -3.1166 -8.6036 0.0000 0.0000 0.0000 20.7370 4.0105 0.1749 -2.9408 -10.5986 30.9377 0.2502 -11.7458 3.9759 -0.0138 0.7579 -2.0829 1.3544 -0.2101 8.2484 2.9837 0.0387 -1.3768 2.3544 0.0275 -6.0777 -5.3733 -3.1147 -11.3762 6.1098 -3.8641 5.2990 2.4860 -1.7234 3.6508 0.0000 0.0000 0.0000 9.5411 15.6285 -35.0534 62.5890 -56.9613 36.5035 19.7515 -18.3139 20.4281 0.0 0.0 0.0 -7.1250 0.0 0.0 -5.5847 8.4727 -4.724 0.0000 0.0000 0.0000 -11.5485 13.1772 31.2657 -57.3518 -55.5619 -32.1471 -18.6077 -11.2829 7.8587 0.0 0.0 0.0 7.1250 0.0 -0.0 7.0648 38.1783 1.1938
9.1044 19.1756 7.9694 -180.8550 -179.7390 187.3900 0.0000 0.0000 0.0000 -14.8652 3.9600 1.9893 1.7330 8.2863 23.5871 0.6957 8.0598 15.0630 0.0067 -0.5289 -1.4533 0.0000 0.0000 0.0000 20.1830 4.4720 0.4294 -2.9065 -10.5421 30.7506 0.1422 -14.9423 8.8244 -0.0001 -0.0603 0.1657 1.1377 -0.2820 7.0258 2.8227 -0.1249 -1.4106 2.3145 -0.0504 -5.4112 -5.3310 -3.0038 -11.0877 5.8080 -3.7259 5.7157 2.3977 -1.6719 3.7155 0.0000 -0.0000 0.0000 8.6031 17.0589 -34.302 57.9718 -55.7448 32.659 20.779 -15.1436 20.3128 0.0 0.0 0.0 -7.1250 0.0 0.0 -4.9176 8.4451 -4.1578 0.0000 -0.0000 0.0000 -10.8068 13.7484 31.0546 -52.0250 -53.7803 -27.7997 -18.2562 -9.7724 8.7532 0.0 0.0 0.0 7.1250 0.0 -0.0 7.4978 39.0849 1.1
9.0981 19.4700 8.2287 -180.6750 -179.5630 187.0580 0.0000 0.0000 0.0000 -15.0975 3.9426 2.1565 1.8233 8.4878 24.2058 1.2906 11.2987 20.6381 0.0449 1.3669 3.7589 0.0000 0.0000 0.0000 19.9719 4.6929 0.4498 -2.9942 -10.6857 31.2270 -0.0165 -17.3926 12.3837 -0.0242 -1.0034 2.7583 0.9952 -0.3469 6.1590 2.8153 -0.2506 -1.3649 2.3895 -0.1102 -4.8663 -5.3480 -2.9496 -10.8673 5.4910 -3.6434 5.9931 2.3101 -1.6500 3.7532 -0.0000 -0.0000 0.0000 7.5553 18.2692 -33.5706 53.5760 -54.3397 29.0555 21.6319 -12.738 20.4032 0.0 0.0 0.0 -7.1250 0.0 0.0 -4.3784 8.2235 -3.7182 -0.0000 -0.0000 0.0000 -10.1069 14.3151 30.4729 -47.3847 -51.8847 -24.1007 -17.3531 -8.5027 9.5468 0.0 0.0 0.0 7.1250 0.0 -0.0 8.4054 39.8362 1.0786
9.0858 19.7479 8.4680 -180.6490 -179.4770 186.7380 0.0000 0.0000 0.0000 -15.0006 4.3196 1.6994 2.0328 8.9341 25.5895 1.9470 11.1956 25.1290 0.0437 1.3487 3.7087 0.0000 0.0000 0.0000 19.9425 4.6677 0.1165 -3.2046 -11.0191 32.3443 -0.1476 -18.2246 14.1216 -0.1800 -2.7328 7.5357 0.8837 -0.4040 5.5161 2.9119 -0.3494 -1.3412 2.5537 -0.1563 -4.4726 -5.4504 -2.8589 -10.4071 5.2147 -3.5032 5.9433 2.2561 -1.6040 3.6518 0.0000 -0.0000 0.0000 6.447 19.3575 -32.6865 49.5920 -52.8296 25.8487 21.7436 -11.0414 20.4124 0.0 0.0 0.0 -7.1250 0.0 0.0 -4.3076 8.1969 -3.6601 0.0000 -0.0000 0.0000 -9.5232 14.7838 29.8034 -42.9793 -49.7392 -20.6849 -17.0414 -7.725 9.8308 0.0 0.0 0.0 7.1250 0.0 -0.0 8.7248 40.1032 1.0625
9.0681 20.0145 8.6826 -180.7310 -179.3100 186.4540 0.0000 0.0000 0.0000 -14.7624 4.8367 0.8253 2.3724 9.6021 27.6976 2.4209 9.1663 27.9912 0.0175 0.8547 2.3491 0.0000 0.0000 0.0000 20.0816 4.7427 -0.5171 -3.5460 -11.5304 34.0904 -0.1578 -17.8375 13.9627 -0.2770 -3.3852 9.3530 0.7278 -0.4658 5.1821 3.0746 -0.4452 -1.3375 2.8147 -0.1985 -4.2738 -5.6118 -2.7374 -10.1478 5.0401 -3.3201 6.0771 2.2428 -1.5295 3.6398 0.0000 0.0000 0.0000 5.2195 20.2109 -31.449 45.9526 -51.2267 22.979 22.05 -10.2916 20.3465 0.0 0.0 0.0 -7.1250 0.0 0.0 -4.1059 8.2194 -3.4859 0.0000 0.0000 0.0000 -9.0498 14.9532 29.2779 -38.7811 -47.3309 -17.5377 -17.3504 -7.1457 10.6041 0.0 0.0 0.0 7.1250 0.0 -0.0 8.5980 40.9265 0.871
9.0482 20.2684 8.8740 -180.9430 -179.1470 186.0510 0.0000 0.0000 0.0000 -14.3694 5.2062 -0.0744 2.8352 10.4234 30.3589 2.6321 6.4512 29.4095 0.0010 0.1999 0.5491 0.0000 0.0000 0.0000 20.4071 4.7382 -1.3568 -4.0067 -12.1693 36.3337 -0.2067 -16.2794 13.4434 -0.1890 -2.7999 7.7221 0.6044 -0.5161 5.3719 3.2748 -0.5070 -1.3647 3.1022 -0.2224 -4.4048 -5.6613 -2.6474 -10.0624 4.8639 -3.1918 6.4194 2.2051 -1.4773 3.7207 0.0000 0.0000 0.0000 3.9545 20.9338 -30.0795 42.6311 -49.5537 20.4196 22.7011 -10.399 20.0927 0.0 0.0 0.0 -7.1250 0.0 0.0 -3.6665 8.3866 -3.099 0.0000 0.0000 0.0000 -8.4754 15.1272 28.4266 -35.0304 -44.8338 -14.8348 -17.5951 -6.7287 11.1963 0.0 0.0 0.0 7.1250 0.0 -0.0 8.4959 41.5596 0.7268
9.0362 20.4991 9.0524 -180.8080 -178.9910 185.3180 0.0000 0.0000 0.0000 -14.3464 5.6285 -0.7421 3.4010 11.3176 33.3585 2.6572 4.0553 29.9046 0.0017 0.2627 0.7217 0.0000 0.0000 0.0000 20.2971 4.4071 -2.1276 -4.5444 -12.8516 38.8156 -0.3656 -14.4642 13.9329 -0.1624 -2.5960 7.1560 0.2053 -0.5363 6.0513 3.3577 -0.5457 -1.3069 3.4293 -0.2272 -4.7236 -5.7273 -2.5533 -9.8449 4.7845 -3.0642 6.5286 2.2015 -1.4228 3.7113 -0.0000 0.0000 0.0000 2.7309 21.5824 -28.7072 39.7672 -47.9314 18.2662 23.1824 -10.9986 19.3543 0.0 0.0 0.0 -7.1250 0.0 0.0 -3.2918 9.0952 -2.7347 -0.0000 0.0000 0.0000 -7.8337 15.3412 27.1443 -31.6425 -42.2603 -12.4997 -17.9992 -6.7964 10.3676 0.0 0.0 0.0 7.1250 0.0 -0.0 7.9887 40.7396 0.8454
9.0297 20.7094 9.2270 -180.6620 -178.7600 184.3290 0.0000 0.0000 0.0000 -14.3490 6.2743 -1.2622 4.0278 12.1973 36.4334 2.6428 1.5288 30.3826 0.0010 0.2005 0.5510 0.0000 0.0000 0.0000 20.2091 4.1449 -2.6526 -5.1073 -13.5036 41.2842 -0.5179 -13.1797 14.7750 -0.1089 -2.1282 5.8602 -0.0798 -0.5141 6.9964 3.3738 -0.5267 -1.0715 3.6195 -0.2082 -5.0121 -5.7351 -2.4806 -9.6269 4.7407 -2.9682 6.3424 2.1977 -1.3803 3.6135 0.0000 -0.0000 0.0000 1.6734 22.0315 -27.3623 37.2875 -46.3782 16.4479 23.6083 -12.1534 18.3512 0.0 0.0 0.0 -7.1250 0.0 0.0 -2.9290 10.0997 -2.3731 0.0000 -0.0000 0.0000 -7.1411 15.3067 25.5008 -28.5069 -39.5787 -10.4451 -17.5589 -6.7449 9.9151 0.0 0.0 0.0 7.1250 0.0 -0.0 8.2916 40.2335 0.9821
9.0282 20.9137 9.4109 -180.7450 -178.5430 183.3280 0.0000 0.0000 0.0000 -14.1167 6.8339 -1.7231 4.6882 13.0239 39.4579 2.6387 -0.7121 31.0297 0.0021 -0.2955 -0.8120 0.0000 0.0000 0.0000 20.3272 3.8491 -3.0753 -5.6390 -14.0691 43.5151 -0.6286 -12.6248 15.5760 -0.0473 -1.4030 3.8583 0.0417 -0.4780 7.8118 3.3891 -0.4617 -0.6893 3.5680 -0.1816 -5.0787 -5.6558 -2.4842 -9.6273 4.4168 -2.9464 5.8830 2.3226 -1.3969 3.8596 0.0000 -0.0000 0.0000 0.7076 22.2056 -25.9503 35.0116 -44.8204 14.8215 24.0778 -13.6964 17.8081 0.0 0.0 0.0 -7.1250 0.0 0.0 -2.5757 10.6115 -2.0595 0.0000 -0.0000 0.0000 -6.386 15.0527 23.454 -25.7435 -36.9543 -8.733 -16.2844 -6.5516 10.2525 0.0 0.0 0.0 7.1250 0.0 -0.0 9.4588 40.472 1.0669
9.0331 21.1087 9.6050 -180.7490 -178.3830 182.2500 0.0000 0.0000 0.0000 -13.9897 7.2272 -1.9201 5.3646 13.7830 42.3750 2.6572 -2.0815 31.6269 0.0129 -0.7322 -2.0121 0.0000 0.0000 0.0000 20.2565 3.3312 -3.3137 -6.1093 -14.5334 45.4189 -0.6919 -13.0730 16.2874 -0.0595 -1.5741 4.3300 0.1678 -0.4771 8.6318 3.4132 -0.4416 -0.2864 3.5277 -0.1773 -5.1220 -5.7053 -2.4844 -9.7034 4.2633 -2.9234 5.9013 2.2802 -1.3929 3.8768 -0.0000 -0.0000 0.0000 -0.4019 22.3667 -24.3643 32.9457 -43.2883 13.3848 25.0288 -15.2582 17.3938 0.0 0.0 0.0 -7.1250 0.0 0.0 -1.9149 10.9164 -1.5185 -0.0000 -0.0000 0.0000 -5.772 14.8599 21.2464 -23.2247 -34.3336 -7.2646 -15.788 -6.5006 9.7958 0.0 0.0 0.0 7.1250 0.0 -0.0 9.8007 39.9639 1.2303
9.0324 21.2894 9.7950 -181.1520 -178.1920 181.1720 0.0000 0.0000 0.0000 -13.3291 7.6599 -2.1310 6.0376 14.4646 45.1323 2.7415 -2.8764 32.4215 0.0295 -1.1095 -3.0501 0.0000 0.0000 0.0000 20.7133 2.9322 -3.4433 -6.5132 -14.9079 47.0083 -0.6599 -14.6416 16.5965 -0.1228 -2.2594 6.2230 0.5858 -0.4417 9.5669 3.5601 -0.3310 0.0790 3.4419 -0.1328 -5.2742 -5.8194 -2.5295 -9.6887 4.2051 -2.9654 5.9379 2.2789 -1.4195 3.8909 0.0000 -0.0000 0.0000 -1.3583 22.6225 -22.9611 31.1834 -41.8864 12.1921 26.0629 -16.3442 16.336 0.0 0.0 0.0 -7.1250 0.0 0.0 -1.1363 11.9119 -0.8775 0.0000 -0.0000 0.0000 -5.1322 14.5609 18.4679 -20.7473 -31.5321 -5.9172 -16.063 -5.4437 9.0416 0.0 0.0 0.0 7.1250 0.0 -0.0 9.4255 39.2152 1.3576
9.0266 21.4611 9.9803 -181.7350 -177.9490 180.3310 0.0000 0.0000 0.0000 -12.3937 8.1299 -2.6799 6.6908 15.0659 47.6949 2.8818 -3.4422 33.4391 0.0525 -1.4783 -4.0660 0.0000 0.0000 0.0000 21.4177 2.7146 -3.7780 -6.8711 -15.2224 48.3852 -0.5752 -16.4625 16.6921 -0.1860 -2.7780 7.6613 1.0938 -0.3981 10.2914 3.6969 -0.2006 0.4921 3.2854 -0.0820 -5.2563 -5.5470 -2.5332 -9.8308 3.9911 -2.9793 5.8707 2.1523 -1.4274 3.8822 -0.0000 -0.0000 0.0000 -2.0316 22.5908 -21.5414 29.5395 -40.4954 11.1094 26.7162 -17.0649 15.4841 0.0 0.0 0.0 -7.1250 0.0 0.0 -0.6237 12.75 -0.4707 -0.0000 -0.0000 0.0000 -4.4264 14.0011 15.4782 -18.5343 -28.836 -4.8042 -16.668 -3.2648 8.9659 0.0 0.0 0.0 7.1250 0.0 -0.0 8.8943 39.1838 1.2865
9.0280 21.6266 10.1787 -182.0900 -177.6070 179.6320 0.0000 0.0000 0.0000 -11.7646 8.6283 -3.2328 7.2964 15.5765 49.9868 3.0559 -3.1615 34.2774 0.0534 -1.4908 -4.1004 0.0000 0.0000 0.0000 21.7944 2.5409 -4.1595 -7.1953 -15.4942 49.6092 -0.4684 -18.0507 16.6367 -0.2741 -3.3678 9.3044 1.4809 -0.3720 10.7809 3.7286 -0.1160 0.8769 3.0887 -0.0514 -5.1310 -5.1610 -2.4353 -9.9621 3.7075 -2.8680 5.8022 1.9897 -1.3741 3.8594 -0.0000 0.0000 0.0000 -2.6887 22.4851 -19.9801 27.8695 -38.9959 10.0415 27.4839 -18.5831 15.7679 0.0 0.0 0.0 -7.1250 0.0 0.0 -0.1378 12.324 -0.1052 -0.0000 0.0000 0.0000 -3.8681 13.7487 12.8862 -16.7630 -26.5442 -3.9808 -16.5686 -1.3337 9.0015 0.0 0.0 0.0 7.1250 0.0 -0.0 8.9856 39.2129 1.2935
9.0299 21.7849 10.3867 -182.3800 -177.1910 179.1010 0.0000 0.0000 0.0000 -11.2103 9.1991 -3.8729 7.8422 16.0020 51.9923 3.2249 -2.3279 34.8625 0.0421 -1.3239 -3.6404 0.0000 0.0000 0.0000 22.0833 2.4852 -4.6412 -7.4845 -15.7267 50.6837 -0.2638 -19.6671 15.9684 -0.4177 -4.1486 11.4951 1.8462 -0.3214 11.1178 3.7733 0.0010 1.1197 2.9126 -0.0022 -5.0691 -5.2252 -2.3707 -9.9556 3.8307 -2.7839 5.8128 2.0498 -1.3286 3.8625 -0.0000 0.0000 0.0000 -3.4024 22.6656 -18.5846 26.4167 -37.6172 9.1408 28.2107 -20.8032 16.2598 0.0 0.0 0.0 -7.1250 0.0 0.0 0.2951 11.6667 0.2293 -0.0000 0.0000 0.0000 -3.5216 13.7061 10.3953 -15.1814 -24.3981 -3.3005 -15.6014 0.0716 8.9514 0.0 0.0 0.0 7.1250 0.0 -0.0 9.8040 39.0879 1.4444
9.0237 21.9338 10.5876 -182.4630 -176.9060 178.8010 0.0000 0.0000 0.0000 -10.8804 9.6066 -4.7384 8.3185 16.3486 53.7018 3.3451 -2.0635 35.3972 0.0449 -1.3675 -3.7605 0.0000 0.0000 0.0000 22.1552 2.3887 -5.4988 -7.7437 -15.9274 51.6341 -0.1364 -20.6939 15.6399 -0.4197 -4.1583 11.5226 1.8672 -0.3022 11.3425 3.7989 0.0340 1.2516 2.9240 0.0133 -5.0570 -5.2365 -2.3134 -9.9402 3.9185 -2.7130 5.7768 2.0867 -1.2898 3.8456 -0.0000 0.0000 0.0000 -4.0197 22.8008 -17.1349 25.0504 -36.2555 8.3197 29.1257 -21.9808 15.5742 0.0 0.0 0.0 -7.1250 0.0 0.0 0.9750 12.2857 0.7453 -0.0000 0.0000 0.0000 -3.2812 13.4544 7.8365 -13.5916 -22.1478 -2.6722 -15.165 1.4302 8.9134 0.0 0.0 0.0 7.1250 0.0 -0.0 10.1694 39.0164 1.5176
9.0156 22.0645 10.7782 -182.4440 -176.7300 178.5990 0.0000 0.0000 0.0000 -10.7094 9.8312 -5.6692 8.7285 16.6298 55.1465 3.4167 -2.1439 35.7965 0.0497 -1.4392 -3.9582 0.0000 0.0000 0.0000 22.0859 2.1858 -6.4936 -7.9681 -16.0958 52.4478 -0.0100 -21.5148 15.2319 -0.4698 -4.3961 12.1938 1.7602 -0.2833 11.5250 3.7930 0.0495 1.3297 2.9773 0.0228 -5.0771 -4.9780 -2.2768 -9.8235 3.6093 -2.6774 5.7217 1.9346 -1.2806 3.7863 -0.0000 -0.0000 0.0000 -4.4401 22.6679 -15.5502 23.5215 -34.6541 7.4327 30.2015 -21.9401 14.4583 0.0 0.0 0.0 -7.1250 0.0 0.0 1.8149 13.3742 1.3466 -0.0000 -0.0000 0.0000 -2.984 13.1973 4.873 -12.1443 -20.0207 -2.1514 -15.0925 2.9787 8.8344 0.0 0.0 0.0 7.1250 0.0 -0.0 10.2165 38.9305 1.5466
9.0069 22.1815 10.9624 -182.3890 -176.6060 178.6060 0.0000 0.0000 0.0000 -10.6268 9.9789 -6.8569 9.0762 16.8565 56.3534 3.4189 -2.1645 35.8154 0.0607 -1.5900 -4.3740 0.0000 0.0000 0.0000 21.9810 2.1426 -7.6353 -8.1552 -16.2323 53.1199 0.0649 -21.7828 14.8485 -0.4937 -4.5048 12.5013 1.6865 -0.2229 11.5836 3.7678 0.1221 1.3115 2.9821 0.0600 -5.1317 -4.8392 -2.3140 -9.8310 3.3256 -2.7242 5.8560 1.8097 -1.3138 3.8268 -0.0000 0.0000 0.0000 -4.7788 22.55 -14.092 22.1071 -33.0979 6.6442 30.7239 -21.9275 14.1913 0.0 0.0 0.0 -7.1250 0.0 0.0 2.1953 13.5965 1.6189 -0.0000 0.0000 0.0000 -2.6782 13.1288 1.6746 -10.9707 -18.2433 -1.7667 -15.0517 4.4999 8.9204 0.0 0.0 0.0 7.1250 0.0 -0.0 10.2672 39.0149 1.5329
8.9959 22.2872 11.1448 -182.2430 -176.5420 178.8090 0.0000 0.0000 0.0000 -10.6890 9.9272 -8.1312 9.3387 17.0208 57.2544 3.4260 -1.4363 35.5998 0.0208 -0.9321 -2.5620 0.0000 0.0000 0.0000 21.8072 2.2135 -8.9907 -8.2997 -16.3353 53.6353 0.0033 -21.4412 15.0778 -0.3885 -4.0025 11.0837 1.5092 -0.1933 11.5385 3.7296 0.1409 1.1752 3.0405 0.0734 -5.2511 -4.7819 -2.3084 -9.8825 3.2111 -2.7157 6.0616 1.7617 -1.3140 3.9052 -0.0000 0.0000 0.0000 -5.228 22.7097 -12.611 21.0021 -31.8308 6.051 30.8161 -22.0536 14.2729 0.0 0.0 0.0 -7.1250 0.0 0.0 2.2480 13.489 1.663 -0.0000 0.0000 0.0000 -2.51 13.3206 -0.9506 -10.0503 -16.8183 -1.4895 -15.2168 5.4197 8.9979 0.0 0.0 0.0 7.1250 0.0 -0.0 10.1408 39.1061 1.4906
8.9885 22.3731 11.3321 -182.2730 -176.3240 178.9610 0.0000 0.0000 0.0000 -10.5524 9.9217 -9.1291 9.5010 17.1195 57.8072 3.1157 -0.9688 33.8035 0.1324 -2.3452 -6.4608 0.0000 0.0000 0.0000 21.8080 2.3555 -10.1758 -8.3868 -16.3965 53.9441 0.2445 -22.3543 13.8806 -0.6597 -5.1946 14.4646 1.4974 -0.1525 11.4833 3.7787 0.1986 1.0688 3.0908 0.1032 -5.3352 -4.8809 -2.2487 -9.7209 3.2062 -2.6302 6.0965 1.7845 -1.2760 3.8838 0.0000 -0.0000 0.0000 -5.793 22.9576 -10.949 20.0906 -30.7514 5.5776 30.5513 -21.6024 13.9146 0.0 0.0 0.0 -7.1250 0.0 0.0 2.1097 13.938 1.5405 0.0000 -0.0000 0.0000 -2.4574 13.6598 -3.3005 -9.3568 -15.7272 -1.2951 -15.3933 6.0883 8.9905 0.0 0.0 0.0 7.1250 0.0 -0.0 9.9887 39.112 1.4662
8.9872 22.4491 11.5281 -182.2790 -176.0210 178.9970 0.0000 0.0000 0.0000 -10.4728 10.0752 -9.8746 9.5529 17.1506 57.9831 2.9271 -0.6016 32.6451 0.1948 -2.8422 -7.8397 0.0000 0.0000 0.0000 21.7178 2.5191 -11.1083 -8.4115 -16.4137 54.0316 0.5508 -23.2956 12.2058 -1.0846 -6.6192 18.5919 1.5106 -0.0809 11.4525 3.8092 0.2964 1.0509 3.1000 0.1514 -5.3412 -5.0916 -2.2313 -9.4685 3.2866 -2.5955 5.9289 1.8524 -1.2615 3.7799 0.0000 0.0000 0.0000 -6.1866 23.1197 -9.5394 19.2182 -29.6888 5.1384 30.0009 -21.1012 13.5974 0.0 0.0 0.0 -7.1250 0.0 0.0 1.7714 14.3801 1.2766 0.0000 0.0000 0.0000 -2.318 14.0768 -5.7224 -8.9370 -15.06 -1.1837 -15.4789 6.9575 9.3408 0.0 0.0 0.0 7.1250 0.0 -0.0 9.9804 39.4753 1.3747
8.9844 22.5180 11.7179 -182.0140 -176.0810 178.8950 0.0000 0.0000 0.0000 -10.7339 9.9292 -10.4228 9.5102 17.1251 57.8384 2.7818 -0.4808 31.7838 0.1770 -2.7097 -7.4717 0.0000 0.0000 0.0000 21.3434 2.2949 -12.1193 -8.3736 -16.3873 53.8974 0.1673 -21.9331 14.1595 -0.5054 -4.5575 12.6505 1.2780 -0.1390 11.7407 3.6930 0.1953 1.0114 3.1293 0.1065 -5.5395 -4.9744 -2.1981 -9.3104 3.2424 -2.5677 5.7627 1.8167 -1.2470 3.6847 -0.0000 0.0000 0.0000 -6.3262 23.2122 -8.3186 18.3434 -28.5947 4.7125 29.5729 -20.8827 13.6586 0.0 0.0 0.0 -7.1250 0.0 0.0 1.4751 14.3727 1.0631 -0.0000 0.0000 0.0000 -2.0238 14.6947 -7.227 -8.8203 -14.8736 -1.1536 -15.5941 7.1775 9.994 0.0 0.0 0.0 7.1250 0.0 -0.0 10.0060 40.1498 1.2103
8.9759 22.5641 11.8883 -181.9210 -176.3320 178.8210 0.0000 0.0000 0.0000 -10.7782 9.5741 -11.0593 9.4102 17.0645 57.4981 2.6622 -0.5004 31.0970 0.1110 -2.1484 -5.9160 0.0000 0.0000 0.0000 21.2398 2.0129 -13.2125 -8.2843 -16.3245 53.5805 -0.2874 -20.0606 16.3883 -0.1012 -2.0517 5.6485 1.1394 -0.2864 12.2773 3.6346 -0.0006 0.9391 3.1879 0.0150 -5.9066 -4.6545 -2.0951 -9.3662 3.0322 -2.4497 5.6819 1.6936 -1.1892 3.6492 0.0000 0.0000 0.0000 -6.4625 23.1663 -7.0169 17.4613 -27.4619 4.2979 29.4682 -20.4527 13.5378 0.0 0.0 0.0 -7.1250 0.0 0.0 1.4162 14.5241 1.0161 0.0000 0.0000 0.0000 -1.8243 15.2991 -7.905 -8.7848 -14.8167 -1.1445 -15.5861 6.7493 10.4083 0.0 0.0 0.0 7.1250 0.0 -0.0 10.0947 40.571 1.1153
8.9632 22.5802 12.0473 -182.0520 -176.4660 178.7840 0.0000 0.0000 0.0000 -10.5226 9.3279 -11.7917 9.2562 16.9698 56.9721 2.5279 -1.0437 30.4862 0.1190 -2.2238 -6.1247 0.0000 0.0000 0.0000 21.4071 2.1386 -13.9327 -8.1548 -16.2319 53.1184 -0.0825 -20.5502 15.1251 -0.2666 -3.3215 9.1751 1.1383 -0.3346 12.7871 3.7181 -0.0390 0.8665 3.2942 -0.0003 -6.2669 -4.6653 -2.0237 -9.3805 2.9667 -2.3465 5.6544 1.6797 -1.1410 3.6364 0.0000 -0.0000 0.0000 -6.6912 23.2531 -5.8801 16.7413 -26.5155 3.9712 29.3026 -19.5871 13.0188 0.0 0.0 0.0 -7.1250 0.0 0.0 1.3541 15.133 0.9539 0.0000 -0.0000 0.0000 -1.757 15.9238 -8.633 -8.7759 -14.8026 -1.1422 -15.3595 6.3622 10.5153 0.0 0.0 0.0 7.1250 0.0 -0.0 10.3128 40.66 1.1171
8.9538 22.5779 12.2139 -182.1110 -176.5340 178.5500 0.0000 0.0000 0.0000 -10.3496 9.1182 -12.1635 9.0295 16.8266 56.1919 2.3600 -1.5600 29.6509 0.1493 -2.4895 -6.8606 0.0000 0.0000 0.0000 21.4492 2.2087 -14.2815 -7.9690 -16.0964 52.4509 0.1456 -20.9837 13.5995 -0.5417 -4.7155 13.0989 1.1613 -0.2983 13.2337 3.7559 0.0283 0.9284 3.3161 0.0333 -6.4542 -4.8431 -2.0929 -9.3409 3.0304 -2.4222 5.5777 1.7286 -1.1798 3.6106 0.0000 -0.0000 0.0000 -6.7555 23.3745 -5.227 16.1853 -25.7713 3.7262 29.0965 -18.6458 12.4817 0.0 0.0 0.0 -7.1250 0.0 0.0 1.2635 15.7665 0.8728 0.0000 -0.0000 0.0000 -1.5374 16.5308 -9.5695 -8.8801 -14.9692 -1.169 -15.291 6.0896 10.2098 0.0 0.0 0.0 7.1250 0.0 -0.0 10.3104 40.3438 1.1981
8.9512 22.5767 12.3908 -182.1270 -176.4830 178.2630 0.0000 0.0000 0.0000 -10.2936 8.9018 -12.2740 8.7157 16.6213 55.1017 2.1899 -1.4697 28.5469 0.1409 -2.4192 -6.6657 0.0000 0.0000 0.0000 21.4212 2.1058 -14.7115 -7.7244 -15.9128 51.5638 -0.1541 -19.5081 15.0025 -0.2625 -3.2962 9.1044 1.2854 -0.2306 13.5310 3.7078 0.1348 1.1546 3.1750 0.0796 -6.3840 -4.9384 -2.2378 -9.3205 3.1221 -2.6074 5.2387 1.7636 -1.2677 3.5007 0.0000 -0.0000 0.0000 -6.4672 23.1966 -5.3384 15.5775 -24.9444 3.4658 29.0787 -18.2987 12.122 0.0 0.0 0.0 -7.1250 0.0 0.0 1.2839 16.1746 0.8756 0.0000 -0.0000 0.0000 -1.2065 16.9837 -9.783 -9.1049 -15.3275 -1.2277 -15.503 5.3558 10.3001 0.0 0.0 0.0 7.1250 0.0 -0.0 10.1451 40.4537 1.1507
8.9476 22.5615 12.5578 -182.3010 -176.4670 178.0790 0.0000 0.0000 0.0000 -10.0871 8.5502 -12.3981 8.3331 16.3589 53.7540 2.0326 -1.2484 27.4377 0.1378 -2.3923 -6.5913 0.0000 0.0000 0.0000 21.6110 2.0130 -15.2953 -7.4279 -15.6819 50.4747 -0.3616 -18.4832 16.0368 -0.1066 -2.1048 5.7954 1.5091 -0.2344 13.9028 3.6987 0.1682 1.3652 3.0338 0.0887 -6.3675 -5.0007 -2.2814 -9.4840 3.2997 -2.6595 4.9925 1.8303 -1.2848 3.4550 0.0000 -0.0000 0.0000 -6.1811 23.0423 -5.6107 15.1440 -24.3463 3.2851 28.9531 -18.0996 11.9268 0.0 0.0 0.0 -7.1250 0.0 0.0 1.2144 16.4106 0.822 0.0000 -0.0000 0.0000 -0.9499 17.3013 -9.5245 -9.3328 -15.6892 -1.2886 -15.8 4.8995 11.1157 0.0 0.0 0.0 7.1250 0.0 -0.0 10.0529 41.3102 0.9254
8.9398 22.5117 12.7145 -182.3550 -176.5220 177.9320 0.0000 0.0000 0.0000 -10.0000 8.0919 -12.5586 7.9097 16.0524 52.2367 1.8699 -1.3950 26.3882 0.1296 -2.3207 -6.3927 0.0000 0.0000 0.0000 21.6905 2.0592 -15.7333 -7.0960 -15.4122 49.2363 -0.2879 -18.5606 15.4935 -0.1250 -2.2790 6.2775 1.4266 -0.3233 14.3951 3.6958 0.0488 1.5394 3.1058 0.0319 -6.4501 -4.9583 -2.1917 -10.0330 3.4428 -2.5311 5.0829 1.8791 -1.2102 3.5904 -0.0000 0.0000 0.0000 -6.153 22.9262 -5.1567 14.8723 -23.9679 3.1739 28.8467 -17.4495 12.1709 0.0 0.0 0.0 -7.1250 0.0 0.0 1.1195 16.1488 0.7641 -0.0000 0.0000 0.0000 -0.8434 17.4313 -9.7552 -9.4091 -15.81 -1.3093 -15.5021 5.1677 11.2094 0.0 0.0 0.0 7.1250 0.0 -0.0 10.3329 41.378 0.9342
8.9302 22.4513 12.8772 -182.0670 -176.5870 177.7660 0.0000 0.0000 0.0000 -10.3076 7.5534 -12.6770 7.4469 15.6970 50.5451 1.7172 -1.1438 25.2121 0.0699 -1.7052 -4.6915 0.0000 0.0000 0.0000 21.3718 2.1632 -16.0263 -6.7432 -15.1118 47.8962 -0.2038 -18.3775 14.6936 -0.1682 -2.6420 7.2837 1.0112 -0.3364 14.8324 3.6336 -0.0291 1.6675 3.2968 0.0038 -6.5518 -5.0038 -2.1483 -10.2494 3.5489 -2.4627 4.9680 1.9272 -1.1704 3.5928 0.0000 0.0000 0.0000 -6.1447 22.8869 -4.633 14.5809 -23.5591 3.0565 28.7824 -16.7749 12.8909 0.0 0.0 0.0 -7.1250 0.0 0.0 1.0106 15.3468 0.7072 0.0000 0.0000 0.0000 -0.8506 17.8383 -9.3985 -9.6180 -16.1398 -1.3668 -14.4283 4.2756 10.7595 0.0 0.0 0.0 7.1250 0.0 -0.0 11.1712 40.8257 1.1664
8.9234 22.3893 13.0503 -181.9680 -176.6560 177.5300 0.0000 0.0000 0.0000 -10.3924 7.0348 -12.5721 6.9506 15.2901 48.6871 1.5659 -0.5751 23.8823 0.0191 -0.8912 -2.4496 0.0000 0.0000 0.0000 21.2421 2.1249 -16.2486 -6.3663 -14.7742 46.4347 -0.1968 -18.0304 14.4196 -0.2026 -2.8983 7.9956 0.9484 -0.2952 15.2746 3.5822 0.0202 1.8120 3.2728 0.0286 -6.6441 -5.0493 -2.2119 -10.1042 3.5456 -2.5410 4.5495 1.9265 -1.2093 3.4227 -0.0000 -0.0000 0.0000 -5.942 22.9779 -4.7982 14.3950 -23.2966 2.9826 28.6025 -16.3868 13.326 0.0 0.0 0.0 -7.1250 0.0 0.0 0.8477 14.8823 0.6016 -0.0000 -0.0000 0.0000 -0.7453 18.4074 -8.5733 -10.0430 -16.8069 -1.4874 -13.4094 2.5173 10.8421 0.0 0.0 0.0 7.1250 0.0 -0.0 12.0713 40.819 1.2654
8.9209 22.3097 13.2251 -182.1450 -176.5930 177.2900 0.0000 0.0000 0.0000 -10.1709 6.7662 -12.3441 6.4282 14.8308 46.6769 1.3750 -0.8157 22.4769 0.0292 -1.1034 -3.0335 0.0000 0.0000 0.0000 21.3972 2.1102 -16.3889 -5.9724 -14.4016 44.8709 -0.2212 -17.5715 14.3482 -0.2620 -3.2932 9.0961 1.2333 -0.2374 15.7140 3.5493 0.1490 2.0128 3.0520 0.0825 -6.6771 -4.9632 -2.2854 -10.2044 3.4795 -2.6365 4.2888 1.8803 -1.2556 3.3521 -0.0000 -0.0000 0.0000 -5.5869 22.986 -5.2441 14.3609 -23.2483 2.9691 28.2571 -16.0504 13.2533 0.0 0.0 0.0 -7.1250 0.0 0.0 0.6186 15.01 0.4373 -0.0000 -0.0000 0.0000 -0.5338 18.7665 -8.1783 -10.4519 -17.4433 -1.6078 -13.0528 1.1383 11.0026 0.0 0.0 0.0 7.1250 0.0 -0.0 12.4162 40.9479 1.2627
8.9215 22.2119 13.3945 -182.2600 -176.5560 177.2090 0.0000 0.0000 0.0000 -10.0707 6.3865 -12.2509 5.8884 14.3193 44.5323 1.1856 -1.2401 21.0572 0.0915 -1.9513 -5.3710 0.0000 0.0000 0.0000 21.4890 2.1008 -16.7368 -5.5693 -13.9976 43.2277 -0.4268 -15.9903 15.2399 -0.1161 -2.1969 6.0500 1.4477 -0.2041 16.1613 3.5192 0.2417 2.0653 2.8838 0.1221 -6.8702 -4.9463 -2.3310 -10.3610 3.5026 -2.6941 4.2949 1.8812 -1.2816 3.3876 0.0000 0.0000 0.0000 -5.3545 23.1733 -5.4621 14.4701 -23.4028 3.0123 27.8827 -15.7658 13.5908 0.0 0.0 0.0 -7.1250 0.0 0.0 0.3333 14.6833 0.2379 0.0000 0.0000 0.0000 -0.47 19.2095 -7.7947 -10.7887 -17.9636 -1.7102 -13.2633 -0.0563 10.5909 0.0 0.0 0.0 7.1250 0.0 -0.0 12.1412 40.5548 1.3534
8.9214 22.1084 13.5651 -182.0210 -176.6330 177.3230 0.0000 0.0000 0.0000 -10.3975 5.7496 -12.3687 5.3437 13.7607 42.2870 1.0402 -1.0073 19.6611 0.1211 -2.2432 -6.1782 0.0000 0.0000 0.0000 21.1793 2.0825 -17.3397 -5.1664 -13.5688 41.5368 -0.5950 -14.2305 15.8847 -0.0159 -0.8151 2.2403 1.2231 -0.2371 16.4739 3.4064 0.1616 2.0529 2.9131 0.0884 -7.0522 -4.8817 -2.3315 -10.6578 3.5318 -2.6925 4.3360 1.8791 -1.2760 3.4587 -0.0000 0.0000 0.0000 -5.2796 23.3902 -5.371 14.6608 -23.6715 3.0885 27.6687 -15.428 13.8746 0.0 0.0 0.0 -7.1250 0.0 0.0 0.1625 14.3962 0.117 -0.0000 0.0000 0.0000 -0.5393 19.4984 -7.3368 -10.9823 -18.2611 -1.7704 -13.5127 -0.7447 10.2507 0.0 0.0 0.0 7.1250 0.0 -0.0 11.8518 40.2352 1.415
8.9135 21.9973 13.7420 -181.6290 -176.6310 177.5030 0.0000 0.0000 0.0000 -10.8762 5.1982 -12.5227 4.8020 13.1573 39.9603 0.9208 -0.2420 18.2280 0.0801 -1.8258 -5.0245 0.0000 0.0000 0.0000 20.7034 2.3494 -17.8528 -4.7574 -13.1053 39.7639 -0.5750 -13.4246 15.3903 -0.0056 -0.4820 1.3244 0.7468 -0.2560 16.6248 3.2148 0.0395 2.0905 3.0077 0.0396 -7.0891 -4.7777 -2.2627 -11.1447 3.6752 -2.6054 4.4234 1.9147 -1.2207 3.5815 0.0000 -0.0000 0.0000 -5.0156 23.4944 -5.4898 14.8688 -23.963 3.1724 27.2329 -15.07 13.5276 0.0 0.0 0.0 -7.1250 0.0 0.0 -0.1040 14.8392 -0.0739 0.0000 -0.0000 0.0000 -0.5095 19.5567 -7.1304 -11.1013 -18.4434 -1.8078 -13.5498 -0.8161 10.283 0.0 0.0 0.0 7.1250 0.0 -0.0 11.8269 40.2707 1.4014
8.9051 21.8753 13.9207 -181.5700 -176.5450 177.6460 0.0000 0.0000 0.0000 -10.9461 4.6114 -12.4999 4.2661 12.5064 37.5477 0.8119 0.7732 16.7831 0.0287 -1.0942 -3.0079 0.0000 0.0000 0.0000 20.6230 2.9139 -18.1294 -4.3364 -12.5950 37.8709 -0.5275 -13.0037 14.7934 -0.0030 -0.3546 0.9742 0.6516 -0.2479 16.8206 3.1008 0.0302 2.0592 2.9452 0.0373 -7.2298 -4.6779 -2.1661 -11.1976 3.8113 -2.4986 4.4126 1.9500 -1.1594 3.5839 -0.0000 0.0000 0.0000 -4.539 23.7767 -6.0375 15.1043 -24.2911 3.2687 26.4398 -15.0771 13.1914 0.0 0.0 0.0 -7.1250 0.0 0.0 -0.6193 15.3112 -0.4338 -0.0000 0.0000 0.0000 -0.5068 19.8875 -6.5455 -11.3235 -18.7825 -1.8788 -13.0285 -1.6462 10.1233 0.0 0.0 0.0 7.1250 0.0 -0.0 12.2398 40.0673 1.5144
8.9039 21.7454 14.0996 -181.6950 -176.4930 177.7810 0.0000 0.0000 0.0000 -10.8135 3.8748 -12.3741 3.7401 11.8062 35.0499 0.7189 1.5094 15.5758 0.0346 -1.2014 -3.3031 0.0000 0.0000 0.0000 20.7235 3.4385 -18.3158 -3.9085 -12.0377 35.8654 -0.4886 -12.8098 14.3517 -0.0118 -0.7025 1.9305 0.8710 -0.2396 16.9477 3.0633 0.0818 2.0589 2.7700 0.0558 -7.3021 -4.6595 -2.1529 -10.9172 3.8296 -2.4910 4.1242 1.9512 -1.1562 3.4276 0.0000 0.0000 0.0000 -4.1453 24.0212 -6.5963 15.4241 -24.7336 3.4014 25.8595 -15.211 13.1037 0.0 0.0 0.0 -7.1250 0.0 0.0 -1.0108 15.4781 -0.7045 0.0000 0.0000 0.0000 -0.6155 20.1259 -6.0175 -11.5550 -19.134 -1.954 -12.5356 -2.6262 10.0584 0.0 0.0 0.0 7.1250 0.0 -0.0 12.6476 39.962 1.6002
8.9054 21.6038 14.2835 -181.4780 -176.4620 177.9310 0.0000 0.0000 0.0000 -11.0605 2.9989 -12.1917 3.2358 11.0674 32.5074 0.6563 2.3568 14.6813 0.0778 -1.7997 -4.9524 0.0000 0.0000 0.0000 20.4290 3.7867 -18.5156 -3.4719 -11.4223 33.7178 -0.4349 -12.8998 13.8734 -0.0730 -1.7429 4.7958 0.7752 -0.2125 16.9722 2.9542 0.0900 2.1201 2.7045 0.0604 -7.2496 -4.8475 -2.1972 -10.9071 3.9704 -2.5321 4.0158 2.0304 -1.1739 3.3978 -0.0000 0.0000 0.0000 -3.9535 24.2118 -6.9304 15.9236 -25.417 3.6131 25.7887 -15.0939 13.0735 0.0 0.0 0.0 -7.1250 0.0 0.0 -1.0573 15.5196 -0.736 -0.0000 0.0000 0.0000 -0.7035 19.9848 -6.2202 -11.6565 -19.2875 -1.9874 -12.7785 -2.4392 10.3091 0.0 0.0 0.0 7.1250 0.0 -0.0 12.4953 40.232 1.4955
8.9086 21.4559 14.4722 -181.0460 -176.4080 178.0900 0.0000 0.0000 0.0000 -11.5093 1.7829 -11.8139 2.7532 10.2844 29.9025 0.6072 3.9317 13.9095 0.0834 -1.8630 -5.1273 0.0000 0.0000 0.0000 19.8860 4.0542 -18.7204 -3.0407 -10.7606 31.4768 -0.4984 -12.3794 14.2762 -0.0678 -1.6804 4.6232 0.4599 -0.1536 17.0239 2.8160 0.1014 2.0721 2.7344 0.0737 -7.3302 -5.1412 -2.2341 -10.7377 4.0914 -2.5569 4.0173 2.1244 -1.1882 3.3769 -0.0000 0.0000 0.0000 -3.7969 24.6145 -7.3298 16.4271 -26.0964 3.8319 25.8477 -15.2946 13.3992 0.0 0.0 0.0 -7.1250 0.0 0.0 -1.0404 15.1552 -0.7324 -0.0000 0.0000 0.0000 -0.9021 20.0404 -6.2363 -11.7164 -19.3779 -2.0072 -13.0452 -2.3294 10.3157 0.0 0.0 0.0 7.1250 0.0 -0.0 12.2678 40.261 1.4584
8.9111 21.3069 14.6613 -181.1080 -176.2790 178.3230 0.0000 0.0000 0.0000 -11.3644 0.2629 -11.3086 2.2988 9.4625 27.2532 0.5629 5.6466 13.3771 0.1060 -2.0990 -5.7794 0.0000 0.0000 0.0000 19.8620 4.5982 -18.8842 -2.6407 -10.0893 29.2664 -0.6528 -11.5139 15.4343 -0.0022 -0.3048 0.8374 0.6459 -0.0657 17.0274 2.8443 0.2582 1.9339 2.6248 0.1463 -7.4878 -5.4929 -2.3169 -10.1572 4.1408 -2.6469 3.7586 2.1987 -1.2417 3.1896 -0.0000 -0.0000 0.0000 -3.508 25.0732 -8.0024 16.7912 -26.5817 3.9935 25.8586 -15.8575 13.967 0.0 0.0 0.0 -7.1250 0.0 0.0 -1.0756 14.5314 -0.7714 -0.0000 -0.0000 0.0000 -1.192 20.3466 -6.0855 -11.8304 -19.5499 -2.0452 -13.0453 -2.7008 10.0037 0.0 0.0 0.0 7.1250 0.0 -0.0 12.1995 39.9491 1.5454
8.9121 21.1577 14.8492 -181.2940 -176.1540 178.5680 0.0000 0.0000 0.0000 -11.0511 -1.4194 -10.8069 1.8960 8.6460 24.6940 0.5112 7.3709 12.9713 0.1591 -2.5699 -7.0834 0.0000 0.0000 0.0000 19.8846 5.6201 -18.9512 -2.2899 -9.4455 27.1991 -0.7025 -12.0084 16.0360 -0.0000 -0.0434 0.1194 0.9261 -0.0324 16.9937 2.8459 0.3530 1.9431 2.4443 0.1836 -7.4616 -5.5426 -2.3339 -10.2741 4.2029 -2.6595 3.6792 2.2278 -1.2448 3.1882 0.0000 0.0000 0.0000 -3.1892 25.0808 -8.2906 17.1337 -27.0337 4.1479 26.0494 -15.986 13.8756 0.0 0.0 0.0 -7.1250 0.0 0.0 -0.9388 14.6074 -0.6718 0.0000 0.0000 0.0000 -1.4469 20.3151 -5.6358 -11.9734 -19.7648 -2.0933 -13.1849 -3.0788 10.1997 0.0 0.0 0.0 7.1250 0.0 -0.0 12.1224 40.1567 1.4722
8.9147 20.9969 15.0342 -181.1800 -176.1450 178.8700 0.0000 0.0000 0.0000 -11.0218 -3.0808 -10.5826 1.5649 7.8939 22.3923 0.4066 9.4831 12.2870 0.1370 -2.3858 -6.5730 0.0000 0.0000 0.0000 19.4622 6.8153 -19.1104 -1.9912 -8.8478 25.3203 -0.6275 -13.8175 16.0024 -0.0396 -1.2841 3.5307 0.9509 -0.0499 16.9515 2.7185 0.3225 1.9637 2.2993 0.1659 -7.4140 -5.4598 -2.2964 -10.8165 4.2652 -2.6017 3.8981 2.2393 -1.2078 3.3655 0.0000 0.0000 0.0000 -2.7859 24.9001 -8.6467 17.4739 -27.4782 4.3037 26.4063 -16.2886 13.5552 0.0 0.0 0.0 -7.1250 0.0 0.0 -0.6704 14.9145 -0.4753 0.0000 0.0000 0.0000 -1.6515 20.1239 -4.9989 -12.1253 -19.9922 -2.1449 -13.3167 -3.4375 10.7961 0.0 0.0 0.0 7.1250 0.0 -0.0 12.1411 40.7648 1.2895
8.9144 20.8109 15.2211 -180.9060 -176.1510 179.2020 0.0000 0.0000 0.0000 -11.0989 -4.3684 -10.7296 1.3086 7.2463 20.4471 0.3030 11.1913 11.7551 0.0974 -2.0124 -5.5400 0.0000 0.0000 0.0000 18.8236 7.8985 -19.4443 -1.7544 -8.3347 23.7353 -0.4884 -15.9464 15.7400 -0.2094 -2.9464 8.1295 0.8170 0.0400 16.9281 2.6181 0.4131 1.7914 2.2485 0.2136 -7.5902 -5.6811 -2.3822 -10.6335 4.3252 -2.7013 3.9762 2.2952 -1.2608 3.3701 -0.0000 -0.0000 0.0000 -2.2931 25.1401 -9.6623 17.8691 -27.9892 4.4876 26.8407 -17.0073 13.5113 0.0 0.0 0.0 -7.1250 0.0 0.0 -0.3703 14.9078 -0.2626 -0.0000 -0.0000 0.0000 -1.8876 20.2531 -4.7401 -12.2591 -20.1921 -2.1909 -13.1631 -3.7104 11.1465 0.0 0.0 0.0 7.1250 0.0 -0.0 12.3540 41.1015 1.2085
8.9131 20.6086 15.4176 -180.5880 -176.0950 179.3530 0.0000 0.0000 0.0000 -11.2324 -5.1292 -11.0680 1.1270 6.7429 18.9558 0.2448 12.0172 11.4817 0.0882 -1.9152 -5.2714 0.0000 0.0000 0.0000 18.1563 8.8472 -19.7444 -1.5897 -7.9534 22.5727 -0.3552 -17.6057 15.4940 -0.3777 -3.9470 10.9276 0.5997 0.1353 16.9017 2.5061 0.4923 1.6720 2.2345 0.2580 -7.7080 -5.8461 -2.4638 -10.1563 4.3320 -2.8120 3.8593 2.3203 -1.3228 3.2480 -0.0000 0.0000 0.0000 -1.8525 25.4388 -10.4182 18.3026 -28.543 4.693 27.2678 -17.4042 13.366 0.0 0.0 0.0 -7.1250 0.0 0.0 -0.0667 15.0138 -0.0471 -0.0000 0.0000 0.0000 -2.2417 20.4084 -4.2604 -12.3315 -20.2999 -2.216 -12.9157 -4.155 11.1524 0.0 0.0 0.0 7.1250 0.0 -0.0 12.5697 41.0851 1.2356
8.9136 20.3920 15.6176 -180.4950 -176.1400 179.4210 0.0000 0.0000 0.0000 -11.1786 -5.3462 -11.7299 1.0078 6.3878 17.9138 0.2350 11.8529 11.2879 0.0910 -1.9454 -5.3548 0.0000 0.0000 0.0000 17.7694 9.7121 -20.0078 -1.4856 -7.7004 21.8078 -0.2733 -18.5929 15.3950 -0.3988 -4.0545 11.2299 0.6020 0.0833 16.7736 2.4256 0.4141 1.7017 2.1633 0.2183 -7.6015 -5.8031 -2.4466 -10.0337 4.2893 -2.7971 3.7854 2.2980 -1.3171 3.1955 -0.0000 0.0000 0.0000 -1.3884 25.4277 -10.9112 18.6350 -28.9626 4.8528 27.6148 -17.801 13.0517 0.0 0.0 0.0 -7.1250 0.0 0.0 0.1970 15.3186 0.1379 -0.0000 0.0000 0.0000 -2.6734 20.3031 -3.477 -12.3782 -20.3694 -2.2322 -12.9483 -4.7501 11.1683 0.0 0.0 0.0 7.1250 0.0 -0.0 12.5451 41.1039 1.2271
8.9085 20.1576 15.8060 -180.3870 -176.3720 179.4790 0.0000 0.0000 0.0000 -11.2097 -4.9052 -12.8625 0.9283 6.1380 17.1853 0.3404 10.2948 11.8128 0.1476 -2.4758 -6.8227 0.0000 0.0000 0.0000 17.3730 10.4518 -20.3912 -1.4322 -7.5668 21.4057 -0.0772 -19.8929 14.6360 -0.5391 -4.7044 13.0674 0.5484 0.0049 16.7695 2.3642 0.2960 1.6995 2.1549 0.1620 -7.5974 -5.7648 -2.4076 -10.0276 4.2909 -2.7505 3.7924 2.2944 -1.2934 3.1932 -0.0000 0.0000 0.0000 -0.854 25.3082 -11.3762 18.9327 -29.335 4.9979 27.4717 -18.2254 12.7542 0.0 0.0 0.0 -7.1250 0.0 0.0 0.1235 15.6677 0.0855 -0.0000 0.0000 0.0000 -3.0209 20.2158 -2.8579 -12.4901 -20.5356 -2.2713 -13.3867 -5.0759 11.572 0.0 0.0 0.0 7.1250 0.0 -0.0 12.2592 41.5473 1.0618
8.9106 19.9179 16.0094 -179.9250 -176.2350 179.2620 0.0000 0.0000 0.0000 -11.7168 -4.3613 -13.6906 0.8837 5.9925 16.7627 0.4213 8.5330 12.1780 0.2908 -3.4679 -9.5844 0.0000 0.0000 0.0000 16.7196 10.7314 -20.7480 -1.4211 -7.5387 21.3216 -0.0036 -20.4477 14.4249 -0.6926 -5.3201 14.8237 0.2453 0.1364 16.7480 2.1972 0.3976 1.7893 2.1236 0.2170 -7.4925 -5.9346 -2.4026 -9.7214 4.3960 -2.7426 3.6346 2.3614 -1.2906 3.0867 0.0000 0.0000 0.0000 -0.303 25.2471 -11.8901 19.3134 -29.8062 5.1857 27.2097 -18.8055 13.1477 0.0 0.0 0.0 -7.1250 0.0 0.0 -0.0885 15.2633 -0.062 0.0000 0.0000 0.0000 -3.2592 20.2144 -2.6107 -12.6170 -20.7235 -2.316 -13.6919 -5.0208 11.9467 0.0 0.0 0.0 7.1250 0.0 -0.0 12.0817 41.9512 0.9236
8.9039 19.6646 16.1910 -179.4010 -176.6420 179.3050 0.0000 0.0000 0.0000 -12.3436 -3.4485 -15.2492 0.8683 5.9416 16.6149 0.5474 6.2486 13.2409 0.4693 -4.3938 -12.1873 0.0000 0.0000 0.0000 15.9698 10.6414 -21.5384 -1.4497 -7.6109 21.5385 -0.0872 -20.4402 15.0871 -0.7188 -5.4178 15.1040 -0.1975 0.1197 16.5892 2.0637 0.2825 1.7981 2.2572 0.1723 -7.3925 -6.2313 -2.4400 -9.4272 4.5648 -2.7783 3.3953 2.4707 -1.3087 2.9626 0.0000 -0.0000 0.0000 0.192 25.216 -12.5589 19.7241 -30.3085 5.3914 27.4709 -19.7163 14.1433 0.0 0.0 0.0 -7.1250 0.0 0.0 0.0045 14.1246 0.0033 0.0000 -0.0000 0.0000 -3.6007 20.0777 -2.2197 -12.6810 -20.818 -2.3387 -13.5676 -5.2734 11.5647 0.0 0.0 0.0 7.1250 0.0 -0.0 12.1000 41.5569 1.0447
8.8991 19.3863 16.3729 -179.3880 -176.9330 179.1100 0.0000 0.0000 0.0000 -12.5135 -2.1832 -16.6285 0.8758 5.9666 16.6874 0.6650 4.4339 14.5420 0.6458 -5.1410 -14.3113 0.0000 0.0000 0.0000 15.8731 10.6058 -21.9754 -1.5098 -7.7601 21.9878 -0.2604 -20.1402 16.2323 -0.6937 -5.3243 14.8358 -0.0991 0.0358 16.7425 1.9988 0.1839 1.9293 2.1539 0.1195 -7.3308 -6.3813 -2.4994 -9.3973 4.7744 -2.8495 3.1892 2.5650 -1.3380 2.9006 -0.0000 -0.0000 0.0000 0.7798 24.9961 -13.1221 20.0471 -30.6991 5.5554 27.3821 -20.3582 14.4469 0.0 0.0 0.0 -7.1250 0.0 0.0 -0.0826 13.8003 -0.0605 -0.0000 -0.0000 0.0000 -4.0006 19.7844 -1.3297 -12.7525 -20.9235 -2.3642 -13.2309 -5.9133 10.7372 0.0 0.0 0.0 7.1250 0.0 -0.0 12.2018 40.6984 1.3165
8.8912 19.0925 16.5472 -179.6940 -177.1240 178.7880 0.0000 0.0000 0.0000 -12.3878 -0.8089 -17.9275 0.9074 6.0702 16.9882 0.8013 3.2192 16.1319 0.7573 -5.5577 -15.5063 0.0000 0.0000 0.0000 16.1965 10.6936 -22.2587 -1.6065 -7.9932 22.6935 -0.3601 -20.3143 17.0806 -0.7782 -5.6322 15.7208 0.2249 -0.0554 17.1031 2.0436 0.1283 2.0895 2.0320 0.0831 -7.3537 -6.3408 -2.5177 -9.3825 4.8060 -2.8750 2.9168 2.5646 -1.3476 2.8060 -0.0000 -0.0000 0.0000 1.4039 24.5948 -13.5496 20.3594 -31.0729 5.7157 26.7781 -20.5123 14.0966 0.0 0.0 0.0 -7.1250 0.0 0.0 -0.4611 14.2696 -0.3332 -0.0000 -0.0000 0.0000 -4.4244 19.4499 -0.1973 -12.8644 -21.0883 -2.4043 -13.2708 -6.2734 10.5244 0.0 0.0 0.0 7.1250 0.0 -0.0 12.1199 40.4889 1.371
8.8870 18.7964 16.7203 -179.7420 -177.2430 178.2600 0.0000 0.0000 0.0000 -12.5766 0.2360 -18.9238 0.9823 6.3087 17.6827 0.9130 2.5975 17.3686 0.8118 -5.7497 -16.0598 0.0000 0.0000 0.0000 16.3714 10.3764 -22.4528 -1.7543 -8.3344 23.7343 -0.1215 -21.3758 15.9811 -1.4357 -7.5758 21.4328 0.2579 -0.0374 17.5961 2.0960 0.1671 2.2119 2.0640 0.1018 -7.4933 -6.3816 -2.5167 -9.1272 4.7729 -2.8757 2.6367 2.5589 -1.3509 2.6627 0.0000 0.0000 0.0000 1.9165 24.3693 -14.1697 20.7621 -31.5496 5.925 26.5165 -20.9015 14.0575 0.0 0.0 0.0 -7.1250 0.0 0.0 -0.6355 14.3472 -0.4583 0.0000 0.0000 0.0000 -4.9383 19.4298 1.1719 -13.0796 -21.4037 -2.4823 -13.8435 -6.6025 10.8387 0.0 0.0 0.0 7.1250 0.0 -0.0 11.6950 40.8538 1.2145
8.8837 18.5115 16.8840 -179.9000 -177.3910 177.5490 0.0000 0.0000 0.0000 -12.6310 1.0313 -19.6863 1.1065 6.6833 18.7804 0.9730 2.8388 17.9049 0.6790 -5.2687 -14.6764 0.0000 0.0000 0.0000 16.8341 9.5396 -22.7468 -2.0598 -8.9896 25.7628 0.6317 -22.5208 10.7490 -3.5181 -11.4899 33.9505 0.5319 0.0275 18.1982 2.1594 0.3189 2.3131 1.9439 0.1685 -7.7172 -6.6784 -2.6279 -8.6347 4.9491 -3.0241 2.3654 2.6657 -1.4268 2.5009 -0.0000 0.0000 0.0000 2.5733 24.1933 -15.2999 21.0128 -31.8433 6.0567 26.8658 -22.2377 14.6911 0.0 0.0 0.0 -7.1250 0.0 0.0 -0.4527 13.602 -0.3335 -0.0000 0.0000 0.0000 -5.4011 19.6138 2.3266 -13.2590 -21.6656 -2.5481 -14.0276 -6.9193 11.2188 0.0 0.0 0.0 7.1250 0.0 -0.0 11.6202 41.2523 1.0906
8.8801 18.2245 17.0435 -180.5640 -177.4390 176.6340 0.0000 0.0000 0.0000 -12.0680 1.5573 -20.4887 1.3891 7.4569 21.0764 0.9147 3.6134 17.2200 0.0421 1.3236 3.6397 0.0000 0.0000 0.0000 17.9852 8.5124 -22.8898 -2.5464 -9.9217 28.7236 0.1933 -16.4602 9.4980 -2.9433 -10.6026 30.9511 1.3326 0.0540 18.9594 2.3435 0.5447 2.4463 1.6342 0.2556 -7.9896 -7.0013 -2.7579 -8.0071 5.1210 -3.2053 2.0475 2.7757 -1.5210 2.3031 -0.0000 0.0000 0.0000 3.3068 23.9328 -16.4036 21.0780 -31.9192 6.0911 27.3668 -23.3783 15.5061 0.0 0.0 0.0 -7.1250 0.0 0.0 -0.1908 12.6309 -0.1444 -0.0000 0.0000 0.0000 -5.8579 19.6241 3.1088 -13.2376 -21.6344 -2.5402 -13.9466 -6.9616 11.2266 0.0 0.0 0.0 7.1250 0.0 -0.0 11.6924 41.2527 1.0974
8.8774 17.9215 17.1843 -180.7170 -177.5870 175.7320 0.0000 0.0000 0.0000 -12.1947 2.1107 -21.6951 1.8324 8.5079 24.2677 0.7689 2.5207 15.9039 0.6040 4.9747 13.8364 0.0000 0.0000 0.0000 18.8433 6.8748 -22.7130 -3.2146 -11.0347 32.3968 -0.0401 -6.9724 5.7919 -1.2438 -7.0716 19.9276 1.4980 0.0636 19.8072 2.4276 0.6201 2.5979 1.6149 0.2872 -8.2858 -7.0355 -2.7841 -7.5099 4.9618 -3.2530 1.6160 2.7248 -1.5521 2.0668 0.0000 -0.0000 0.0000 4.0038 23.4631 -17.2653 21.1079 -31.9541 6.107 27.7369 -23.4344 15.7491 0.0 0.0 0.0 -7.1250 0.0 0.0 0.0325 12.3066 0.0248 0.0000 -0.0000 0.0000 -6.3983 19.3619 3.9698 -13.2136 -21.5994 -2.5314 -14.3271 -7.1714 10.2013 0.0 0.0 0.0 7.1250 0.0 -0.0 11.1403 40.254 1.3223
8.8741 17.6193 17.2839 -180.3670 -178.2030 174.9320 0.0000 0.0000 0.0000 -13.1828 3.3635 -22.7941 2.5070 9.8506 28.4942 0.1869 -3.1971 9.9899 1.0893 6.6329 18.6323 0.0000 0.0000 0.0000 18.7462 6.1829 -22.9814 -3.9721 -12.1232 36.1693 0.0516 -4.3569 0.1835 -1.3351 -7.3165 20.6566 1.1615 -0.0566 20.7529 2.3695 0.4022 2.9094 1.8062 0.1921 -8.4532 -6.7092 -2.7562 -8.0152 4.4294 -3.1879 1.4312 2.4828 -1.5237 2.0695 -0.0000 0.0000 0.0000 4.5244 22.2712 -17.7143 21.0442 -31.8799 6.0733 27.6823 -23.4298 16.0169 0.0 0.0 0.0 -7.1250 0.0 0.0 -0.0304 12.0186 -0.0234 -0.0000 0.0000 0.0000 -6.9611 18.4117 4.981 -13.1033 -21.4384 -2.4909 -14.7821 -7.3702 9.2389 0.0 0.0 0.0 7.1250 0.0 -0.0 10.5573 39.3175 1.4978
8.8889 17.3537 17.3900 -180.4670 -178.2880 174.0070 0.0000 0.0000 0.0000 -13.7190 4.5226 -23.4749 3.3329 11.2153 33.0096 -0.2036 -8.0010 3.6648 0.5826 4.8874 13.5878 0.0000 0.0000 0.0000 19.0213 6.1481 -23.2303 -4.7305 -13.0737 39.6449 -0.0011 -3.0111 -4.3617 -1.4345 -7.5727 21.4235 1.5259 -0.0354 21.6657 2.4413 0.5403 3.1087 1.6427 0.2472 -8.7252 -6.7838 -2.7516 -8.1767 4.1029 -3.1531 1.6069 2.3880 -1.5155 2.1480 -0.0000 0.0000 0.0000 4.6697 21.3462 -17.6995 20.9426 -31.7613 6.0197 26.6518 -23.0183 16.2821 0.0 0.0 0.0 -7.1250 0.0 0.0 -0.7403 11.8832 -0.5721 -0.0000 0.0000 0.0000 -7.5272 17.779 5.5701 -12.9044 -21.147 -2.4187 -15.0101 -7.1036 9.3219 0.0 0.0 0.0 7.1250 0.0 -0.0 10.3783 39.4194 1.4454
8.8925 17.1933 17.4903 -179.5170 -178.3190 173.5060 0.0000 0.0000 0.0000 -15.0421 4.1264 -24.9876 4.2596 12.4980 37.5173 -0.1701 -8.6397 -1.7842 0.0697 1.7028 4.6850 0.0000 0.0000 0.0000 18.1490 6.3080 -23.6886 -5.4218 -13.8436 42.6145 -0.1092 -2.3851 -7.5981 -1.0894 -6.6333 18.6334 0.4673 0.1454 22.1926 2.2941 0.5255 3.1550 2.0955 0.2722 -8.9634 -6.7568 -2.6586 -8.7678 3.8995 -2.9927 2.2609 2.3234 -1.4420 2.4605 -0.0000 -0.0000 0.0000 4.5282 20.4733 -16.9014 20.8170 -31.6142 5.9537 25.6388 -21.5283 15.3184 0.0 0.0 0.0 -7.1250 0.0 0.0 -1.3316 13.0829 -0.9959 -0.0000 -0.0000 0.0000 -8.0651 16.9165 5.7577 -12.6796 -20.816 -2.3382 -15.2231 -6.0713 10.0773 0.0 0.0 0.0 7.1250 0.0 -0.0 10.3425 40.2034 1.2382
8.8637 17.0526 17.5843 -181.6690 -177.8610 174.8920 0.0000 0.0000 0.0000 -12.4765 3.1845 -28.2222 5.1477 13.5482 41.4569 -0.0573 -8.3085 -4.5843 0.0286 1.0921 3.0023 0.0000 0.0000 0.0000 20.6862 8.2682 -25.4191 -6.0432 -14.4700 45.1547 -0.1675 -3.5665 -9.8889 -0.5639 -4.8096 13.3663 2.0857 0.0757 21.0296 3.0640 0.8648 2.7296 1.9133 0.3942 -8.8106 -6.7848 -2.5730 -9.0724 3.6874 -2.8493 2.6914 2.2662 -1.3795 2.6495 -0.0000 -0.0000 0.0000 4.4705 19.4864 -16.4706 20.4772 -31.2129 5.7766 26.1626 -21.1944 14.7408 0.0 0.0 0.0 -7.1250 0.0 0.0 -0.9313 13.6433 -0.6855 -0.0000 -0.0000 0.0000 -8.5963 15.8258 5.5213 -12.3134 -20.2729 -2.2097 -15.6174 -4.5835 11.1388 0.0 0.0 0.0 7.1250 0.0 -0.0 10.2174 41.3168 0.9392
8.8294 16.9099 17.6856 -181.8360 -177.9110 175.6930 0.0000 0.0000 0.0000 -11.8498 1.4351 -30.0216 5.9571 14.3867 44.8095 0.0667 -7.7914 -6.7874 0.0282 1.0847 2.9820 0.0000 0.0000 0.0000 20.7801 9.8883 -26.8249 -6.6978 -15.0720 47.7217 -0.2319 -4.3295 -11.7388 -0.5184 -4.6145 12.8123 1.8119 0.1478 20.2142 3.2481 0.8950 2.4533 2.2610 0.4226 -8.6816 -6.7418 -2.4796 -9.1875 3.3966 -2.7086 2.9409 2.1687 -1.3206 2.7390 -0.0000 -0.0000 0.0000 4.6079 18.4356 -16.33 19.9706 -30.6069 5.5164 27.1834 -21.9474 15.1988 0.0 0.0 0.0 -7.1250 0.0 0.0 -0.2848 12.997 -0.2134 -0.0000 -0.0000 0.0000 -8.9524 14.7075 4.927 -11.8845 -19.6311 -2.0633 -15.9669 -2.9381 11.6972 0.0 0.0 0.0 7.1250 0.0 -0.0 10.0297 41.918 0.7711
8.8199 16.7689 17.7950 -181.5580 -178.1390 175.2730 0.0000 0.0000 0.0000 -11.7174 -0.2477 -30.0493 6.6767 15.0535 47.6408 0.1890 -7.3732 -8.6819 0.0243 1.0061 2.7656 0.0000 0.0000 0.0000 20.3980 10.3754 -27.2432 -7.3858 -15.6484 50.3188 -0.3501 -4.1680 -13.4977 -0.6383 -5.1115 14.2270 1.3002 0.1828 20.7420 3.3269 0.8564 2.4062 2.6563 0.4242 -9.0282 -6.6856 -2.3876 -9.2378 3.0691 -2.5721 3.1540 2.0565 -1.2655 2.8038 -0.0000 -0.0000 0.0000 4.4209 17.5514 -15.7123 19.5329 -30.0754 5.2953 27.7239 -21.6616 14.7983 0.0 0.0 0.0 -7.1250 0.0 0.0 0.1155 13.3625 0.0857 -0.0000 -0.0000 0.0000 -9.2639 13.7914 4.1892 -11.6628 -19.297 -1.9894 -16.2949 -1.211 12.2252 0.0 0.0 0.0 7.1250 0.0 -0.0 9.8549 42.4885 0.6172
8.8421 16.6471 17.9270 -181.5940 -178.0220 174.0360 0.0000 0.0000 0.0000 -11.4022 -1.1741 -28.9163 7.3005 15.5798 50.0019 0.3142 -7.3600 -10.5072 0.0433 1.3426 3.6921 0.0000 0.0000 0.0000 20.4912 10.3200 -26.6715 -8.0828 -16.1798 52.8605 -0.4919 -3.6785 -15.1075 -0.6068 -4.9863 13.8694 1.5753 0.1623 21.4846 3.3333 0.9010 2.8418 2.4930 0.4334 -8.9459 -6.6238 -2.3170 -9.2342 2.9080 -2.4756 3.0905 1.9959 -1.2215 2.7707 -0.0000 -0.0000 0.0000 4.0741 16.3985 -14.5862 19.1694 -29.6286 5.1143 28.288 -20.7923 13.9343 0.0 0.0 0.0 -7.1250 0.0 0.0 0.5773 14.2446 0.4175 -0.0000 -0.0000 0.0000 -9.3415 12.553 3.4737 -11.5237 -19.0864 -1.9437 -17.1352 0.3694 12.8395 0.0 0.0 0.0 7.1250 0.0 -0.0 9.2428 43.2037 0.4135
8.8668 16.5437 18.0561 -181.7300 -177.5700 173.0140 0.0000 0.0000 0.0000 -11.0607 -1.3030 -28.0635 7.8411 16.0011 51.9881 0.4473 -7.5715 -12.2567 0.0323 1.1593 3.1872 0.0000 0.0000 0.0000 20.7833 10.4293 -26.0588 -8.6823 -16.5989 54.9848 -0.6294 -3.1980 -16.4867 -0.6038 -4.9740 13.8343 1.9540 0.2338 22.0117 3.3326 1.0904 3.1192 2.2202 0.5093 -8.9211 -6.4367 -2.2335 -9.0625 2.6769 -2.3853 3.2431 1.8899 -1.1849 2.7757 -0.0000 -0.0000 0.0000 3.7277 15.6421 -13.6018 18.9928 -29.4097 5.0273 28.8721 -19.7567 12.8377 0.0 0.0 0.0 -7.1250 0.0 0.0 1.0769 15.3947 0.7525 -0.0000 -0.0000 0.0000 -9.3281 11.6736 3.202 -11.4651 -18.9977 -1.9246 -18.3797 1.1205 12.9118 0.0 0.0 0.0 7.1250 0.0 -0.0 8.1436 43.4117 0.3215
8.8835 16.4596 18.1711 -181.6590 -176.9350 172.4930 0.0000 0.0000 0.0000 -10.9984 -1.1335 -27.6978 8.2440 16.2958 53.4367 0.5692 -7.5139 -13.6485 0.0221 0.9591 2.6364 0.0000 0.0000 0.0000 20.8804 10.8199 -25.8269 -9.1398 -16.8968 56.5724 -0.7161 -3.0327 -17.3666 -0.5610 -4.7977 13.3324 2.0469 0.3821 22.0820 3.2045 1.2859 3.3257 1.9670 0.5967 -8.7296 -6.0189 -2.0636 -9.2108 2.5353 -2.1913 3.5706 1.7787 -1.0905 2.8936 -0.0000 0.0000 0.0000 3.665 14.7355 -13.1126 18.8195 -29.1937 4.9425 29.4924 -19.2573 11.4347 0.0 0.0 0.0 -7.1250 0.0 0.0 1.6316 16.9011 1.0872 -0.0000 0.0000 0.0000 -9.1172 10.5712 3.2765 -11.4010 -18.9003 -1.9038 -19.4673 1.1539 12.7017 0.0 0.0 0.0 7.1250 0.0 -0.0 7.1238 43.3112 0.2985
8.8935 16.4146 18.2834 -181.6150 -176.3270 172.1990 0.0000 0.0000 0.0000 -10.9745 -0.7436 -27.3262 8.4835 16.4636 54.2861 0.6612 -7.3958 -14.6201 0.0257 1.0354 2.8462 0.0000 0.0000 0.0000 21.0618 11.2393 -25.5087 -9.4246 -17.0733 57.5472 -0.7722 -3.1216 -18.0152 -0.4905 -4.4906 12.4611 2.1207 0.5224 21.9023 3.0981 1.4576 3.5468 1.7567 0.6755 -8.3881 -5.8563 -1.9583 -9.6930 2.6449 -2.0499 3.9388 1.7961 -1.0151 3.1044 0.0000 0.0000 0.0000 3.6172 13.6215 -12.7501 18.5937 -28.9107 4.8328 29.845 -19.4862 10.7588 0.0 0.0 0.0 -7.1250 0.0 0.0 1.9372 17.6275 1.2603 0.0000 0.0000 0.0000 -8.8982 9.42 4.0707 -11.5561 -19.1357 -1.9543 -20.103 0.0372 12.7766 0.0 0.0 0.0 7.1250 0.0 -0.0 6.5658 43.4588 0.2509
8.8990 16.4084 18.3978 -181.5470 -175.8120 171.9180 0.0000 0.0000 0.0000 -11.0245 -0.0646 -26.7213 8.5497 16.5090 54.5193 0.7239 -7.3305 -15.2570 0.0230 0.9799 2.6936 0.0000 0.0000 0.0000 21.2300 11.3443 -24.8822 -9.5367 -17.1410 57.9284 -0.8302 -2.9991 -18.5483 -0.4935 -4.5039 12.4987 2.0764 0.6688 21.8752 3.0804 1.6369 3.5042 1.7117 0.7617 -8.4245 -5.8941 -1.9235 -9.7751 2.6625 -1.9977 4.3935 1.8151 -0.9940 3.2763 -0.0000 -0.0000 0.0000 3.3546 13.2734 -12.5988 18.6266 -28.9521 4.8488 29.8947 -20.0754 10.366 0.0 0.0 0.0 -7.1250 0.0 0.0 2.0063 18.0697 1.2859 -0.0000 -0.0000 0.0000 -8.8314 9.0579 5.7623 -12.0997 -19.9541 -2.1362 -20.5748 -1.7343 13.5278 0.0 0.0 0.0 7.1250 0.0 -0.0 6.2833 44.301 0.1089
8.9020 16.4305 18.5062 -181.1560 -175.5360 171.5860 0.0000 0.0000 0.0000 -11.4840 0.5980 -25.8236 8.4589 16.4466 54.1992 0.7655 -7.3357 -15.6732 0.0121 0.7112 1.9544 0.0000 0.0000 0.0000 20.9556 10.9909 -24.1030 -9.5098 -17.1248 57.8369 -0.8831 -2.5752 -18.8603 -0.4998 -4.5322 12.5788 1.7011 0.7692 21.8065 2.9781 1.6733 3.3999 1.8045 0.7884 -8.5111 -5.7466 -1.7941 -9.4956 2.5025 -1.8517 4.8205 1.7455 -0.9317 3.3574 0.0000 0.0000 0.0000 3.1773 13.162 -13.0289 18.7617 -29.1215 4.9143 30.1577 -21.4126 9.6051 0.0 0.0 0.0 -7.1250 0.0 0.0 2.2569 18.9105 1.4048 0.0000 0.0000 0.0000 -8.8059 8.8157 7.4905 -12.6065 -20.708 -2.3123 -20.7688 -3.2228 14.081 0.0 0.0 0.0 7.1250 0.0 -0.0 6.2163 44.9058 0.0145
8.9041 16.4701 18.6050 -180.7550 -175.5180 171.2020 0.0000 0.0000 0.0000 -12.0038 1.0675 -24.7039 8.2677 16.3126 53.5212 0.7937 -7.3825 -15.9541 0.0030 0.3561 0.9784 0.0000 0.0000 0.0000 20.5968 10.3660 -23.1585 -9.3745 -17.0427 57.3764 -0.9341 -2.1572 -19.1568 -0.4653 -4.3755 12.1356 1.3344 0.7254 21.8740 2.8752 1.5275 3.2938 1.9435 0.7283 -8.6675 -5.7219 -1.6083 -9.2195 2.4214 -1.6192 5.2159 1.7300 -0.8254 3.4286 0.0000 0.0000 0.0000 2.9588 13.0346 -13.3214 18.9317 -29.3337 4.9973 30.4144 -22.4788 9.0852 0.0 0.0 0.0 -7.1250 0.0 0.0 2.4828 19.4802 1.5141 0.0000 0.0000 0.0000 -8.8721 8.5242 9.0962 -13.0978 -21.4303 -2.4889 -20.3632 -4.7853 13.8756 0.0 0.0 0.0 7.1250 0.0 -0.0 6.5460 44.6413 0.0582
8.9054 16.5185 18.7028 -180.6740 -175.6650 170.9740 0.0000 0.0000 0.0000 -12.2033 1.1975 -23.5615 8.0198 16.1338 52.6340 0.8180 -7.4892 -16.1982 0.0021 0.2992 0.8222 0.0000 0.0000 0.0000 20.5347 9.7174 -22.2070 -9.1516 -16.9043 56.6128 -0.9706 -1.8807 -19.3796 -0.4360 -4.2370 11.7445 1.3785 0.6670 21.9842 2.7315 1.4558 3.1700 1.7815 0.6904 -8.8561 -5.4634 -1.5746 -9.4557 2.4412 -1.5978 5.7987 1.6955 -0.8136 3.6738 -0.0000 -0.0000 0.0000 3.078 12.866 -13.7321 19.2053 -29.673 5.1321 30.3998 -22.7927 9.1792 0.0 0.0 0.0 -7.1250 0.0 0.0 2.4645 19.3736 1.5088 -0.0000 -0.0000 0.0000 -8.4707 8.2769 9.7876 -13.8120 -22.4653 -2.7559 -19.7328 -5.9639 13.2771 0.0 0.0 0.0 7.1250 0.0 -0.0 6.9984 43.9415 0.1838
8.9087 16.5763 18.8079 -180.9480 -175.8640 171.0580 0.0000 0.0000 0.0000 -12.0194 1.3072 -22.6296 7.7406 15.9251 51.6229 0.8324 -7.7954 -16.3645 0.0019 0.2798 0.7687 0.0000 0.0000 0.0000 20.8389 9.0903 -21.3861 -8.8515 -16.7112 55.5753 -0.9886 -1.7171 -19.4771 -0.4123 -4.1216 11.4191 1.6976 0.4983 21.6154 2.8036 1.3122 2.9893 1.7213 0.6137 -8.8496 -5.6001 -1.5177 -9.6562 2.6132 -1.5111 6.4843 1.7909 -0.7731 3.9582 0.0000 -0.0000 0.0000 2.8744 12.8406 -14.0815 19.4784 -30.0087 5.268 30.2115 -23.8356 10.1669 0.0 0.0 0.0 -7.1250 0.0 0.0 2.2461 18.2616 1.4302 0.0000 -0.0000 0.0000 -8.333 8.0281 10.5262 -14.5191 -23.4719 -3.0318 -18.8548 -6.9472 12.7227 0.0 0.0 0.0 7.1250 0.0 -0.0 7.6781 43.2669 0.3305
8.9116 16.6421 18.9129 -181.4790 -175.9600 171.2530 0.0000 0.0000 0.0000 -11.4911 1.8368 -21.9132 7.4260 15.6804 50.4677 0.8138 -8.3677 -16.2546 0.0000 0.0394 0.1081 0.0000 0.0000 0.0000 21.4828 8.4541 -20.5022 -8.4862 -16.4654 54.2955 -0.9918 -1.7731 -19.5318 -0.3629 -3.8697 10.7103 2.3222 0.3602 21.0431 2.9697 1.2770 2.7970 1.5583 0.5803 -8.7437 -5.8016 -1.5264 -9.8796 2.8514 -1.5135 7.5066 1.7174 -0.7640 3.9182 0.0000 -0.0000 0.0000 2.5769 12.8077 -14.4979 19.7542 -30.3451 5.4066 29.9577 -24.6072 11.0998 0.0 0.0 0.0 -7.1250 0.0 0.0 1.9851 17.2255 1.309 0.0000 -0.0000 0.0000 -8.3303 7.7974 11.4273 -15.0829 -24.2615 -3.2599 -18.0786 -8.1762 11.8816 0.0 0.0 0.0 7.1250 0.0 -0.0 8.2027 42.3145 0.5475
8.9136 16.7232 19.0148 -181.4120 -176.1170 171.3170 0.0000 0.0000 0.0000 -11.6791 2.4228 -21.0364 7.0626 15.3844 49.1107 0.7913 -8.7541 -16.0978 0.0027 -0.3342 -0.9181 0.0000 0.0000 0.0000 21.4362 7.7529 -19.4956 -8.0858 -16.1820 52.8711 -0.9817 -1.7329 -19.4188 -0.3168 -3.6180 10.0044 2.4120 0.2798 20.5457 2.9015 1.1727 2.6039 1.4628 0.5272 -8.6828 -5.8367 -1.5310 -9.7268 2.8597 -1.5277 7.8172 1.7256 -0.7757 3.9891 0.0000 -0.0000 0.0000 2.3657 12.9121 -14.5829 20.2064 -30.8902 5.6369 29.6862 -23.6347 11.1416 0.0 0.0 0.0 -7.1250 0.0 0.0 1.7925 17.2106 1.1824 0.0000 -0.0000 0.0000 -8.1672 7.6267 12.1595 -15.5574 -24.9169 -3.4574 -17.4996 -8.8612 10.8908 0.0 0.0 0.0 7.1250 0.0 -0.0 8.5214 41.2356 0.7977
8.9144 16.8214 19.1176 -181.0550 -176.2140 171.4100 0.0000 0.0000 0.0000 -12.2461 2.9249 -20.0224 6.6579 15.0370 47.5684 0.7796 -8.7282 -15.9827 0.0130 -0.7354 -2.0209 0.0000 0.0000 0.0000 21.0517 7.2901 -18.4750 -7.6632 -15.8659 51.3403 -0.9645 -1.4732 -19.1413 -0.3027 -3.5372 9.7780 2.1266 0.2298 20.0573 2.7468 1.0196 2.3620 1.5001 0.4614 -8.6838 -5.6908 -1.4961 -9.3278 2.7490 -1.5148 7.9323 1.6707 -0.7747 3.9562 0.0000 0.0000 0.0000 2.1975 13.1678 -14.5372 20.7114 -31.4899 5.8985 29.4106 -22.4129 11.3536 0.0 0.0 0.0 -7.1250 0.0 0.0 1.5820 17.003 1.0506 0.0000 0.0000 0.0000 -7.8755 7.4618 12.6571 -16.0715 -25.6175 -3.6768 -16.7689 -8.6673 10.8157 0.0 0.0 0.0 7.1250 0.0 -0.0 9.1462 41.0918 0.8899
8.9121 16.9136 19.2174 -181.5160 -176.0520 171.6290 0.0000 0.0000 0.0000 -11.8019 3.5023 -19.1150 6.2460 14.6626 45.9611 0.7440 -8.7438 -15.6446 0.0196 -0.9036 -2.4836 0.0000 0.0000 0.0000 21.6845 7.2249 -17.4150 -7.2353 -15.5268 49.7586 -0.9371 -1.4977 -18.8866 -0.3204 -3.6383 10.0613 2.5409 0.1688 19.6506 2.8858 1.0370 2.0777 1.4128 0.4572 -8.7706 -5.6512 -1.4682 -9.2352 2.6407 -1.4808 8.3355 1.6338 -0.7671 4.0617 0.0000 -0.0000 0.0000 1.9503 13.4287 -14.6879 21.2174 -32.0812 6.165 29.0626 -21.7103 11.7947 0.0 0.0 0.0 -7.1250 0.0 0.0 1.3019 16.5463 0.8774 0.0000 -0.0000 0.0000 -7.6779 7.3777 13.2212 -16.7191 -26.4859 -3.9612 -16.4834 -8.5651 11.19 0.0 0.0 0.0 7.1250 0.0 -0.0 9.4704 41.449 0.8379
8.9075 17.0064 19.3185 -181.9110 -175.9970 171.6700 0.0000 0.0000 0.0000 -11.4013 4.0540 -17.9492 5.8372 14.2687 44.3248 0.6992 -8.9764 -15.2505 0.0156 -0.8060 -2.2153 0.0000 0.0000 0.0000 22.2706 6.9941 -16.1418 -6.8064 -15.1667 48.1383 -0.9060 -1.6737 -18.6593 -0.3601 -3.8549 10.6688 2.9071 0.1119 19.2276 3.0236 1.0379 1.9665 1.3543 0.4479 -8.6576 -5.8320 -1.4656 -9.3705 2.7598 -1.4604 8.7242 1.7009 -0.7593 4.2044 -0.0000 0.0000 0.0000 1.6729 13.5619 -15.0467 21.7712 -32.7174 6.4617 28.7554 -21.3687 12.0777 0.0 0.0 0.0 -7.1250 0.0 0.0 1.0647 16.2652 0.724 -0.0000 0.0000 0.0000 -7.5367 7.2043 13.6924 -17.3449 -27.3101 -4.2443 -16.7623 -8.5607 11.3993 0.0 0.0 0.0 7.1250 0.0 -0.0 9.2681 41.6896 0.7641
8.9042 17.0950 19.4174 -181.8100 -176.1100 171.5670 0.0000 0.0000 0.0000 -11.5830 4.5167 -16.6213 5.4455 13.8685 42.7133 0.6547 -9.2414 -14.8647 0.0071 -0.5459 -1.5001 0.0000 0.0000 0.0000 22.2555 6.5394 -14.8429 -6.3880 -14.7941 46.5198 -0.8764 -1.7366 -18.3928 -0.3673 -3.8931 10.7761 2.8351 0.1069 18.8722 2.9983 1.0008 1.8737 1.3775 0.4331 -8.5648 -5.8587 -1.5085 -9.4651 2.7243 -1.5080 9.0829 1.6912 -0.7887 4.3321 -0.0000 -0.0000 0.0000 1.5589 13.7531 -15.7687 22.2254 -33.2309 6.709 28.6935 -21.6081 12.7601 0.0 0.0 0.0 -7.1250 0.0 0.0 0.9615 15.5054 0.6696 -0.0000 -0.0000 0.0000 -7.2948 7.1292 13.8825 -17.9160 -28.0495 -4.5097 -16.8159 -8.5532 11.5213 0.0 0.0 0.0 7.1250 0.0 -0.0 9.2459 41.8197 0.7323
8.9034 17.1828 19.5099 -181.8050 -176.1720 171.5590 0.0000 0.0000 0.0000 -11.6747 4.8701 -15.4116 5.0720 13.4645 41.1330 0.6082 -9.2493 -14.3979 0.0023 -0.3067 -0.8428 0.0000 0.0000 0.0000 22.3166 6.1035 -13.6815 -5.9769 -14.4059 44.8890 -0.8433 -1.7727 -18.0744 -0.3752 -3.9344 10.8921 2.8647 0.1159 18.5747 3.0081 1.0146 1.6695 1.3691 0.4383 -8.6247 -5.7820 -1.5423 -9.3169 2.5168 -1.5523 9.3408 1.6126 -0.8235 4.3867 0.0000 0.0000 0.0000 1.462 13.9894 -16.6207 22.5561 -33.5998 6.8911 28.7127 -21.9647 13.3691 0.0 0.0 0.0 -7.1250 0.0 0.0 0.9188 14.819 0.6533 0.0000 0.0000 0.0000 -7.1055 7.2525 14.1843 -18.5523 -28.8585 -4.8128 -16.4228 -9.1093 11.5527 0.0 0.0 0.0 7.1250 0.0 -0.0 9.5981 41.8142 0.7621
8.9003 17.2749 19.6025 -181.7070 -176.2750 171.5810 0.0000 0.0000 0.0000 -11.8967 5.0089 -14.1978 4.7228 13.0647 39.6110 0.5739 -9.0986 -14.0100 0.0001 0.0525 0.1442 0.0000 0.0000 0.0000 22.2439 5.5943 -12.5835 -5.5840 -14.0127 43.2883 -0.8154 -1.7797 -17.7903 -0.4070 -4.0958 11.3463 2.7505 0.1132 18.1915 3.0189 0.9764 1.5297 1.4559 0.4249 -8.5682 -5.7212 -1.5352 -9.2790 2.3349 -1.5344 9.5047 1.5480 -0.8252 4.4284 -0.0000 0.0000 0.0000 1.2513 14.0703 -17.2625 22.9189 -34.0 7.0929 28.6823 -21.8664 13.1785 0.0 0.0 0.0 -7.1250 0.0 0.0 0.9157 15.037 0.6468 -0.0000 0.0000 0.0000 -7.0488 7.4025 14.9063 -19.3511 -29.8527 -5.2045 -16.5193 -10.0268 11.5618 0.0 0.0 0.0 7.1250 0.0 -0.0 9.5152 41.8328 0.751
8.8929 17.3614 19.6851 -181.7480 -176.5190 171.7690 0.0000 0.0000 0.0000 -11.9767 4.8886 -13.2074 4.4038 12.6792 38.1790 0.5384 -8.9946 -13.6090 0.0047 0.4436 1.2190 0.0000 0.0000 0.0000 22.3300 5.2424 -11.6937 -5.2178 -13.6249 41.7551 -0.7865 -2.0277 -17.6039 -0.4138 -4.1294 11.4410 2.7386 0.0646 17.7946 3.0473 0.9051 1.2793 1.5128 0.3913 -8.6225 -5.6633 -1.5771 -9.1317 2.1892 -1.5918 9.6080 1.4905 -0.8619 4.4366 -0.0000 0.0000 0.0000 1.1004 14.2902 -17.814 23.3787 -34.5003 7.3517 28.5162 -21.6509 12.8597 0.0 0.0 0.0 -7.1250 0.0 0.0 0.8311 15.4168 0.5803 -0.0000 0.0000 0.0000 -6.8791 7.6753 15.4728 -20.1279 -30.7961 -5.5967 -16.9133 -10.5259 11.7708 0.0 0.0 0.0 7.1250 0.0 -0.0 9.2113 42.0851 0.6687
8.8879 17.4341 19.7607 -181.9760 -176.8420 172.1380 0.0000 0.0000 0.0000 -11.8837 4.5728 -12.4666 4.1059 12.3000 36.8017 0.5070 -8.6422 -13.1840 0.0016 0.2600 0.7143 0.0000 0.0000 0.0000 22.6048 5.0165 -11.0700 -4.8855 -13.2536 40.3255 -0.7387 -2.5324 -17.3442 -0.3643 -3.8772 10.7313 2.9383 -0.0447 17.2790 3.1084 0.7953 0.9500 1.4944 0.3314 -8.6937 -5.7285 -1.6643 -8.8328 2.1678 -1.7166 9.6477 1.4879 -0.9290 4.4047 -0.0000 0.0000 0.0000 1.0391 14.522 -18.4618 23.7967 -34.9486 7.5898 28.2746 -21.8906 12.9317 0.0 0.0 0.0 -7.1250 0.0 0.0 0.6592 15.3677 0.461 -0.0000 0.0000 0.0000 -6.6179 7.7315 15.5486 -20.5626 -31.3142 -5.8209 -16.7744 -10.7975 11.9461 0.0 0.0 0.0 7.1250 0.0 -0.0 9.3707 42.251 0.6417
8.8861 17.4945 19.8361 -181.9480 -177.0660 172.4970 0.0000 0.0000 0.0000 -12.0936 4.2610 -11.7940 3.8245 11.9231 35.4604 0.4915 -8.0217 -12.8701 0.0011 -0.2140 -0.5881 0.0000 0.0000 0.0000 22.5757 4.7775 -10.5378 -4.5862 -12.9021 39.0031 -0.6867 -2.9093 -16.9741 -0.3118 -3.5896 9.9247 2.8077 -0.1371 16.6796 3.1722 0.6337 0.7191 1.6756 0.2607 -8.6123 -5.8618 -1.6315 -8.9817 2.1454 -1.6442 10.0118 1.5066 -0.9033 4.5397 0.0000 -0.0000 0.0000 0.888 14.56 -19.1255 24.1355 -35.3072 7.7847 28.2589 -22.4238 13.1204 0.0 0.0 0.0 -7.1250 0.0 0.0 0.6317 15.1585 0.4446 0.0000 -0.0000 0.0000 -6.571 7.533 15.8109 -20.8740 -31.681 -5.9836 -16.7344 -11.5838 11.4892 0.0 0.0 0.0 7.1250 0.0 -0.0 9.3110 41.7791 0.747
8.8808 17.5552 19.9104 -181.9080 -177.1780 172.8320 0.0000 0.0000 0.0000 -12.2734 4.0870 -11.1535 3.5567 11.5459 34.1438 0.4750 -7.4617 -12.5645 0.0072 -0.5494 -1.5098 0.0000 0.0000 0.0000 22.5969 4.7264 -9.9271 -4.3095 -12.5612 37.7475 -0.6373 -3.2860 -16.6288 -0.2907 -3.4671 9.5819 2.6573 -0.1659 16.1461 3.2156 0.5575 0.4371 1.8255 0.2310 -8.6219 -5.9679 -1.5438 -9.0900 2.1538 -1.5075 10.5065 1.5356 -0.8453 4.7057 0.0000 -0.0000 0.0000 0.8306 14.8157 -19.9408 24.5869 -35.7788 8.0471 28.2128 -22.8286 13.0014 0.0 0.0 0.0 -7.1250 0.0 0.0 0.6108 15.2977 0.428 0.0000 -0.0000 0.0000 -6.4603 7.5884 16.0988 -21.3791 -32.2682 -6.2511 -16.8623 -12.2358 11.5982 0.0 0.0 0.0 7.1250 0.0 -0.0 9.2207 41.903 0.7112
8.8719 17.6192 19.9889 -182.0680 -177.3580 173.1780 0.0000 0.0000 0.0000 -12.2193 3.9019 -10.4640 3.2916 11.1528 32.7968 0.4503 -7.0287 -12.1887 0.0122 -0.7120 -1.9566 0.0000 0.0000 0.0000 22.8627 4.7413 -9.2796 -4.0536 -12.2314 36.5557 -0.5946 -3.7707 -16.4267 -0.2706 -3.3464 9.2448 2.7789 -0.1683 15.5465 3.2414 0.5611 0.1723 1.7823 0.2283 -8.5723 -5.9484 -1.5846 -9.2140 2.1304 -1.5560 10.8964 1.5216 -0.8741 4.8486 -0.0000 -0.0000 0.0000 0.9859 14.9834 -20.9131 25.0364 -36.2411 8.3114 27.9234 -22.876 12.5437 0.0 0.0 0.0 -7.1250 0.0 0.0 0.4515 15.8461 0.3111 -0.0000 -0.0000 0.0000 -6.1323 7.6633 15.9921 -21.9286 -32.8963 -6.547 -16.836 -12.3482 12.5905 0.0 0.0 0.0 7.1250 0.0 -0.0 9.4548 42.917 0.4907
8.8648 17.6763 20.0710 -182.1500 -177.5840 173.5000 0.0000 0.0000 0.0000 -12.2542 3.7201 -9.7629 3.0512 10.7775 31.5330 0.4346 -6.7213 -11.9409 0.0128 -0.7314 -2.0101 0.0000 0.0000 0.0000 23.0065 4.6729 -8.6302 -3.8092 -11.9021 35.3865 -0.5572 -4.2536 -16.2952 -0.2260 -3.0603 8.4468 2.7387 -0.1829 14.9040 3.3156 0.5160 0.0046 1.8915 0.2107 -8.3925 -5.8659 -1.6443 -9.5999 1.9889 -1.6072 11.2849 1.4588 -0.9078 5.0341 0.0000 -0.0000 0.0000 0.9959 14.9014 -21.668 25.3471 -36.5566 8.4958 27.939 -22.9293 12.5046 0.0 0.0 0.0 -7.1250 0.0 0.0 0.4655 15.8879 0.3203 0.0000 -0.0000 0.0000 -5.9857 7.5234 15.9654 -22.3182 -33.3347 -6.7598 -16.7771 -12.6737 12.7767 0.0 0.0 0.0 7.1250 0.0 -0.0 9.5484 43.1015 0.4518
8.8604 17.7269 20.1486 -181.8420 -177.8460 173.8310 0.0000 0.0000 0.0000 -12.7402 3.4728 -9.1246 2.8389 10.4295 30.3791 0.4299 -6.4169 -11.8339 0.0133 -0.7442 -2.0452 0.0000 0.0000 0.0000 22.6633 4.5453 -8.0719 -3.5732 -11.5697 34.2263 -0.5245 -4.5424 -16.0974 -0.2199 -3.0186 8.3306 2.2985 -0.1826 14.2726 3.3166 0.4189 -0.1715 2.1590 0.1827 -8.2272 -5.9239 -1.6877 -9.7973 1.9292 -1.6374 11.5469 1.4465 -0.9316 5.1502 0.0000 -0.0000 0.0000 0.9058 14.9398 -22.4047 25.7838 -36.9944 8.7572 28.2786 -23.0944 12.5077 0.0 0.0 0.0 -7.1250 0.0 0.0 0.6988 15.8418 0.4816 0.0000 -0.0000 0.0000 -5.9962 7.4524 16.1668 -22.7687 -33.8349 -7.0091 -16.748 -13.3883 12.5909 0.0 0.0 0.0 7.1250 0.0 -0.0 9.5332 42.9083 0.4969
8.8546 17.7723 20.2130 -181.8620 -178.0520 174.2380 0.0000 0.0000 0.0000 -12.8356 3.1349 -8.5930 2.6402 10.0885 29.2638 0.4224 -6.0212 -11.6822 0.0136 -0.7517 -2.0658 0.0000 0.0000 0.0000 22.7292 4.6404 -7.6449 -3.3591 -11.2549 33.1445 -0.4949 -4.8362 -15.9415 -0.2764 -3.3816 9.3429 2.2587 -0.1904 13.6992 3.3516 0.3879 -0.3830 2.2226 0.1704 -8.1308 -6.0578 -1.7612 -9.8128 2.0034 -1.7255 11.6763 1.4848 -0.9772 5.1986 -0.0000 -0.0000 0.0000 0.9394 15.0512 -23.2654 26.4122 -37.6128 9.138 28.4646 -23.1921 12.4044 0.0 0.0 0.0 -7.1250 0.0 0.0 0.8358 15.9342 0.5743 -0.0000 -0.0000 0.0000 -5.9282 7.4899 16.3544 -23.3623 -34.4827 -7.3424 -16.9039 -14.105 12.7167 0.0 0.0 0.0 7.1250 0.0 -0.0 9.4220 43.0533 0.457
8.8497 17.8132 20.2810 -182.2000 -178.2030 174.4930 0.0000 0.0000 0.0000 -12.5639 2.7807 -7.8638 2.4524 9.7509 28.1738 0.4217 -5.4565 -11.6100 0.0182 -0.8721 -2.3970 0.0000 0.0000 0.0000 23.1779 4.6963 -7.0961 -3.1726 -10.9694 32.1766 -0.4520 -5.3041 -15.7539 -0.2525 -3.2333 8.9290 2.5967 -0.2206 13.2311 3.4277 0.3927 -0.5442 2.1092 0.1606 -8.0382 -6.0757 -1.8086 -9.8236 2.0445 -1.7922 11.8124 1.4957 -1.0096 5.2461 -0.0000 0.0000 0.0000 1.0458 15.1336 -23.9952 27.0435 -38.2206 9.526 28.409 -23.1568 12.7246 0.0 0.0 0.0 -7.1250 0.0 0.0 0.7696 15.5822 0.5346 -0.0000 0.0000 0.0000 -5.7369 7.4489 16.3562 -23.7801 -34.9308 -7.5803 -17.0079 -14.4111 12.9455 0.0 0.0 0.0 7.1250 0.0 -0.0 9.3800 43.2986 0.3976
8.8496 17.8501 20.3602 -181.9160 -178.4220 174.6170 0.0000 0.0000 0.0000 -13.0434 2.4013 -6.9949 2.2886 9.4431 27.1914 0.4329 -4.8694 -11.7181 0.0278 -1.0760 -2.9579 0.0000 0.0000 0.0000 22.8117 4.3308 -6.5437 -3.0042 -10.7018 31.2806 -0.4380 -5.2665 -15.5452 -0.2197 -3.0176 8.3276 2.3406 -0.2172 12.7530 3.3149 0.3282 -0.6040 2.1413 0.1378 -7.8292 -5.8591 -1.8482 -9.9108 1.8481 -1.8467 11.7632 1.3942 -1.0388 5.2438 -0.0000 0.0000 0.0000 1.173 15.0266 -24.6016 27.6643 -38.8054 9.9126 28.2644 -22.6592 12.6531 0.0 0.0 0.0 -7.1250 0.0 0.0 0.6766 15.6808 0.4686 -0.0000 0.0000 0.0000 -5.4937 7.1982 16.2485 -24.1126 -35.2831 -7.7715 -17.4113 -14.2945 13.3517 0.0 0.0 0.0 7.1250 0.0 -0.0 9.1096 43.7591 0.2814
8.8477 17.8775 20.4259 -181.6360 -178.6440 174.8620 0.0000 0.0000 0.0000 -13.4791 2.1034 -6.4175 2.1455 9.1628 26.3059 0.4368 -4.5974 -11.7604 0.0347 -1.2032 -3.3081 0.0000 0.0000 0.0000 22.4447 4.0659 -6.1733 -2.8515 -10.4506 30.4487 -0.4488 -5.0429 -15.5123 -0.2774 -3.3877 9.3601 2.0005 -0.1901 12.4882 3.2315 0.3032 -0.8099 2.2498 0.1380 -7.9001 -5.5747 -1.9025 -9.9122 1.5675 -1.9261 11.7039 1.2542 -1.0834 5.2233 0.0000 0.0000 0.0000 1.2906 15.1412 -25.3416 28.4211 -39.501 10.3904 28.2977 -22.2935 12.529 0.0 0.0 0.0 -7.1250 0.0 0.0 0.7102 15.8156 0.4898 0.0000 0.0000 0.0000 -5.3406 7.1073 16.2944 -24.5608 -35.7517 -8.0319 -18.024 -14.3653 13.3354 0.0 0.0 0.0 7.1250 0.0 -0.0 8.5545 43.8102 0.2532
8.8408 17.8988 20.4758 -182.0150 -178.8390 175.1060 0.0000 0.0000 0.0000 -13.0945 1.8663 -5.9619 2.0077 8.8821 25.4271 0.4306 -4.4921 -11.6747 0.0355 -1.2165 -3.3447 0.0000 0.0000 0.0000 22.9331 4.1820 -5.7813 -2.7283 -10.2417 29.7631 -0.4439 -5.2976 -15.6459 -0.3271 -3.6758 10.1664 2.2861 -0.2008 12.4137 3.3418 0.3483 -1.0591 2.2014 0.1502 -8.1276 -5.5470 -1.9692 -9.9567 1.5471 -2.0154 11.8948 1.2361 -1.1294 5.2930 0.0000 -0.0000 0.0000 1.4767 15.3519 -26.272 29.1784 -40.1787 10.8757 28.4962 -22.2502 12.9535 0.0 0.0 0.0 -7.1250 0.0 0.0 0.8090 15.3142 0.5667 0.0000 -0.0000 0.0000 -5.2752 7.175 16.5967 -25.0925 -36.2984 -8.3446 -18.1564 -14.8521 13.114 0.0 0.0 0.0 7.1250 0.0 -0.0 8.3871 43.5963 0.2927
8.8352 17.9177 20.5240 -182.3060 -178.9440 175.3130 0.0000 0.0000 0.0000 -12.8086 1.5973 -5.4894 1.8852 8.6227 24.6220 0.4330 -4.2450 -11.7042 0.0357 -1.2189 -3.3513 0.0000 0.0000 0.0000 23.3217 4.2816 -5.4445 -2.6264 -10.0641 29.1847 -0.4319 -5.5400 -15.6835 -0.3137 -3.6003 9.9548 2.5337 -0.1901 12.1986 3.4017 0.3967 -1.1142 2.1148 0.1644 -8.0645 -5.6386 -2.0167 -10.1876 1.7223 -2.0749 11.9636 1.2995 -1.1503 5.3582 0.0000 0.0000 0.0000 1.7668 15.1192 -27.1781 29.8480 -40.7627 11.3102 28.3667 -22.0162 13.2115 0.0 0.0 0.0 -7.1250 0.0 0.0 0.6973 15.0422 0.4924 0.0000 0.0000 0.0000 -5.145 6.9602 16.8669 -25.6952 -36.9061 -8.704 -18.3061 -15.0067 13.4048 0.0 0.0 0.0 7.1250 0.0 -0.0 8.3152 43.9134 0.2246
8.8323 17.9306 20.5800 -181.9930 -179.0440 175.5580 0.0000 0.0000 0.0000 -13.2500 1.2834 -5.0190 1.7841 8.4010 23.9389 0.4476 -3.8997 -11.9061 0.0313 -1.1425 -3.1410 0.0000 0.0000 0.0000 22.9293 4.0395 -5.2809 -2.5309 -9.8938 28.6335 -0.4367 -5.3932 -15.6287 -0.2996 -3.5196 9.7288 2.1654 -0.1203 11.7553 3.3238 0.4092 -1.1219 2.2326 0.1851 -7.8202 -5.6964 -2.0545 -10.2074 1.8152 -2.1278 11.7678 1.3338 -1.1698 5.3040 -0.0000 -0.0000 0.0000 1.9189 14.9102 -27.9097 30.6497 -41.4438 11.8373 28.0763 -21.7411 13.2232 0.0 0.0 0.0 -7.1250 0.0 0.0 0.4979 15.0675 0.3513 -0.0000 -0.0000 0.0000 -5.074 6.6537 17.0826 -26.2876 -37.4913 -9.0621 -18.5822 -14.9008 13.8291 0.0 0.0 0.0 7.1250 0.0 -0.0 8.1586 44.3836 0.125
8.8287 17.9400 20.6424 -181.8510 -179.1910 175.7280 0.0000 0.0000 0.0000 -13.4971 1.0944 -4.4995 1.7003 8.2118 23.3592 0.4665 -3.7133 -12.1675 0.0128 -0.7315 -2.0103 0.0000 0.0000 0.0000 22.7161 3.7555 -5.0295 -2.4466 -9.7402 28.1394 -0.4601 -5.1499 -15.7389 -0.3508 -3.8053 10.5296 1.9523 -0.0720 11.3844 3.3371 0.4321 -1.2089 2.3606 0.2059 -7.7034 -5.8302 -2.1094 -10.0388 1.8586 -2.1974 11.7328 1.3651 -1.2072 5.2696 -0.0000 -0.0000 0.0000 1.9356 14.9567 -28.5675 31.4869 -42.1343 12.3952 28.1593 -21.6518 13.4084 0.0 0.0 0.0 -7.1250 0.0 0.0 0.5380 14.8497 0.3822 -0.0000 -0.0000 0.0000 -5.2095 6.447 17.445 -26.6491 -37.8425 -9.283 -18.8549 -15.2062 13.8478 0.0 0.0 0.0 7.1250 0.0 -0.0 7.9149 44.4347 0.1112
8.8254 17.9431 20.6912 -182.4410 -179.2350 175.8770 0.0000 0.0000 0.0000 -12.8783 0.9459 -4.0958 1.6231 8.0324 22.8125 0.4797 -3.5833 -12.3484 0.0017 -0.2627 -0.7218 0.0000 0.0000 0.0000 23.4069 3.8464 -4.7290 -2.3827 -9.6215 27.7596 -0.4764 -5.1655 -15.9553 -0.4273 -4.1952 11.6265 2.4638 -0.0801 11.3583 3.5325 0.5126 -1.3394 2.2678 0.2276 -7.8303 -5.9293 -2.1474 -10.0828 1.9200 -2.2393 11.8595 1.3967 -1.2292 5.3200 -0.0000 0.0000 0.0000 2.0445 14.9161 -29.2659 32.2751 -42.7654 12.9272 28.5388 -21.67 13.6818 0.0 0.0 0.0 -7.1250 0.0 0.0 0.7711 14.4923 0.5537 -0.0000 0.0000 0.0000 -5.3349 6.1569 17.8208 -26.8616 -38.0469 -9.4137 -19.0321 -15.5073 13.8542 0.0 0.0 0.0 7.1250 0.0 -0.0 7.7553 44.462 0.1036
8.8232 17.9401 20.7263 -183.0390 -179.2800 175.9920 0.0000 0.0000 0.0000 -12.2289 0.7530 -3.7603 1.5574 7.8759 22.3377 0.4958 -3.4249 -12.5705 0.0017 -0.2638 -0.7248 0.0000 0.0000 0.0000 24.1327 4.0149 -4.4613 -2.3336 -9.5288 27.4641 -0.4800 -5.3375 -16.1315 -0.4547 -4.3260 11.9957 2.9916 -0.1300 11.4251 3.6904 0.5372 -1.3604 2.1351 0.2201 -7.8905 -5.9192 -2.1709 -10.2866 1.9406 -2.2622 11.8440 1.3981 -1.2372 5.3505 0.0000 -0.0000 0.0000 2.212 14.6776 -29.775 33.1634 -43.4552 13.5343 28.8067 -21.4037 13.769 0.0 0.0 0.0 -7.1250 0.0 0.0 0.9447 14.3573 0.681 0.0000 -0.0000 0.0000 -5.3206 5.8004 18.1482 -27.3404 -38.5019 -9.7103 -18.9461 -15.6164 13.8301 0.0 0.0 0.0 7.1250 0.0 -0.0 7.8282 44.4268 0.1114
8.8198 17.9416 20.7622 -182.8240 -179.4930 176.1110 0.0000 0.0000 0.0000 -12.5275 0.4269 -3.4974 1.5170 7.7779 22.0414 0.5123 -3.1684 -12.8085 0.0078 -0.5721 -1.5721 0.0000 0.0000 0.0000 23.9070 3.8894 -4.3235 -2.2905 -9.4467 27.2029 -0.4739 -5.4927 -16.1758 -0.4453 -4.2817 11.8705 2.7350 -0.1307 11.4108 3.6110 0.4942 -1.3809 2.2031 0.2085 -7.9041 -5.8736 -2.2068 -10.3814 1.9249 -2.3092 11.7591 1.3813 -1.2577 5.3411 -0.0000 0.0000 0.0000 2.3667 14.406 -30.1471 34.0299 -44.1068 14.1339 28.5394 -20.9336 13.8904 0.0 0.0 0.0 -7.1250 0.0 0.0 0.7518 14.2587 0.5435 -0.0000 0.0000 0.0000 -5.3238 5.5575 18.4685 -28.0086 -39.1242 -10.1291 -18.6963 -16.1369 13.2994 0.0 0.0 0.0 7.1250 0.0 -0.0 7.9403 43.848 0.2273
8.8200 17.9461 20.7962 -182.2260 -179.7850 176.3950 0.0000 0.0000 0.0000 -13.2995 0.0452 -3.4827 1.4929 7.7186 21.8625 0.5158 -2.8403 -12.8913 0.0206 -0.9268 -2.5476 0.0000 0.0000 0.0000 23.1712 3.5246 -4.4947 -2.2541 -9.3764 26.9801 -0.4681 -5.4595 -16.0775 -0.3803 -3.9605 10.9655 2.1637 -0.0900 11.3799 3.4275 0.4573 -1.4970 2.3382 0.2114 -8.0118 -5.8409 -2.2511 -10.4955 1.8853 -2.3613 11.6901 1.3586 -1.2830 5.3400 -0.0000 0.0000 0.0000 2.5095 14.1227 -30.6019 34.8288 -44.6895 14.6928 28.0029 -20.7142 14.267 0.0 0.0 0.0 -7.1250 0.0 0.0 0.3533 13.9135 0.258 -0.0000 0.0000 0.0000 -5.3719 5.2677 18.66 -28.5516 -39.6191 -10.4736 -18.3091 -16.5161 13.2436 0.0 0.0 0.0 7.1250 0.0 -0.0 8.2776 43.7471 0.2578
8.8212 17.9527 20.8299 -182.1240 -179.8970 176.6710 0.0000 0.0000 0.0000 -13.4818 -0.0778 -3.5176 1.4771 7.6794 21.7443 0.5293 -2.6985 -13.0834 0.0375 -1.2494 -3.4354 0.0000 0.0000 0.0000 22.9967 3.3059 -4.6325 -2.2206 -9.3112 26.7738 -0.4735 -5.3051 -16.0264 -0.3119 -3.5905 9.9273 2.0678 -0.0515 11.3451 3.4103 0.4958 -1.5787 2.3682 0.2341 -8.0813 -5.8953 -2.3010 -10.6909 1.8321 -2.4002 11.7465 1.3458 -1.3078 5.3924 0.0000 0.0000 0.0000 2.5582 13.8233 -30.9194 35.6320 -45.2582 15.2606 27.8878 -20.7007 14.775 0.0 0.0 0.0 -7.1250 0.0 0.0 0.2280 13.3647 0.1691 0.0000 0.0000 0.0000 -5.3339 4.9181 18.5455 -29.0210 -40.0393 -10.7742 -18.142 -15.9811 14.1236 0.0 0.0 0.0 7.1250 0.0 -0.0 8.6251 44.6364 0.078
8.8203 17.9588 20.8663 -182.3780 -179.8620 176.8090 0.0000 0.0000 0.0000 -13.2339 -0.1194 -3.4481 1.4777 7.6808 21.7488 0.5523 -2.5874 -13.3903 0.0497 -1.4384 -3.9561 0.0000 0.0000 0.0000 23.2731 3.2493 -4.5601 -2.1869 -9.2449 26.5644 -0.4695 -5.3050 -15.9761 -0.2719 -3.3539 9.2656 2.2319 -0.0225 11.4162 3.5316 0.5743 -1.6567 2.3930 0.2679 -8.2091 -6.0028 -2.3396 -10.7478 1.7762 -2.4238 11.9120 1.3430 -1.3298 5.4558 -0.0000 0.0000 0.0000 2.5432 13.5106 -31.0521 36.2424 -45.6792 15.6957 28.1396 -20.4809 15.1316 0.0 0.0 0.0 -7.1250 0.0 0.0 0.3625 12.9313 0.2722 -0.0000 0.0000 0.0000 -5.3291 4.8128 18.517 -29.6271 -40.5716 -11.1663 -18.1411 -15.5379 14.2242 0.0 0.0 0.0 7.1250 0.0 -0.0 8.6492 44.7399 0.056
8.8180 17.9649 20.8972 -182.5830 -179.9030 177.0180 0.0000 0.0000 0.0000 -13.0287 -0.3063 -3.4971 1.4830 7.6940 21.7884 0.5562 -2.4400 -13.4626 0.0427 -1.3343 -3.6691 0.0000 0.0000 0.0000 23.5113 3.2092 -4.5977 -2.1559 -9.1835 26.3711 -0.4499 -5.4564 -15.8460 -0.2529 -3.2360 8.9364 2.3276 -0.0285 11.5829 3.6138 0.6040 -1.8555 2.4271 0.2799 -8.5221 -5.9406 -2.3199 -10.6930 1.6406 -2.3928 12.1243 1.2930 -1.3245 5.5096 -0.0000 0.0000 0.0000 2.601 13.3461 -31.146 36.7901 -46.0489 16.0887 28.2209 -20.186 15.3665 0.0 0.0 0.0 -7.1250 0.0 0.0 0.3935 12.6579 0.2977 -0.0000 0.0000 0.0000 -5.3447 4.8614 18.6503 -30.2409 -41.099 -11.5677 -18.0182 -15.3076 13.9588 0.0 0.0 0.0 7.1250 0.0 -0.0 8.6996 44.4521 0.1186
8.8102 17.9706 20.9217 -182.7890 -179.9390 177.2700 0.0000 0.0000 0.0000 -12.7718 -0.5353 -3.6560 1.4798 7.6861 21.7647 0.5434 -2.2740 -13.3304 0.0331 -1.1740 -3.2276 0.0000 0.0000 0.0000 23.8246 3.4387 -4.6568 -2.1330 -9.1377 26.2271 -0.4308 -5.7162 -15.8112 -0.2693 -3.3380 9.2214 2.4189 0.0042 11.6889 3.6775 0.6779 -1.9821 2.4335 0.3128 -8.7233 -5.7286 -2.3245 -10.7514 1.3571 -2.3903 12.2232 1.1689 -1.3348 5.5445 -0.0000 0.0000 0.0000 2.6665 13.1557 -31.1984 37.4345 -46.4743 16.5543 28.4147 -20.0538 15.6736 0.0 0.0 0.0 -7.1250 0.0 0.0 0.4915 12.2864 0.3757 -0.0000 0.0000 0.0000 -5.2997 4.6302 18.5531 -30.6516 -41.4454 -11.8385 -17.9921 -14.5353 15.25 0.0 0.0 0.0 7.1250 0.0 -0.0 9.0335 45.7773 -0.1747
8.8133 17.9768 20.9593 -182.6730 -180.0090 177.3220 0.0000 0.0000 0.0000 -12.9509 -0.7043 -3.5475 1.4828 7.6936 21.7874 0.5527 -2.1136 -13.4768 0.0436 -1.3484 -3.7079 0.0000 0.0000 0.0000 23.6525 3.2997 -4.5850 -2.1151 -9.1018 26.1141 -0.4466 -5.5196 -15.8549 -0.3148 -3.6069 9.9733 2.3619 0.0564 11.5910 3.6423 0.7241 -1.8275 2.4152 0.3373 -8.4998 -5.6779 -2.4133 -10.9834 1.1837 -2.4793 12.1135 1.0968 -1.3859 5.5499 -0.0000 -0.0000 0.0000 2.6834 12.6074 -31.2267 37.9541 -46.81 16.9322 28.8065 -19.5115 15.6012 0.0 0.0 0.0 -7.1250 0.0 0.0 0.7598 12.3059 0.5804 -0.0000 -0.0000 0.0000 -5.3111 4.0995 18.3767 -30.8838 -41.639 -11.9926 -18.3225 -13.8974 15.7667 0.0 0.0 0.0 7.1250 0.0 -0.0 8.8595 46.3507 -0.2976
8.8242 17.9843 21.0034 -182.6080 -180.0990 177.3880 0.0000 0.0000 0.0000 -13.1095 -0.7442 -3.4156 1.4891 7.7091 21.8341 0.5747 -2.1452 -13.7461 0.0511 -1.4589 -4.0125 0.0000 0.0000 0.0000 23.4292 2.8802 -4.6168 -2.1073 -9.0862 26.0653 -0.4853 -4.9710 -15.9212 -0.3915 -4.0175 11.1259 2.4334 0.0718 11.3419 3.6171 0.7321 -1.6494 2.3410 0.3376 -8.1621 -5.8183 -2.4817 -11.1452 1.2840 -2.5518 11.9648 1.1438 -1.4178 5.5364 0.0000 -0.0000 0.0000 2.6435 12.0333 -31.1772 38.3587 -47.0669 17.2277 28.8988 -18.7517 15.2613 0.0 0.0 0.0 -7.1250 0.0 0.0 0.8569 12.6714 0.6482 0.0000 -0.0000 0.0000 -5.3346 3.6635 18.1981 -31.1466 -41.8562 -12.1676 -18.7788 -13.6769 14.2777 0.0 0.0 0.0 7.1250 0.0 -0.0 8.0801 44.8711 0.0259
8.8266 17.9858 21.0330 -183.2140 -180.0560 177.6060 0.0000 0.0000 0.0000 -12.4136 -0.6645 -3.5507 1.4854 7.6999 21.8062 0.5766 -2.2552 -13.7490 0.0547 -1.5094 -4.1516 0.0000 0.0000 0.0000 24.0899 2.9843 -4.7678 -2.1162 -9.1040 26.1212 -0.5064 -4.8917 -16.1242 -0.4296 -4.2064 11.6581 3.0152 0.0822 11.2575 3.7997 0.8387 -1.6508 2.1879 0.3673 -8.1144 -5.8126 -2.4843 -11.1890 1.2815 -2.5529 11.9530 1.1416 -1.4179 5.5400 0.0000 0.0000 0.0000 2.5145 11.6755 -30.9051 38.6729 -47.2637 17.4582 28.8122 -18.2506 15.1714 0.0 0.0 0.0 -7.1250 0.0 0.0 0.8085 12.7854 0.6096 0.0000 0.0000 0.0000 -5.3312 3.4273 18.0095 -31.5003 -42.1451 -12.4042 -19.1258 -13.4266 13.3595 0.0 0.0 0.0 7.1250 0.0 -0.0 7.5649 43.9587 0.1956
8.8269 17.9817 21.0557 -183.3730 -180.1120 177.7610 0.0000 0.0000 0.0000 -12.2289 -0.7309 -3.6251 1.4793 7.6849 21.7612 0.5640 -2.2327 -13.5961 0.0560 -1.5277 -4.2020 0.0000 0.0000 0.0000 24.2818 3.0923 -4.9032 -2.1347 -9.1412 26.2380 -0.5140 -5.0020 -16.2977 -0.4246 -4.1820 11.5894 3.1127 0.0909 11.3660 3.8552 0.8762 -1.6747 2.1866 0.3820 -8.2034 -5.5828 -2.4566 -11.4452 1.0420 -2.5040 12.2219 1.0298 -1.4036 5.6599 -0.0000 0.0000 0.0000 2.3529 11.3524 -30.4979 38.8232 -47.357 17.5686 28.825 -17.7318 15.1763 0.0 0.0 0.0 -7.1250 0.0 0.0 0.8165 12.7779 0.6157 -0.0000 0.0000 0.0000 -5.3644 3.162 17.9527 -31.6671 -42.2801 -12.5163 -19.3216 -13.1479 13.3724 0.0 0.0 0.0 7.1250 0.0 -0.0 7.3903 43.9944 0.1845
8.8275 17.9801 21.0820 -182.9010 -180.2510 177.8770 0.0000 0.0000 0.0000 -12.7815 -0.8662 -3.6631 1.4740 7.6718 21.7217 0.5406 -2.1538 -13.3156 0.0339 -1.1889 -3.2687 0.0000 0.0000 0.0000 23.7417 3.0826 -5.0289 -2.1578 -9.1873 26.3829 -0.5202 -4.9588 -16.3411 -0.4547 -4.3260 11.9956 2.5875 0.1272 11.4238 3.7350 0.8418 -1.6468 2.3606 0.3867 -8.2097 -5.3591 -2.4446 -11.8135 0.8143 -2.4702 12.5261 0.9200 -1.3966 5.8111 0.0000 -0.0000 0.0000 2.1748 10.9445 -30.1185 38.8409 -47.368 17.5816 28.9815 -17.205 15.1172 0.0 0.0 0.0 -7.1250 0.0 0.0 0.9272 12.82 0.6985 0.0000 -0.0000 0.0000 -5.4427 2.8989 18.0082 -31.7745 -42.3667 -12.5886 -19.4233 -12.936 13.4573 0.0 0.0 0.0 7.1250 0.0 -0.0 7.3157 44.0944 0.1644
8.8312 17.9852 21.1166 -182.5260 -180.3070 177.9740 0.0000 0.0000 0.0000 -13.2138 -0.8361 -3.6454 1.4588 7.6338 21.6072 0.5343 -2.1588 -13.2345 0.0292 -1.1037 -3.0341 0.0000 0.0000 0.0000 23.2919 3.0664 -5.1065 -2.1828 -9.2370 26.5394 -0.5364 -4.8192 -16.4356 -0.5311 -4.6700 12.9697 2.2542 0.2087 11.4445 3.5935 0.8933 -1.6606 2.3883 0.4235 -8.2390 -5.2158 -2.4927 -11.8407 0.7244 -2.5460 12.5610 0.8614 -1.4337 5.8259 -0.0000 0.0000 0.0000 2.0944 10.6593 -29.8438 38.8164 -47.3528 17.5636 29.137 -16.7919 15.0068 0.0 0.0 0.0 -7.1250 0.0 0.0 1.0428 12.9198 0.7834 -0.0000 0.0000 0.0000 -5.3666 2.8667 17.7511 -31.9593 -42.5147 -12.7133 -19.8988 -12.6428 13.2971 0.0 0.0 0.0 7.1250 0.0 -0.0 6.8520 43.9812 0.1732
8.8379 17.9852 21.1575 -182.5090 -180.2930 177.9370 0.0000 0.0000 0.0000 -13.2477 -0.6551 -3.4530 1.4463 7.6024 21.5127 0.5458 -2.2120 -13.3714 0.0460 -1.3842 -3.8067 0.0000 0.0000 0.0000 23.2584 2.9990 -4.9300 -2.1905 -9.2521 26.5871 -0.5451 -4.8313 -16.5484 -0.5508 -4.7545 13.2096 2.3328 0.2575 11.5217 3.5256 0.9688 -1.6825 2.2579 0.4545 -8.3064 -5.1706 -2.5400 -11.5627 0.7735 -2.6425 12.3781 0.8650 -1.4732 5.7239 -0.0000 0.0000 0.0000 2.132 10.6516 -29.6019 38.9271 -47.4212 17.6451 29.1602 -16.5121 14.8277 0.0 0.0 0.0 -7.1250 0.0 0.0 1.0770 13.1173 0.8046 -0.0000 0.0000 0.0000 -5.2512 2.8488 17.4072 -32.0412 -42.58 -12.7687 -20.619 -12.2878 13.3266 0.0 0.0 0.0 7.1250 0.0 -0.0 6.2039 44.0946 0.1392
8.8434 17.9786 21.1990 -182.7590 -180.2580 177.8450 0.0000 0.0000 0.0000 -12.9763 -0.4971 -3.2685 1.4554 7.6252 21.5814 0.5476 -2.3124 -13.3765 0.0363 -1.2305 -3.3832 0.0000 0.0000 0.0000 23.5526 2.9581 -4.5743 -2.1699 -9.2114 26.4587 -0.5469 -4.9295 -16.6400 -0.5108 -4.5814 12.7183 2.6272 0.2542 11.5106 3.5727 1.0040 -1.5577 2.1336 0.4594 -8.1625 -5.1640 -2.5426 -11.4696 0.8418 -2.6631 12.1667 0.8856 -1.4755 5.6429 -0.0000 -0.0000 0.0000 2.1098 10.5542 -29.2958 39.1709 -47.5709 17.8248 29.2662 -16.4283 14.5883 0.0 0.0 0.0 -7.1250 0.0 0.0 1.1730 13.3702 0.8701 -0.0000 -0.0000 0.0000 -5.4021 2.434 17.5542 -31.9715 -42.5244 -12.7216 -21.5789 -12.3558 13.1965 0.0 0.0 0.0 7.1250 0.0 -0.0 5.3061 44.068 0.1224
8.8484 17.9786 21.2362 -183.1290 -180.2320 177.9040 0.0000 0.0000 0.0000 -12.5808 -0.5853 -3.2832 1.4772 7.6797 21.7453 0.5572 -2.3454 -13.4914 0.0218 -0.9540 -2.6223 0.0000 0.0000 0.0000 23.9698 3.0025 -4.3647 -2.1367 -9.1452 26.2504 -0.5559 -4.9703 -16.7752 -0.4924 -4.4993 12.4857 3.0337 0.2445 11.3576 3.6630 1.0395 -1.3966 1.9914 0.4621 -7.8972 -5.0711 -2.5053 -11.6353 0.8528 -2.6206 12.1309 0.8760 -1.4487 5.6569 0.0000 0.0000 0.0000 2.026 10.3485 -28.9762 39.4462 -47.7383 18.0283 29.7319 -16.5283 14.34 0.0 0.0 0.0 -7.1250 0.0 0.0 1.5120 13.5797 1.1151 0.0000 0.0000 0.0000 -5.3353 2.7359 17.6545 -32.7173 -43.1116 -13.2285 -22.4396 -12.5824 12.8707 0.0 0.0 0.0 7.1250 0.0 -0.0 4.4659 43.8204 0.1303
8.8525 17.9829 21.2603 -183.4690 -180.2170 178.1050 0.0000 0.0000 0.0000 -12.2041 -0.7090 -3.5082 1.4981 7.7314 21.9012 0.5637 -2.3087 -13.5785 0.0216 -0.9482 -2.6064 0.0000 0.0000 0.0000 24.3670 3.1974 -4.3280 -2.1040 -9.0794 26.0440 -0.5566 -5.1145 -16.8873 -0.4725 -4.4088 12.2297 3.3611 0.2450 11.3142 3.7711 1.0923 -1.4008 1.9128 0.4761 -7.8751 -5.0531 -2.4559 -11.7548 0.9213 -2.5596 12.2547 0.8982 -1.4142 5.7147 0.0000 0.0000 0.0000 1.9247 10.4132 -28.7415 39.8231 -47.9648 18.3078 30.2833 -17.0078 14.2434 0.0 0.0 0.0 -7.1250 0.0 0.0 1.8933 13.6052 1.3956 0.0000 0.0000 0.0000 -5.3385 2.5908 17.5944 -32.7497 -43.1367 -13.2506 -22.5316 -12.485 13.4844 0.0 0.0 0.0 7.1250 0.0 -0.0 4.4866 44.4863 0.057
8.8567 17.9868 21.2828 -183.3400 -180.2490 178.2760 0.0000 0.0000 0.0000 -12.3490 -0.7502 -3.6705 1.5100 7.7607 21.9895 0.5492 -2.3275 -13.3944 0.0150 -0.7909 -2.1737 0.0000 0.0000 0.0000 24.2349 3.2954 -4.2889 -2.0746 -9.0198 25.8573 -0.5547 -5.2198 -16.9419 -0.4765 -4.4267 12.2804 3.2130 0.2776 11.3362 3.7410 1.1145 -1.4098 1.9602 0.4925 -7.8992 -5.1368 -2.4934 -11.7097 1.0653 -2.6189 12.1647 0.9528 -1.4353 5.6835 0.0000 0.0000 0.0000 1.8953 10.4814 -28.6628 40.1790 -48.1756 18.5725 30.5677 -17.9309 14.2904 0.0 0.0 0.0 -7.1250 0.0 0.0 2.0793 13.5079 1.5371 0.0000 0.0000 0.0000 -5.291 2.3808 17.4062 -32.7714 -43.1536 -13.2654 -22.3817 -12.1275 14.2301 0.0 0.0 0.0 7.1250 0.0 -0.0 4.7593 45.2628 -0.0309
8.8633 17.9878 21.3180 -183.1510 -180.3140 178.4370 0.0000 0.0000 0.0000 -12.5813 -0.7623 -3.7332 1.5107 7.7625 21.9950 0.5433 -2.3794 -13.3101 0.0140 -0.7628 -2.0964 0.0000 0.0000 0.0000 23.9929 3.1977 -4.2574 -2.0502 -8.9699 25.7013 -0.5632 -5.1770 -17.0100 -0.4901 -4.4887 12.4557 3.0208 0.2861 11.2068 3.6810 1.0837 -1.3492 2.0090 0.4856 -7.7609 -5.0833 -2.5494 -11.5965 1.0668 -2.7108 11.8224 0.9393 -1.4739 5.5588 -0.0000 0.0000 0.0000 1.8971 10.4005 -28.5916 40.2776 -48.2335 18.646 31.7258 -19.0519 14.2637 0.0 0.0 0.0 -7.1250 0.0 0.0 2.8592 13.3545 2.1242 -0.0000 0.0000 0.0000 -5.3 2.5637 17.5547 -33.3756 -43.6168 -13.6805 -22.6358 -12.1246 14.2774 0.0 0.0 0.0 7.1250 0.0 -0.0 4.5330 45.3453 -0.0387
8.8748 17.9872 21.3558 -183.1530 -180.4110 178.5420 0.0000 0.0000 0.0000 -12.6123 -0.6784 -3.7228 1.5039 7.7457 21.9444 0.5511 -2.5445 -13.3822 0.0145 -0.7775 -2.1367 0.0000 0.0000 0.0000 23.9262 2.9859 -4.2024 -2.0284 -8.9249 25.5608 -0.5707 -5.0990 -17.0409 -0.4455 -4.2823 11.8723 3.0928 0.2819 11.0593 3.6800 1.0751 -1.2660 1.9675 0.4795 -7.5855 -5.0098 -2.5993 -11.6405 0.9975 -2.7788 11.6946 0.8999 -1.5072 5.5261 -0.0000 -0.0000 0.0000 1.914 10.3242 -28.6143 40.3071 -48.2508 18.6681 32.9338 -19.6373 13.8054 0.0 0.0 0.0 -7.1250 0.0 0.0 3.7248 13.6862 2.7436 -0.0000 -0.0000 0.0000 -5.4509 2.8005 17.8066 -33.9804 -44.0702 -14.0995 -22.9271 -12.3854 14.205 0.0 0.0 0.0 7.1250 0.0 -0.0 4.2499 45.305 -0.032
8.8872 17.9893 21.3900 -183.1870 -180.3980 178.5800 0.0000 0.0000 0.0000 -12.6162 -0.5915 -3.6066 1.4948 7.7232 21.8766 0.5615 -2.7201 -13.4853 0.0043 -0.4230 -1.1623 0.0000 0.0000 0.0000 23.9135 2.9161 -4.0462 -2.0048 -8.8760 25.4081 -0.5772 -5.0382 -17.0729 -0.4217 -4.1682 11.5502 3.2696 0.3453 10.9229 3.6434 1.1659 -1.1363 1.8115 0.5175 -7.3653 -5.0166 -2.6915 -11.6322 1.0255 -2.9065 11.6030 0.8996 -1.5667 5.5003 0.0000 0.0000 0.0000 2.0907 10.2226 -28.8281 40.4694 -48.3455 18.7892 32.8946 -19.6334 13.0453 0.0 0.0 0.0 -7.1250 0.0 0.0 3.7923 14.5771 2.7219 0.0000 0.0000 0.0000 -5.6595 2.7946 18.1219 -34.2495 -44.2687 -14.2869 -23.6143 -12.3297 14.8265 0.0 0.0 0.0 7.1250 0.0 -0.0 3.7223 46.0601 -0.0975
8.8946 17.9951 21.4207 -183.3240 -180.3250 178.7750 0.0000 0.0000 0.0000 -12.4980 -0.6229 -3.5999 1.4776 7.6806 21.7482 0.5672 -2.7419 -13.5531 0.0013 -0.2299 -0.6317 0.0000 0.0000 0.0000 24.0531 3.0975 -4.0274 -1.9862 -8.8373 25.2878 -0.5852 -5.0517 -17.1739 -0.4472 -4.2903 11.8948 3.4219 0.3799 10.7021 3.6582 1.2162 -1.0674 1.7326 0.5382 -7.1633 -5.0336 -2.7048 -11.5224 1.1233 -2.9409 11.3917 0.9324 -1.5753 5.4183 -0.0000 0.0000 0.0000 2.2203 10.2359 -28.8421 40.7861 -48.5288 19.0262 33.3375 -20.1095 12.7162 0.0 0.0 0.0 -7.1250 0.0 0.0 4.1325 14.892 2.9395 -0.0000 0.0000 0.0000 -5.8511 2.8273 18.6139 -34.5507 -44.4886 -14.4976 -24.253 -12.1465 15.3787 0.0 0.0 0.0 7.1250 0.0 -0.0 3.2219 46.7412 -0.1386
8.8991 18.0009 21.4424 -183.4130 -180.2610 179.0120 0.0000 0.0000 0.0000 -12.4240 -0.7065 -3.6134 1.4467 7.6035 21.5162 0.5650 -2.5371 -13.5576 0.0062 -0.5075 -1.3944 0.0000 0.0000 0.0000 24.1681 3.3978 -4.1068 -1.9796 -8.8234 25.2443 -0.5782 -5.2564 -17.2405 -0.4429 -4.2699 11.8373 3.4090 0.3946 10.7607 3.7145 1.2461 -1.1476 1.7954 0.5532 -7.2847 -5.0259 -2.6732 -11.4450 1.1976 -2.9141 11.3769 0.9577 -1.5567 5.4007 0.0000 0.0000 0.0000 2.1943 10.5349 -28.6938 41.2006 -48.7654 19.3373 33.8063 -20.7416 12.6905 0.0 0.0 0.0 -7.1250 0.0 0.0 4.4531 14.8484 3.173 0.0000 0.0000 0.0000 -5.9367 2.9469 18.7896 -34.7838 -44.6572 -14.6612 -23.9317 -12.4143 14.4865 0.0 0.0 0.0 7.1250 0.0 -0.0 3.3653 45.7365 -0.0612
8.9039 18.0043 21.4682 -183.1160 -180.2070 179.1330 0.0000 0.0000 0.0000 -12.8006 -0.7526 -3.4680 1.4194 7.5345 21.3089 0.5753 -2.2803 -13.7277 0.0189 -0.8881 -2.4409 0.0000 0.0000 0.0000 23.8394 3.5488 -4.0841 -1.9745 -8.8127 25.2111 -0.5765 -5.3203 -17.2681 -0.4408 -4.2603 11.8101 3.0193 0.4736 10.9910 3.6824 1.3172 -1.2702 1.9693 0.6009 -7.5555 -4.9771 -2.6801 -11.1449 1.1300 -2.9393 11.2651 0.9306 -1.5717 5.3145 0.0000 -0.0000 0.0000 2.1778 10.8985 -28.7391 41.5058 -48.9372 19.5672 33.4962 -21.183 12.6823 0.0 0.0 0.0 -7.1250 0.0 0.0 4.2443 14.907 3.018 0.0000 -0.0000 0.0000 -6.0309 2.7043 18.502 -34.3086 -44.3121 -14.3282 -23.3269 -12.4328 13.5395 0.0 0.0 0.0 7.1250 0.0 -0.0 3.7653 44.6414 0.0334
8.9138 18.0052 21.5079 -182.6010 -180.2710 179.2210 0.0000 0.0000 0.0000 -13.4578 -0.7924 -3.2860 1.4045 7.4964 21.1947 0.5998 -2.2237 -14.0374 0.0244 -1.0077 -2.7701 0.0000 0.0000 0.0000 23.1762 3.2441 -4.0722 -1.9625 -8.7876 25.1332 -0.5985 -4.9898 -17.2824 -0.4371 -4.2426 11.7602 2.5029 0.5223 10.8520 3.5969 1.2962 -1.2147 2.1728 0.6111 -7.4240 -5.0405 -2.6818 -10.9897 1.1346 -2.9402 11.1222 0.9446 -1.5736 5.2450 -0.0000 0.0000 0.0000 2.1844 10.9319 -28.8686 41.6286 -49.0057 19.6598 33.1554 -21.6389 12.6674 0.0 0.0 0.0 -7.1250 0.0 0.0 4.0150 14.9775 2.8481 -0.0000 0.0000 0.0000 -6.3152 3.3897 18.9046 -35.3711 -45.0753 -15.0755 -23.1084 -12.477 13.816 0.0 0.0 0.0 7.1250 0.0 -0.0 4.0135 44.9112 0.0088
8.9274 18.0041 21.5454 -182.7780 -180.2540 179.3800 0.0000 0.0000 0.0000 -13.3237 -0.7656 -3.2793 1.4003 7.4857 21.1625 0.6213 -2.2826 -14.2850 0.0207 -0.9298 -2.5557 0.0000 0.0000 0.0000 23.2720 2.9827 -4.1246 -1.9424 -8.7451 25.0013 -0.6119 -4.7120 -17.2426 -0.4219 -4.1688 11.5521 2.7711 0.5088 10.4638 3.6429 1.2884 -1.0548 2.0711 0.5998 -7.0267 -5.1145 -2.6830 -10.9672 1.2442 -2.9452 11.0062 0.9912 -1.5705 5.2080 -0.0000 -0.0000 0.0000 2.2762 10.8323 -28.9535 41.7268 -49.0603 19.7339 32.3896 -21.6865 12.4747 0.0 0.0 0.0 -7.1250 0.0 0.0 3.5174 15.3178 2.468 -0.0000 -0.0000 0.0000 -6.6214 3.5117 19.437 -35.9272 -45.4629 -15.4705 -23.0179 -12.6006 13.4822 0.0 0.0 0.0 7.1250 0.0 -0.0 4.0398 44.5424 0.0457
8.9380 18.0033 21.5748 -183.4400 -180.1770 179.6190 0.0000 0.0000 0.0000 -12.6047 -0.7342 -3.4516 1.4108 7.5124 21.2427 0.6403 -2.3834 -14.4909 0.0134 -0.7468 -2.0523 0.0000 0.0000 0.0000 23.9564 2.9920 -4.1792 -1.9149 -8.6864 24.8193 -0.6125 -4.6385 -17.1987 -0.4228 -4.1733 11.5646 3.5125 0.4640 10.2236 3.7624 1.3140 -1.0071 1.7766 0.5880 -6.8275 -5.0569 -2.6524 -10.7875 1.3729 -2.9398 10.8024 1.0255 -1.5553 5.1149 0.0000 -0.0000 0.0000 2.4748 10.968 -28.9972 41.9855 -49.2032 19.9295 31.8472 -21.8646 12.4897 0.0 0.0 0.0 -7.1250 0.0 0.0 3.1459 15.3797 2.2023 0.0000 -0.0000 0.0000 -6.7972 3.4531 19.9685 -35.9843 -45.5023 -15.5113 -23.2828 -12.6837 12.6074 0.0 0.0 0.0 7.1250 0.0 -0.0 3.6566 43.6345 0.1234
8.9462 18.0011 21.6004 -183.8450 -180.1490 179.8140 0.0000 0.0000 0.0000 -12.1712 -0.7475 -3.6221 1.4313 7.5647 21.3995 0.6670 -2.5175 -14.7760 0.0101 -0.6496 -1.7852 0.0000 0.0000 0.0000 24.3607 2.9708 -4.1853 -1.8858 -8.6241 24.6264 -0.6171 -4.5070 -17.1630 -0.4177 -4.1485 11.4947 3.8834 0.4295 10.3033 3.8757 1.3295 -1.0420 1.6858 0.5829 -6.9062 -4.9589 -2.5908 -10.8675 1.4278 -2.8755 10.9155 1.0305 -1.5168 5.1605 0.0000 0.0000 0.0000 2.5467 11.1972 -28.942 42.3039 -49.3771 20.1709 32.3329 -22.3042 12.5632 0.0 0.0 0.0 -7.1250 0.0 0.0 3.4686 15.2234 2.4406 0.0000 0.0000 0.0000 -7.0167 3.5163 20.4324 -36.1339 -45.605 -15.6181 -24.0826 -12.8009 11.4525 0.0 0.0 0.0 7.1250 0.0 -0.0 2.7696 42.4747 0.1727
8.9535 17.9947 21.6234 -183.9330 -180.1420 179.9340 0.0000 0.0000 0.0000 -12.1000 -0.7367 -3.6929 1.4402 7.5872 21.4671 0.6901 -2.5965 -15.0253 0.0210 -0.9363 -2.5737 0.0000 0.0000 0.0000 24.4147 2.8315 -4.2252 -1.8707 -8.5914 24.5254 -0.6131 -4.4835 -17.1014 -0.3483 -3.7922 10.4928 3.8467 0.4234 10.4976 3.9556 1.3372 -1.0688 1.7896 0.5882 -7.0489 -4.7774 -2.5719 -10.9249 1.2355 -2.8515 10.9633 0.9423 -1.5108 5.1788 -0.0000 -0.0000 0.0000 2.5357 11.5245 -28.9083 42.7084 -49.5951 20.4784 32.9222 -22.5125 12.5486 0.0 0.0 0.0 -7.1250 0.0 0.0 3.8711 15.152 2.7311 -0.0000 -0.0000 0.0000 -7.2038 3.7542 20.7334 -36.7398 -46.0152 -16.0525 -24.8477 -12.752 10.6453 0.0 0.0 0.0 7.1250 0.0 -0.0 1.9869 41.6742 0.1631
8.9581 17.9909 21.6458 -183.8120 -180.2120 180.0680 0.0000 0.0000 0.0000 -12.2575 -0.8580 -3.6823 1.4269 7.5534 21.3656 0.6976 -2.5848 -15.1110 0.0308 -1.1320 -3.1121 0.0000 0.0000 0.0000 24.2541 2.7104 -4.3672 -1.8782 -8.6077 24.5757 -0.6157 -4.5736 -17.1916 -0.3179 -3.6243 10.0221 3.6226 0.4059 10.6035 3.9139 1.2905 -1.0951 1.8792 0.5723 -7.1405 -4.5490 -2.5641 -10.7561 1.1647 -2.8772 10.7938 0.8840 -1.5178 5.0939 -0.0000 0.0000 0.0000 2.7119 11.9871 -29.0296 43.2427 -49.878 20.8862 32.6976 -22.7989 12.879 0.0 0.0 0.0 -7.1250 0.0 0.0 3.6791 14.8014 2.6226 -0.0000 0.0000 0.0000 -7.1811 4.0133 20.9166 -37.3300 -46.406 -16.4786 -24.3874 -12.2581 11.317 0.0 0.0 0.0 7.1250 0.0 -0.0 2.4784 42.3596 0.1616
8.9600 17.9938 21.6712 -183.5880 -180.2120 180.3020 0.0000 0.0000 0.0000 -12.5098 -0.9960 -3.7151 1.4064 7.5013 21.2092 0.7106 -2.6139 -15.2515 0.0194 -0.8988 -2.4703 0.0000 0.0000 0.0000 24.0067 2.9110 -4.5320 -1.8955 -8.6449 24.6907 -0.6359 -4.5631 -17.4121 -0.3805 -3.9616 10.9687 3.2825 0.4153 10.5560 3.8541 1.2532 -1.1209 2.0135 0.5661 -7.1454 -4.4491 -2.5463 -10.6690 1.2547 -2.8850 10.7350 0.8966 -1.5113 5.0608 -0.0000 0.0000 0.0000 2.8718 12.3335 -29.0822 43.6215 -50.075 21.1762 32.2052 -22.9295 13.1797 0.0 0.0 0.0 -7.1250 0.0 0.0 3.3101 14.5284 2.3779 -0.0000 0.0000 0.0000 -7.2562 4.2328 21.2288 -37.7522 -46.6803 -16.7851 -22.9492 -11.8152 12.531 0.0 0.0 0.0 7.1250 0.0 -0.0 3.9479 43.5145 0.145
8.9628 17.9962 21.6982 -183.2560 -180.0830 180.5480 0.0000 0.0000 0.0000 -12.8943 -1.0017 -3.7644 1.3888 7.4561 21.0739 0.7274 -2.6123 -15.4376 0.0112 -0.6819 -1.8739 0.0000 0.0000 0.0000 23.6170 3.1351 -4.6886 -1.9109 -8.6781 24.7933 -0.6488 -4.5434 -17.5432 -0.3634 -3.8726 10.7187 2.8215 0.4617 10.4800 3.8024 1.2461 -1.0946 2.2193 0.5802 -7.0812 -4.4791 -2.5347 -10.7964 1.3494 -2.8705 10.7714 0.9305 -1.4988 5.0947 -0.0000 -0.0000 0.0000 2.8813 12.5085 -28.9782 43.7939 -50.1638 21.3085 32.0443 -22.9045 13.3262 0.0 0.0 0.0 -7.1250 0.0 0.0 3.1841 14.3838 2.297 -0.0000 -0.0000 0.0000 -7.448 4.2686 21.5538 -38.0282 -46.8573 -16.9862 -22.0846 -11.6968 12.7554 0.0 0.0 0.0 7.1250 0.0 -0.0 4.7692 43.6571 0.1585
8.9698 17.9947 21.7206 -183.2230 -180.0020 180.7070 0.0000 0.0000 0.0000 -12.9573 -0.9907 -3.8027 1.3782 7.4288 20.9922 0.7300 -2.5927 -15.4697 0.0110 -0.6764 -1.8589 0.0000 0.0000 0.0000 23.5300 3.0734 -4.8492 -1.9200 -8.6974 24.8532 -0.6512 -4.5360 -17.5641 -0.2865 -3.4426 9.5134 2.7550 0.5117 10.5897 3.7933 1.3076 -1.0568 2.2364 0.6125 -7.1057 -4.5863 -2.5516 -11.0496 1.5935 -2.8957 10.9522 1.0184 -1.4993 5.1992 -0.0000 -0.0000 0.0000 2.954 12.6711 -29.0688 43.9865 -50.2622 21.4565 32.0865 -23.0978 13.5327 0.0 0.0 0.0 -7.1250 0.0 0.0 3.1884 14.1387 2.3166 -0.0000 -0.0000 0.0000 -7.5289 4.2721 21.6249 -38.3187 -47.0417 -17.1985 -21.9308 -11.6335 12.6092 0.0 0.0 0.0 7.1250 0.0 -0.0 4.8840 43.4842 0.1832
8.9790 17.9931 21.7401 -183.3610 -180.0040 180.8390 0.0000 0.0000 0.0000 -12.8146 -0.9193 -3.9395 1.3868 7.4511 21.0590 0.7349 -2.7548 -15.4953 0.0129 -0.7329 -2.0141 0.0000 0.0000 0.0000 23.6342 2.9315 -4.9740 -1.9166 -8.6901 24.8306 -0.6496 -4.4463 -17.4880 -0.2744 -3.3695 9.3093 2.8998 0.5486 10.7484 3.8545 1.3893 -1.0653 2.2059 0.6475 -7.2058 -4.7934 -2.5860 -11.0175 1.8096 -2.9386 11.0457 1.1160 -1.5150 5.2307 -0.0000 0.0000 0.0000 3.0108 13.016 -29.3503 44.3654 -50.4538 21.7483 32.4757 -23.2841 13.4247 0.0 0.0 0.0 -7.1250 0.0 0.0 3.4636 14.2024 2.5127 -0.0000 0.0000 0.0000 -7.6854 4.5074 21.7129 -38.8260 -47.3587 -17.5707 -21.9129 -11.6855 12.4904 0.0 0.0 0.0 7.1250 0.0 -0.0 4.8802 43.3558 0.1985
8.9872 17.9939 21.7616 -183.4180 -180.0340 181.0450 0.0000 0.0000 0.0000 -12.7622 -0.9137 -4.1876 1.4146 7.5221 21.2718 0.7580 -2.9322 -15.7163 0.0085 -0.5955 -1.6365 0.0000 0.0000 0.0000 23.6474 2.9169 -5.0776 -1.9029 -8.6607 24.7397 -0.6574 -4.2330 -17.4358 -0.3345 -3.7167 10.2811 2.9407 0.5151 10.7359 3.9034 1.3513 -1.0378 2.2409 0.6286 -7.1692 -4.8794 -2.5513 -10.8900 1.8834 -2.8926 10.8749 1.1586 -1.4905 5.1570 0.0000 -0.0000 0.0000 3.0551 13.3561 -29.5245 44.8613 -50.7003 22.1313 32.9089 -23.5057 13.1364 0.0 0.0 0.0 -7.1250 0.0 0.0 3.7909 14.4687 2.7296 0.0000 -0.0000 0.0000 -7.9287 4.7931 22.2386 -39.5132 -47.7788 -18.0779 -22.6104 -11.9394 12.1979 0.0 0.0 0.0 7.1250 0.0 -0.0 4.2027 43.1201 0.1953
8.9959 17.9931 21.7833 -183.8060 -180.0450 181.2840 0.0000 0.0000 0.0000 -12.3438 -0.9878 -4.4441 1.4442 7.5971 21.4968 0.7838 -3.0959 -15.9661 0.0040 -0.4109 -1.1290 0.0000 0.0000 0.0000 24.0132 2.9027 -5.2269 -1.8917 -8.6367 24.6654 -0.6749 -3.9222 -17.4344 -0.3871 -3.9954 11.0638 3.3464 0.4479 10.7157 3.9867 1.3166 -0.9876 2.1062 0.5980 -7.0973 -4.7823 -2.5304 -10.8353 1.8599 -2.8778 10.5976 1.1382 -1.4790 5.0592 0.0000 0.0000 0.0000 3.1691 13.587 -29.6249 45.2732 -50.9016 22.4506 32.7694 -23.6559 13.1054 0.0 0.0 0.0 -7.1250 0.0 0.0 3.7005 14.5267 2.6596 0.0000 0.0000 0.0000 -8.0827 5.1795 22.9003 -40.3584 -48.2808 -18.7063 -23.932 -12.3174 11.502 0.0 0.0 0.0 7.1250 0.0 -0.0 2.9115 42.5125 0.1789
9.0053 17.9893 21.8000 -184.1490 -180.0440 181.4330 0.0000 0.0000 0.0000 -11.9850 -1.0550 -4.6229 1.4686 7.6583 21.6808 0.7991 -3.2636 -16.1022 0.0025 -0.3228 -0.8869 0.0000 0.0000 0.0000 24.3297 2.7964 -5.3773 -1.8898 -8.6326 24.6527 -0.6875 -3.7189 -17.4495 -0.3772 -3.9445 10.9205 3.7101 0.3953 10.8560 4.0564 1.3082 -0.9867 1.9769 0.5804 -7.1713 -4.7509 -2.5287 -10.6676 1.8795 -2.8904 10.4523 1.1406 -1.4825 4.9862 -0.0000 -0.0000 0.0000 3.2337 13.9139 -29.6735 45.5602 -51.04 22.6735 32.605 -23.6939 13.1426 0.0 0.0 0.0 -7.1250 0.0 0.0 3.5848 14.5093 2.5775 -0.0000 -0.0000 0.0000 -8.1171 5.5094 23.2678 -40.9481 -48.6217 -19.1476 -23.998 -12.5744 11.1375 0.0 0.0 0.0 7.1250 0.0 -0.0 2.8051 42.1244 0.1992
9.0149 17.9866 21.8166 -184.1050 -180.0810 181.5140 0.0000 0.0000 0.0000 -12.0709 -1.1292 -4.7318 1.4917 7.7156 21.8535 0.8128 -3.3507 -16.2321 0.0009 -0.1971 -0.5415 0.0000 0.0000 0.0000 24.2250 2.6735 -5.4863 -1.8938 -8.6413 24.6795 -0.6922 -3.6392 -17.4537 -0.3400 -3.7472 10.3665 3.6222 0.3433 11.0348 4.0794 1.2389 -0.9550 2.0621 0.5500 -7.2410 -4.7695 -2.4705 -10.5104 1.9229 -2.8214 10.3103 1.1645 -1.4465 4.9145 0.0000 0.0000 0.0000 3.1663 14.2069 -29.6038 45.8372 -51.1721 22.8891 33.2072 -23.8675 12.9903 0.0 0.0 0.0 -7.1250 0.0 0.0 4.0104 14.5921 2.8779 0.0000 0.0000 0.0000 -8.1745 5.5833 23.5364 -41.3499 -48.8496 -19.4497 -21.6302 -12.4795 12.5211 0.0 0.0 0.0 7.1250 0.0 -0.0 5.1410 43.3573 0.209
9.0211 17.9865 21.8303 -184.0760 -180.1350 181.6120 0.0000 0.0000 0.0000 -12.1125 -1.1784 -4.8422 1.5081 7.7560 21.9752 0.8249 -3.4183 -16.3480 0.0004 -0.1225 -0.3365 0.0000 0.0000 0.0000 24.1917 2.7859 -5.5775 -1.9057 -8.6668 24.7584 -0.6900 -3.7731 -17.5097 -0.3282 -3.6818 10.1831 3.4813 0.3398 11.2006 4.1387 1.2246 -0.8566 2.2058 0.5501 -7.2343 -4.7480 -2.4870 -10.2713 1.8495 -2.8463 9.7946 1.1406 -1.4600 4.7146 -0.0000 0.0000 0.0000 3.0845 14.2968 -29.6205 46.0889 -51.2909 23.0854 33.6699 -24.0972 12.8931 0.0 0.0 0.0 -7.1250 0.0 0.0 4.3352 14.6321 3.1085 -0.0000 0.0000 0.0000 -8.2884 5.629 23.6972 -41.9329 -49.1743 -19.8897 -23.4161 -12.0727 11.7261 0.0 0.0 0.0 7.1250 0.0 -0.0 3.4062 42.7 0.1936
9.0226 17.9861 21.8367 -184.1870 -180.1270 181.7740 0.0000 0.0000 0.0000 -11.9844 -1.3065 -4.9737 1.5136 7.7694 22.0158 0.8371 -3.3333 -16.4846 0.0007 -0.1763 -0.4843 0.0000 0.0000 0.0000 24.3747 3.1593 -5.7128 -1.9271 -8.7126 24.9005 -0.6768 -4.2266 -17.6454 -0.2831 -3.4222 9.4565 3.4781 0.3813 11.3797 4.1825 1.2887 -0.7624 2.2421 0.5826 -7.2377 -4.7508 -2.5767 -10.0071 1.9070 -2.9822 9.1996 1.1542 -1.5203 4.4927 0.0000 0.0000 0.0000 3.1374 14.3302 -29.7683 46.3238 -51.4008 23.2688 33.5077 -24.4205 12.9765 0.0 0.0 0.0 -7.1250 0.0 0.0 4.2151 14.5604 3.0284 0.0000 0.0000 0.0000 -8.2695 5.7256 23.6856 -42.6016 -49.5379 -20.3971 -22.2667 -11.8814 12.1934 0.0 0.0 0.0 7.1250 0.0 -0.0 4.5122 43.0779 0.2145
9.0308 17.9823 21.8538 -184.2060 -180.0490 181.8900 0.0000 0.0000 0.0000 -12.0054 -1.3379 -5.0060 1.5161 7.7756 22.0345 0.8523 -3.1819 -16.6613 0.0010 -0.2051 -0.5634 0.0000 0.0000 0.0000 24.3541 3.1351 -5.9059 -1.9543 -8.7703 25.0793 -0.6770 -4.2780 -17.6803 -0.2175 -3.0023 8.2851 3.4907 0.3703 11.4920 4.1596 1.2744 -0.6486 2.2116 0.5752 -7.1786 -4.8011 -2.5532 -9.8623 2.1313 -2.9728 8.8816 1.2350 -1.5028 4.3746 0.0000 -0.0000 0.0000 3.2157 14.4932 -29.8031 46.6401 -51.5471 23.5163 33.0663 -24.771 13.1427 0.0 0.0 0.0 -7.1250 0.0 0.0 3.8964 14.4365 2.8086 0.0000 -0.0000 0.0000 -8.1916 5.7982 23.8194 -43.1369 -49.8224 -20.8053 -21.353 -11.865 12.564 0.0 0.0 0.0 7.1250 0.0 -0.0 5.3988 43.3722 0.2176
9.0471 17.9766 21.8830 -184.0410 -179.9880 181.8900 0.0000 0.0000 0.0000 -12.2611 -1.1849 -4.9201 1.5229 7.7921 22.0845 0.8797 -3.2824 -16.9214 0.0000 0.0111 0.0304 0.0000 0.0000 0.0000 24.0251 2.7584 -6.0238 -1.9829 -8.8304 25.2661 -0.7144 -3.7471 -17.7585 -0.2592 -3.2754 9.0463 3.3947 0.3290 11.5289 4.1241 1.1929 -0.4260 2.2394 0.5402 -6.9609 -4.8701 -2.4722 -10.0257 2.2488 -2.8585 8.8790 1.2886 -1.4410 4.3994 -0.0000 -0.0000 0.0000 3.2186 14.561 -29.8336 46.9613 -51.6939 23.768 32.8871 -25.0814 13.2397 0.0 0.0 0.0 -7.1250 0.0 0.0 3.7635 14.352 2.7192 -0.0000 -0.0000 0.0000 -8.2354 5.7708 24.0745 -43.6187 -50.0735 -21.1741 -21.283 -12.0047 12.0095 0.0 0.0 0.0 7.1250 0.0 -0.0 5.3673 42.7772 0.2953
9.0582 17.9693 21.9018 -183.8120 -179.9380 182.0030 0.0000 0.0000 0.0000 -12.5615 -1.1634 -5.0254 1.5337 7.8186 22.1646 0.9102 -3.3653 -17.2106 0.0004 0.1237 0.3399 0.0000 0.0000 0.0000 23.6896 2.6515 -6.2212 -2.0135 -8.8942 25.4648 -0.7401 -3.5040 -17.8918 -0.2864 -3.4416 9.5108 3.1785 0.3729 11.7220 4.0860 1.2235 -0.3005 2.3140 0.5625 -6.9398 -4.9719 -2.5094 -10.4441 2.3439 -2.8844 9.0921 1.3275 -1.4503 4.5380 -0.0000 -0.0000 0.0000 3.213 14.5662 -30.0341 47.1894 -51.7971 23.9472 33.5872 -25.297 13.0539 0.0 0.0 0.0 -7.1250 0.0 0.0 4.2589 14.4569 3.0695 -0.0000 -0.0000 0.0000 -8.2836 5.8403 24.196 -44.2508 -50.3961 -21.6599 -21.4262 -12.1422 11.54 0.0 0.0 0.0 7.1250 0.0 -0.0 5.1624 42.2938 0.3457
9.0641 17.9611 21.9106 -183.6540 -179.8830 182.2720 0.0000 0.0000 0.0000 -12.7624 -1.2673 -5.3650 1.5513 7.8613 22.2936 0.9203 -3.3182 -17.3163 0.0020 0.2923 0.8031 0.0000 0.0000 0.0000 23.4817 2.8067 -6.5472 -2.0482 -8.9658 25.6884 -0.7503 -3.5534 -18.0290 -0.2251 -3.0541 8.4293 2.9595 0.4204 11.9367 4.0358 1.2647 -0.2868 2.3768 0.5887 -7.0507 -5.0135 -2.5435 -10.5132 2.5238 -2.9387 8.9239 1.3858 -1.4660 4.5028 -0.0000 0.0000 0.0000 3.2701 14.6272 -30.188 47.2706 -51.8336 24.011 33.6848 -25.2736 13.0179 0.0 0.0 0.0 -7.1250 0.0 0.0 4.3294 14.4833 3.1181 -0.0000 0.0000 0.0000 -8.235 5.9539 24.362 -44.8674 -50.7033 -22.1361 -21.8202 -12.2142 11.3773 0.0 0.0 0.0 7.1250 0.0 -0.0 4.7853 42.1608 0.336
9.0748 17.9530 21.9256 -183.5280 -179.8470 182.4830 0.0000 0.0000 0.0000 -12.9466 -1.3021 -5.6831 1.5913 7.9570 22.5837 0.9381 -3.3632 -17.4827 0.0048 0.4451 1.2230 0.0000 0.0000 0.0000 23.2606 2.9285 -6.7617 -2.0801 -9.0310 25.8922 -0.7771 -3.3918 -18.2176 -0.2023 -2.8958 7.9888 2.8219 0.3802 11.9185 3.9719 1.1771 -0.1203 2.4000 0.5506 -6.8614 -4.8464 -2.4519 -10.3153 2.5436 -2.8460 8.3505 1.3753 -1.4117 4.2880 -0.0000 -0.0000 0.0000 3.3299 14.5426 -30.1565 47.3798 -51.8825 24.0969 32.826 -25.1779 13.2973 0.0 0.0 0.0 -7.1250 0.0 0.0 3.7154 14.2946 2.6887 -0.0000 -0.0000 0.0000 -8.1497 5.8567 24.7065 -45.4000 -50.9629 -22.549 -22.7566 -12.4244 10.7233 0.0 0.0 0.0 7.1250 0.0 -0.0 3.8576 41.5538 0.3285
9.0883 17.9426 21.9419 -183.4360 -179.8260 182.6960 0.0000 0.0000 0.0000 -13.1013 -1.3452 -6.1109 1.6624 8.1244 23.0926 0.9797 -3.3861 -17.8766 0.0002 0.1000 0.2748 0.0000 0.0000 0.0000 23.0555 2.8835 -7.0352 -2.1053 -9.0820 26.0523 -0.8037 -3.1718 -18.3708 -0.1907 -2.8124 7.7568 2.7901 0.3571 11.9608 3.9303 1.1328 0.0374 2.3798 0.5299 -6.7156 -4.7716 -2.4469 -10.4002 2.4755 -2.8355 8.0641 1.3431 -1.4058 4.2115 0.0000 -0.0000 0.0000 3.356 14.5063 -30.2854 47.7165 -52.0319 24.362 32.9546 -25.4604 13.4466 0.0 0.0 0.0 -7.1250 0.0 0.0 3.7835 14.1004 2.7539 0.0000 -0.0000 0.0000 -8.0163 5.8089 24.8246 -46.0735 -51.2837 -23.0733 -25.4546 -13.1861 8.3232 0.0 0.0 0.0 7.1250 0.0 -0.0 1.2311 39.1804 0.1766
9.0961 17.9292 21.9495 -183.6050 -179.8480 182.9700 0.0000 0.0000 0.0000 -12.9142 -1.3929 -6.7575 1.7576 8.3417 23.7570 1.0235 -3.5400 -18.2638 0.0008 -0.1825 -0.5014 0.0000 0.0000 0.0000 23.1980 2.9319 -7.3704 -2.1323 -9.1363 26.2226 -0.8284 -3.1442 -18.6078 -0.1629 -2.6007 7.1690 2.9556 0.3655 12.1761 4.0044 1.1814 0.0943 2.3561 0.5490 -6.7764 -4.9178 -2.5318 -10.7210 2.5381 -2.9187 8.1124 1.3767 -1.4458 4.2852 -0.0000 -0.0000 0.0000 3.3519 14.5658 -30.5846 48.0944 -52.1974 24.6603 33.7148 -25.9571 13.5201 0.0 0.0 0.0 -7.1250 0.0 0.0 4.2850 13.8894 3.1401 -0.0000 -0.0000 0.0000 -7.8545 5.8823 24.6027 -46.8783 -51.6562 -23.7029 -28.703 -15.3526 3.4966 0.0 0.0 0.0 7.1250 0.0 -0.0 -1.7122 33.961 -0.4638
9.1007 17.9145 21.9520 -183.9520 -179.9180 183.2650 0.0000 0.0000 0.0000 -12.4907 -1.5397 -7.4955 1.8740 8.5986 24.5475 1.0699 -3.8692 -18.6421 0.0001 -0.0742 -0.2038 0.0000 0.0000 0.0000 23.5669 3.0329 -7.7387 -2.1696 -9.2107 26.4567 -0.8614 -3.1838 -18.9611 -0.1145 -2.1815 6.0075 3.2306 0.3217 12.3479 4.1172 1.1760 0.1704 2.3213 0.5391 -6.7897 -4.9410 -2.4959 -10.8949 2.6935 -2.8736 8.0443 1.4301 -1.4136 4.2936 0.0000 0.0000 0.0000 3.374 14.5922 -30.7077 48.5287 -52.3846 25.0039 33.4812 -25.9211 13.4997 0.0 0.0 0.0 -7.1250 0.0 0.0 4.1309 13.9521 3.021 0.0000 0.0000 0.0000 -7.7335 5.8902 24.5937 -47.6502 -52.0027 -24.3098 -31.9124 -18.5107 -2.0222 0.0 0.0 0.0 7.1250 0.0 -0.0 -4.1011 27.5909 -1.7394
9.1050 17.8977 21.9504 -184.3290 -179.9700 183.6250 0.0000 0.0000 0.0000 -12.0155 -1.8667 -8.3462 2.0039 8.8742 25.4026 1.1105 -4.0827 -18.9780 0.0005 0.1440 0.3957 0.0000 0.0000 0.0000 23.9625 3.1689 -8.3016 -2.2264 -9.3226 26.8097 -0.9022 -3.2005 -19.3723 -0.0655 -1.6511 4.5424 3.5381 0.2867 12.5611 4.2040 1.1934 0.1671 2.2376 0.5379 -6.9103 -4.8829 -2.4632 -10.5881 2.8325 -2.8610 7.5245 1.4691 -1.3975 4.0845 0.0000 -0.0000 0.0000 3.4814 14.6871 -30.8074 49.0280 -52.5959 25.3999 32.5969 -25.5003 13.4537 0.0 0.0 0.0 -7.1250 0.0 0.0 3.5418 14.1494 2.5736 0.0000 -0.0000 0.0000 -7.6732 5.9954 24.8531 -48.4850 -52.3659 -24.9693 -27.5159 -14.8979 4.6907 0.0 0.0 0.0 7.1250 0.0 -0.0 -0.7118 35.2649 -0.1702
9.1102 17.8754 21.9478 -184.5160 -180.0130 183.9800 0.0000 0.0000 0.0000 -11.7486 -2.0415 -9.2376 2.1300 9.1318 26.2084 1.1381 -4.3403 -19.1893 0.0001 0.0780 0.2142 0.0000 0.0000 0.0000 24.1343 3.3456 -8.9622 -2.3116 -9.4869 27.3307 -0.9466 -3.1809 -19.7885 -0.0490 -1.4289 3.9297 3.6956 0.2741 12.8932 4.2326 1.2282 0.0983 2.1744 0.5474 -7.1698 -4.8081 -2.5136 -10.1350 2.6404 -2.9315 6.5666 1.5579 -1.4496 4.1318 -0.0000 0.0000 0.0000 3.605 14.8505 -31.0054 49.4992 -52.7915 25.7748 32.2642 -25.4284 13.656 0.0 0.0 0.0 -7.1250 0.0 0.0 3.2933 13.9681 2.405 -0.0000 0.0000 0.0000 -7.6435 6.2714 25.0821 -49.4562 -52.7738 -25.7405 -21.3264 -13.1529 11.1035 0.0 0.0 0.0 7.1250 0.0 -0.0 5.1826 41.8205 0.4077
9.1188 17.8532 21.9492 -184.2160 -180.0610 184.2570 0.0000 0.0000 0.0000 -12.0631 -2.0177 -10.0425 2.2562 9.3804 26.9927 1.1695 -4.6752 -19.4250 0.0002 -0.1019 -0.2799 0.0000 0.0000 0.0000 23.7229 3.2432 -9.6911 -2.4253 -9.7008 28.0131 -0.9853 -2.9596 -20.0385 -0.0570 -1.5399 4.2357 3.4381 0.2453 13.2545 4.1055 1.1626 0.1390 2.1967 0.5209 -7.3308 -4.7254 -2.4997 -10.4200 2.6602 -2.9124 6.5507 1.5496 -1.4350 4.1809 0.0000 -0.0000 0.0000 3.7717 14.8246 -31.2495 49.9389 -52.9708 26.1253 32.5321 -25.995 14.0697 0.0 0.0 0.0 -7.1250 0.0 0.0 3.4227 13.4461 2.5376 0.0000 -0.0000 0.0000 -7.5187 6.3544 25.2468 -50.3364 -53.1303 -26.4431 -22.5626 -12.9551 10.8377 0.0 0.0 0.0 7.1250 0.0 -0.0 4.0456 41.6576 0.3342
9.1258 17.8320 21.9499 -183.8970 -180.0700 184.4630 0.0000 0.0000 0.0000 -12.3877 -1.9413 -10.8196 2.3937 9.6420 27.8250 1.2056 -4.9684 -19.7046 0.0009 -0.1887 -0.5184 0.0000 0.0000 0.0000 23.2938 3.2218 -10.4180 -2.5706 -9.9651 28.8639 -1.0329 -2.6905 -20.3445 -0.0618 -1.6042 4.4130 3.1603 0.2452 13.6583 3.9876 1.1267 0.2872 2.2338 0.5107 -7.4007 -4.7180 -2.4325 -10.9550 2.9691 -2.8319 6.9671 1.4848 -1.3656 3.9721 -0.0000 -0.0000 0.0000 3.8716 14.4923 -31.4339 50.1158 -53.0421 26.2666 32.6574 -26.4042 14.6096 0.0 0.0 0.0 -7.1250 0.0 0.0 3.4384 12.8002 2.596 -0.0000 -0.0000 0.0000 -7.3989 6.1772 25.3614 -51.0918 -53.4265 -27.0485 -23.5491 -13.2081 10.0001 0.0 0.0 0.0 7.1250 0.0 -0.0 3.0646 40.8487 0.3141
9.1280 17.8041 21.9445 -184.0950 -180.0780 184.7000 0.0000 0.0000 0.0000 -12.0829 -1.8656 -11.6987 2.5459 9.9209 28.7210 1.2402 -5.4028 -19.9593 0.0010 -0.2041 -0.5608 0.0000 0.0000 0.0000 23.4749 3.5217 -11.1629 -2.7418 -10.2648 29.8386 -1.0853 -2.7339 -20.8403 -0.0416 -1.3158 3.6181 3.2688 0.2481 14.1473 4.0815 1.1815 0.3439 2.2629 0.5337 -7.6165 -4.7663 -2.4412 -10.8105 2.8492 -2.8212 6.1221 1.6253 -1.3765 4.1074 -0.0000 -0.0000 0.0000 3.7928 14.3674 -31.4528 50.5057 -53.1974 26.5785 32.6758 -26.1746 14.7294 0.0 0.0 0.0 -7.1250 0.0 0.0 3.4354 12.6584 2.6039 -0.0000 -0.0000 0.0000 -7.4299 6.1429 25.5284 -52.0162 -53.777 -27.7926 -21.9251 -13.6457 10.6167 0.0 0.0 0.0 7.1250 0.0 -0.0 4.5796 41.3601 0.4121
9.1316 17.7680 21.9341 -184.2330 -179.9960 185.0240 0.0000 0.0000 0.0000 -11.8447 -1.9225 -12.6724 2.7210 10.2291 29.7217 1.2825 -5.8005 -20.2800 0.0003 -0.1133 -0.3112 0.0000 0.0000 0.0000 23.5845 3.8300 -12.0755 -2.9303 -10.5814 30.8807 -1.1187 -2.9824 -21.2603 -0.0160 -0.8167 2.2447 3.2655 0.2938 14.6455 4.1466 1.2764 0.3602 2.3163 0.5791 -7.8832 -4.8084 -2.5232 -10.6248 2.8517 -2.9256 5.4828 1.6243 -1.4264 3.8477 -0.0000 -0.0000 0.0000 3.7904 14.3871 -31.4372 51.3241 -53.5158 27.2352 32.7454 -25.7894 14.3639 0.0 0.0 0.0 -7.1250 0.0 0.0 3.5283 13.0697 2.6442 -0.0000 -0.0000 0.0000 -7.4288 6.037 25.6582 -52.7929 -54.0616 -28.4203 -29.8085 -8.8388 16.589 0.0 0.0 0.0 7.1250 0.0 -0.0 -1.9604 48.9187 0.1895
9.1402 17.7290 21.9279 -184.1640 -179.8530 185.2920 0.0000 0.0000 0.0000 -11.8685 -1.9471 -13.6197 2.9237 10.5705 30.8447 1.3477 -6.1087 -20.7877 0.0016 -0.2610 -0.7170 0.0000 0.0000 0.0000 23.4315 4.0045 -12.9961 -3.1362 -10.9124 31.9849 -1.1593 -3.0989 -21.6724 -0.0042 -0.4185 1.1499 3.1704 0.3731 14.9598 4.0825 1.3654 0.5959 2.2796 0.6248 -7.8067 -4.7811 -2.5778 -10.9472 2.9559 -2.9891 5.0008 1.6472 -1.4474 3.7454 0.0000 0.0000 0.0000 3.9388 13.955 -31.5045 51.9434 -53.7499 27.7339 32.7075 -25.6526 14.3607 0.0 0.0 0.0 -7.1250 0.0 0.0 3.5034 13.0797 2.6247 0.0000 0.0000 0.0000 -7.3408 5.5687 25.6752 -53.4392 -54.2918 -28.9444 -22.119 -13.8627 10.3313 0.0 0.0 0.0 7.1250 0.0 -0.0 4.3684 41.0732 0.424
9.1475 17.6886 21.9239 -184.2840 -179.7030 185.4840 0.0000 0.0000 0.0000 -11.6846 -1.8384 -14.5347 3.1427 10.9225 32.0189 1.4219 -6.5309 -21.3482 0.0030 -0.3559 -0.9778 0.0000 0.0000 0.0000 23.4737 4.3167 -13.8056 -3.3630 -11.2606 33.1640 -1.2247 -3.0968 -22.2281 -0.0004 -0.1257 0.3453 3.2265 0.4156 15.3408 4.0851 1.4401 0.8373 2.2318 0.6591 -7.7592 -4.7167 -2.5491 -11.2070 3.0545 -2.9502 4.6131 1.6690 -1.4184 3.6587 0.0000 0.0000 0.0000 4.0142 13.5282 -31.522 52.5696 -53.9807 28.2396 32.5867 -25.6935 14.6781 0.0 0.0 0.0 -7.1250 0.0 0.0 3.3827 12.733 2.5585 0.0000 0.0000 0.0000 -7.2914 5.2646 25.8041 -54.5060 -54.6587 -29.8126 -22.0781 -13.6832 10.235 0.0 0.0 0.0 7.1250 0.0 -0.0 4.3913 40.9666 0.4378
9.1551 17.6429 21.9127 -184.3280 -179.4830 185.6640 0.0000 0.0000 0.0000 -11.6023 -1.7256 -15.4390 3.3744 11.2778 33.2226 1.4982 -6.7962 -21.9191 0.0071 -0.5452 -1.4981 0.0000 0.0000 0.0000 23.4132 4.7373 -14.6029 -3.6061 -11.6170 34.3902 -1.2948 -3.0218 -22.7728 -0.0009 0.1939 -0.5328 3.1247 0.4715 16.0413 4.1262 1.5370 0.9112 2.3116 0.7076 -8.0767 -4.7074 -2.4669 -11.4339 3.0988 -2.8322 4.4446 1.6892 -1.3552 3.6394 -0.0000 -0.0000 0.0000 3.9224 13.374 -31.4168 53.3354 -54.2552 28.8601 32.5772 -25.6253 14.965 0.0 0.0 0.0 -7.1250 0.0 0.0 3.3397 12.4032 2.5489 -0.0000 -0.0000 0.0000 -7.3341 5.1471 25.9903 -55.5454 -55.0011 -30.6623 -22.2639 -13.644 10.1034 0.0 0.0 0.0 7.1250 0.0 -0.0 4.2101 40.8426 0.4325
9.1653 17.5933 21.9001 -184.3310 -179.3320 185.8750 0.0000 0.0000 0.0000 -11.5537 -1.5976 -16.4241 3.6248 11.6436 34.4825 1.5875 -6.9609 -22.5750 0.0328 -1.1684 -3.2124 0.0000 0.0000 0.0000 23.2943 5.0118 -15.4913 -3.8598 -11.9715 35.6313 -1.3693 -2.7959 -23.2677 -0.0018 0.2740 -0.7527 3.1221 0.5269 16.6899 4.1165 1.6397 1.0359 2.2771 0.7548 -8.3051 -4.7631 -2.4484 -11.8520 3.2341 -2.7876 4.2797 1.7468 -1.3242 3.6662 -0.0000 -0.0000 0.0000 3.8708 13.0817 -31.3486 54.0890 -54.5172 29.4728 32.485 -25.7374 15.4327 0.0 0.0 0.0 -7.1250 0.0 0.0 3.2183 11.88 2.4908 -0.0000 -0.0000 0.0000 -7.3227 4.8997 26.0323 -56.5735 -55.3255 -31.5061 -22.1845 -13.7458 10.1508 0.0 0.0 0.0 7.1250 0.0 -0.0 4.2862 40.8861 0.4358
9.1732 17.5417 21.8898 -184.4720 -179.2850 186.1390 0.0000 0.0000 0.0000 -11.3164 -1.5899 -17.4776 3.8863 12.0075 35.7587 1.6757 -7.2832 -23.2002 0.0512 -1.4596 -4.0144 0.0000 0.0000 0.0000 23.3502 5.2952 -16.4610 -4.1388 -12.3428 36.9558 -1.4515 -2.6696 -23.8570 -0.0027 0.3347 -0.9196 3.3515 0.5351 17.1714 4.0540 1.7065 1.2133 2.0606 0.7759 -8.3725 -4.7478 -2.5313 -12.0652 3.4493 -2.8982 3.7585 1.8060 -1.3651 3.5345 -0.0000 -0.0000 0.0000 3.9987 12.7332 -31.2323 55.1381 -54.8687 30.3289 32.1514 -25.6737 15.6596 0.0 0.0 0.0 -7.1250 0.0 0.0 2.9688 11.6788 2.3096 -0.0000 -0.0000 0.0000 -7.2191 4.5853 26.1585 -57.7589 -55.6826 -32.4831 -21.9305 -13.9826 10.1494 0.0 0.0 0.0 7.1250 0.0 -0.0 4.5096 40.8616 0.4613
9.1836 17.4920 21.8847 -184.5030 -179.1980 186.3650 0.0000 0.0000 0.0000 -11.2341 -1.6137 -18.4170 4.1545 12.3633 37.0295 1.7667 -7.5636 -23.8312 0.0514 -1.4633 -4.0245 0.0000 0.0000 0.0000 23.2700 5.5589 -17.4281 -4.4525 -12.7394 38.4005 -1.5358 -2.6515 -24.4949 -0.0091 0.6159 -1.6924 3.4538 0.5241 17.6140 3.9555 1.7185 1.4009 1.8898 0.7751 -8.4070 -4.7137 -2.6079 -11.9797 3.6238 -3.0072 2.9686 1.8475 -1.4091 3.2501 -0.0000 0.0000 0.0000 4.1305 12.3865 -31.0051 56.3075 -55.2429 31.2875 32.2131 -25.3883 15.6518 0.0 0.0 0.0 -7.1250 0.0 0.0 3.0106 11.6768 2.3423 -0.0000 0.0000 0.0000 -7.1631 4.1645 26.4612 -58.6814 -55.9482 -33.2462 -21.6847 -14.415 9.648 0.0 0.0 0.0 7.1250 0.0 -0.0 4.6575 40.3046 0.5405
9.1927 17.4426 21.8822 -184.0960 -179.0450 186.6510 0.0000 0.0000 0.0000 -11.6417 -1.5484 -19.4210 4.4311 12.7130 38.3034 1.8621 -7.6794 -24.4814 0.0774 -1.7946 -4.9384 0.0000 0.0000 0.0000 22.6852 5.8454 -18.5407 -4.7963 -13.1507 39.9353 -1.6273 -2.6024 -25.1552 -0.0154 0.8017 -2.2034 3.0529 0.5665 17.9428 3.7759 1.6864 1.6062 1.9275 0.7709 -8.3693 -4.8736 -2.6247 -12.0108 3.9684 -3.0132 2.3207 1.9897 -1.3983 3.0452 -0.0000 -0.0000 0.0000 4.1852 11.8967 -30.8196 57.3887 -55.573 32.1775 32.5378 -25.4506 15.8058 0.0 0.0 0.0 -7.1250 0.0 0.0 3.2041 11.4407 2.5089 -0.0000 -0.0000 0.0000 -7.1009 3.6097 26.672 -59.5084 -56.1775 -33.9323 -21.8933 -14.7454 9.0252 0.0 0.0 0.0 7.1250 0.0 -0.0 4.3957 39.6568 0.5802
9.1951 17.3818 21.8709 -183.5430 -178.9210 187.0800 0.0000 0.0000 0.0000 -12.1561 -1.5831 -20.6948 4.7288 13.0717 39.6374 1.9492 -7.7928 -25.0615 0.1119 -2.1564 -5.9380 0.0000 0.0000 0.0000 21.9508 6.1911 -19.8699 -5.1628 -13.5649 41.5215 -1.7193 -2.6340 -25.8368 -0.0277 1.0738 -2.9519 2.3755 0.6549 18.3871 3.6027 1.6715 1.6553 2.1264 0.7832 -8.5738 -4.8868 -2.6083 -12.2925 4.1123 -2.9792 2.0377 2.0410 -1.3726 3.0036 -0.0000 -0.0000 0.0000 4.2017 11.5323 -30.6457 58.6922 -55.9513 33.2552 32.6554 -25.6725 15.9216 0.0 0.0 0.0 -7.1250 0.0 0.0 3.2660 11.2858 2.568 -0.0000 -0.0000 0.0000 -7.022 3.1788 26.7545 -60.4707 -56.4341 -34.733 -22.3209 -14.8011 8.7473 0.0 0.0 0.0 7.1250 0.0 -0.0 3.9913 39.3935 0.5525
9.2035 17.3147 21.8597 -183.4860 -178.8710 187.5980 0.0000 0.0000 0.0000 -12.1402 -1.6944 -22.1271 5.0600 13.4511 41.0814 2.0329 -7.9270 -25.6071 0.1102 -2.1404 -5.8939 0.0000 0.0000 0.0000 21.7049 6.3891 -21.3013 -5.5436 -13.9710 43.1215 -1.8167 -2.5015 -26.4674 -0.0449 1.3676 -3.7608 2.2706 0.6929 18.8138 3.5591 1.7177 1.6092 2.1259 0.8064 -8.8626 -4.7573 -2.6514 -12.3331 3.9866 -3.0376 1.5985 1.9682 -1.4040 2.8556 0.0000 0.0000 0.0000 4.1754 11.2724 -30.4549 60.1809 -56.358 34.4917 32.913 -26.1034 16.2138 0.0 0.0 0.0 -7.1250 0.0 0.0 3.3953 10.9007 2.6968 0.0000 0.0000 0.0000 -6.9838 2.9171 26.8083 -61.6386 -56.731 -35.7078 -22.0981 -14.8457 8.7058 0.0 0.0 0.0 7.1250 0.0 -0.0 4.1794 39.3313 0.585
9.2166 17.2443 21.8528 -183.9500 -178.8780 188.1980 0.0000 0.0000 0.0000 -11.5489 -1.8167 -23.6991 5.4322 13.8546 42.6580 2.1147 -8.0862 -26.1286 0.1008 -2.0478 -5.6379 0.0000 0.0000 0.0000 22.0129 6.6261 -22.7440 -5.9321 -14.3622 44.7086 -1.9162 -2.3993 -27.1097 -0.0551 1.5141 -4.1647 2.8092 0.6490 19.0271 3.6265 1.7876 1.6348 1.8735 0.8193 -8.9400 -4.8223 -2.6910 -12.2638 4.0838 -3.0745 0.9224 2.0073 -1.4188 2.6170 0.0000 -0.0000 0.0000 4.117 10.8734 -30.2377 61.7483 -56.7581 35.7996 33.6458 -26.4627 16.3129 0.0 0.0 0.0 -7.1250 0.0 0.0 3.8597 10.6448 3.0875 0.0000 -0.0000 0.0000 -7.0014 2.5261 26.9605 -62.9307 -57.0416 -36.7901 -21.8775 -14.9662 8.808 0.0 0.0 0.0 7.1250 0.0 -0.0 4.3828 39.4233 0.6037
9.2214 17.1641 21.8406 -184.1930 -178.8960 188.7310 0.0000 0.0000 0.0000 -11.1374 -1.9536 -25.2442 5.8232 14.2548 44.2678 2.1989 -8.2898 -26.6544 0.1121 -2.1591 -5.9455 0.0000 0.0000 0.0000 22.1456 7.0158 -24.0621 -6.3161 -14.7278 46.2374 -1.9837 -2.6945 -27.6894 -0.0790 1.8134 -4.9903 3.0036 0.6148 19.3780 3.6676 1.8037 1.6788 1.8018 0.8185 -9.0809 -4.9023 -2.6650 -12.5327 4.2471 -3.0146 0.5050 2.0781 -1.3805 2.5283 0.0000 0.0000 0.0000 4.0732 10.4565 -29.9858 63.4207 -57.1546 37.2016 34.2625 -26.4102 16.0502 0.0 0.0 0.0 -7.1250 0.0 0.0 4.2994 10.829 3.425 0.0000 0.0000 0.0000 -7.0049 2.0225 27.1601 -64.1842 -57.3256 -37.8436 -22.2844 -14.9266 9.0486 0.0 0.0 0.0 7.1250 0.0 -0.0 4.0587 39.7137 0.5298
9.2206 17.0828 21.8308 -184.0210 -178.9970 189.1730 0.0000 0.0000 0.0000 -11.1473 -2.1213 -26.6961 6.2392 14.6563 45.9345 2.2882 -8.6000 -27.1998 0.1119 -2.1570 -5.9399 0.0000 0.0000 0.0000 21.8426 7.2584 -25.4020 -6.7271 -15.0977 47.8345 -2.0239 -3.2860 -28.2147 -0.1516 2.5094 -6.9156 2.7409 0.5678 19.6478 3.6085 1.6849 1.8449 1.9165 0.7709 -9.0500 -4.7783 -2.5908 -12.9322 4.3597 -2.9125 0.0970 2.0970 -1.3205 2.4581 -0.0000 -0.0000 0.0000 4.052 9.7577 -29.6483 65.0694 -57.5161 38.5895 33.9558 -26.2619 16.0723 0.0 0.0 0.0 -7.1250 0.0 0.0 4.0961 10.8636 3.2593 -0.0000 -0.0000 0.0000 -6.9264 1.349 27.3232 -65.3451 -57.5737 -38.8222 -22.4554 -15.1004 8.7731 0.0 0.0 0.0 7.1250 0.0 -0.0 3.8777 39.4319 0.533
9.2220 17.0228 21.8312 -183.8900 -179.1310 189.5710 0.0000 0.0000 0.0000 -11.1360 -2.2596 -28.0048 6.6587 15.0376 47.5714 2.3799 -9.0330 -27.7476 0.0885 -1.9190 -5.2818 0.0000 0.0000 0.0000 21.5829 7.3910 -26.7107 -7.1550 -15.4610 49.4580 -2.0475 -4.0184 -28.7057 -0.2664 3.3203 -9.1718 2.5676 0.4574 19.8760 3.5098 1.4975 1.9739 1.9565 0.6861 -9.0308 -4.3495 -2.4373 -12.8627 4.3427 -2.7585 -0.5738 2.0190 -1.2440 2.1996 0.0000 0.0000 0.0000 4.0973 9.2179 -29.3747 67.1725 -57.9364 40.3677 34.4895 -27.2809 16.2956 0.0 0.0 0.0 -7.1250 0.0 0.0 4.4112 10.4968 3.5445 0.0000 0.0000 0.0000 -6.8673 0.8248 27.7105 -66.5777 -57.8221 -39.864 -23.0289 -15.3957 8.2205 0.0 0.0 0.0 7.1250 0.0 -0.0 3.3211 38.881 0.5013
9.2256 16.9325 21.8238 -184.0120 -179.1760 190.0370 0.0000 0.0000 0.0000 -10.8136 -2.4386 -29.4933 7.1116 15.4251 49.2950 2.4647 -9.3354 -28.2489 0.0827 -1.8546 -5.1041 0.0000 0.0000 0.0000 21.5529 7.8124 -28.1565 -7.6340 -15.8434 51.2335 -2.0726 -4.5851 -29.1411 -0.3559 3.8328 -10.6067 2.5964 0.3925 20.3420 3.4920 1.4453 1.8640 1.9366 0.6572 -9.4058 -4.2349 -2.4221 -12.3925 4.4806 -2.7574 -1.3675 2.0414 -1.2455 1.8490 0.0000 0.0000 0.0000 4.1142 9.1551 -29.3371 69.8563 -58.4099 42.6482 36.1149 -29.3557 16.6963 0.0 0.0 0.0 -7.1250 0.0 0.0 5.3998 9.6824 4.435 0.0000 0.0000 0.0000 -6.8244 0.5628 28.0047 -67.9429 -58.0794 -41.0212 -23.7588 -15.3011 8.305 0.0 0.0 0.0 7.1250 0.0 -0.0 2.6991 39.0282 0.3975
9.2322 16.8347 21.8139 -184.3000 -179.3130 190.6560 0.0000 0.0000 0.0000 -10.2727 -2.8122 -31.1548 7.5832 15.8040 51.0472 2.5316 -9.5261 -28.6398 0.0894 -1.9280 -5.3066 0.0000 0.0000 0.0000 21.6650 8.2389 -29.7851 -8.1391 -16.2206 53.0623 -2.1336 -4.7924 -29.6315 -0.3723 3.9192 -10.8494 2.8956 0.3487 20.7108 3.5551 1.4865 1.7544 1.8254 0.6633 -9.7256 -4.5375 -2.5030 -12.2977 4.8758 -2.8220 -1.9422 2.2230 -1.2686 1.6613 0.0000 0.0000 0.0000 3.9974 8.7855 -29.1927 72.2426 -58.7744 44.685 36.7053 -30.2558 17.2407 0.0 0.0 0.0 -7.1250 0.0 0.0 5.6886 8.9037 4.7638 0.0000 0.0000 0.0000 -6.8114 0.0816 27.9645 -69.0714 -58.2785 -41.98 -23.2475 -15.5359 8.3073 0.0 0.0 0.0 7.1250 0.0 -0.0 3.1413 38.9914 0.4656
9.2452 16.7417 21.8174 -184.1900 -179.4220 191.1660 0.0000 0.0000 0.0000 -10.2511 -3.1809 -32.5605 8.0741 16.1735 52.8291 2.6337 -9.7187 -29.2285 0.0913 -1.9490 -5.3649 0.0000 0.0000 0.0000 21.2766 8.4500 -31.3090 -8.6781 -16.5961 54.9701 -2.2847 -4.2852 -30.3296 -0.3019 3.5329 -9.7661 2.9775 0.3380 20.9579 3.4837 1.4974 1.7456 1.6973 0.6619 -9.8669 -4.6490 -2.5367 -12.3853 5.0769 -2.8397 -2.3955 2.3080 -1.2718 1.5353 -0.0000 -0.0000 0.0000 3.9102 8.114 -29.0163 74.2702 -59.0441 46.4214 36.6411 -30.0647 17.4326 0.0 0.0 0.0 -7.1250 0.0 0.0 5.6156 8.6908 4.726 -0.0000 -0.0000 0.0000 -6.9268 -0.4228 27.9047 -70.1865 -58.4634 -42.9295 -23.3973 -16.073 7.7827 0.0 0.0 0.0 7.1250 0.0 -0.0 2.9604 38.4344 0.4792
9.2543 16.6503 21.8241 -183.8660 -179.4020 191.5670 0.0000 0.0000 0.0000 -10.4781 -3.3592 -33.8312 8.5560 16.5133 54.5415 2.7340 -9.9811 -29.7957 0.0866 -1.8984 -5.2250 0.0000 0.0000 0.0000 20.6124 8.8174 -32.6683 -9.2233 -16.9493 56.8590 -2.4833 -3.1049 -31.0101 -0.1696 2.6533 -7.3149 2.7579 0.3861 21.1807 3.3330 1.4987 1.8609 1.6546 0.6681 -9.8610 -4.4998 -2.5774 -12.6249 5.1060 -2.8908 -2.9051 2.2852 -1.2960 1.4088 0.0000 0.0000 0.0000 3.9586 7.2462 -28.9522 76.5551 -59.3058 48.3835 36.5971 -30.101 17.3982 0.0 0.0 0.0 -7.1250 0.0 0.0 5.5934 8.7417 4.7014 0.0000 0.0000 0.0000 -6.9646 -1.0299 27.7954 -71.6943 -58.6952 -44.2162 -24.5309 -16.248 7.4606 0.0 0.0 0.0 7.1250 0.0 -0.0 1.9590 38.1643 0.3299
9.2575 16.5578 21.8268 -183.9040 -179.4030 192.0120 0.0000 0.0000 0.0000 -10.2281 -3.5203 -35.1908 9.0304 16.8272 56.1951 2.8081 -10.4436 -30.2091 0.0625 -1.6129 -4.4370 0.0000 0.0000 0.0000 20.4132 9.3568 -34.0022 -9.7590 -17.2721 58.6797 -2.5552 -2.9794 -31.3841 -0.1268 2.2951 -6.3220 2.7729 0.3842 21.3901 3.2606 1.4953 1.9961 1.5656 0.6640 -9.8219 -4.2126 -2.5603 -12.9844 5.1303 -2.8819 -3.3630 2.2389 -1.2905 1.3140 -0.0000 -0.0000 0.0000 4.0158 6.3468 -28.6639 79.0655 -59.5434 50.5449 36.7693 -30.5032 17.894 0.0 0.0 0.0 -7.1250 0.0 0.0 5.6192 8.1137 4.7936 -0.0000 -0.0000 0.0000 -6.9048 -1.7615 27.7945 -73.3339 -58.924 -45.6189 -25.1348 -16.0551 7.7996 0.0 0.0 0.0 7.1250 0.0 -0.0 1.4665 38.5796 0.232
9.2651 16.4704 21.8349 -183.8510 -179.3090 192.3950 0.0000 0.0000 0.0000 -10.1341 -3.7406 -36.3617 9.5020 17.1201 57.8105 2.9091 -10.8943 -30.7665 0.0402 -1.2942 -3.5588 0.0000 0.0000 0.0000 20.1388 9.7586 -35.2228 -10.2860 -17.5676 60.4401 -2.5132 -3.9477 -31.5506 -0.1995 2.8760 -7.9336 2.7127 0.4280 21.7444 3.1900 1.5457 2.0365 1.5064 0.6869 -9.9698 -4.4402 -2.6572 -13.0670 5.5202 -2.9627 -3.9382 2.4055 -1.3217 1.1584 -0.0000 0.0000 0.0000 3.9029 5.6228 -28.2716 81.5175 -59.7264 52.6607 37.2515 -30.4471 18.3352 0.0 0.0 0.0 -7.1250 0.0 0.0 5.8472 7.4732 5.0642 -0.0000 0.0000 0.0000 -7.0676 -2.2973 27.9578 -74.9627 -59.1281 -47.0154 -25.2609 -16.225 8.2489 0.0 0.0 0.0 7.1250 0.0 -0.0 1.3932 39.0834 0.2031
9.2735 16.3845 21.8482 -183.5460 -179.1990 192.7290 0.0000 0.0000 0.0000 -10.3363 -4.0253 -37.4280 9.9829 17.4002 59.4311 3.0221 -11.2129 -31.3801 0.0426 -1.3319 -3.6626 0.0000 0.0000 0.0000 19.5581 10.0445 -36.3751 -10.8177 -17.8447 62.1881 -2.5570 -4.2278 -31.9326 -0.2394 3.1486 -8.6927 2.4013 0.5204 22.1578 3.1016 1.6011 2.0316 1.5692 0.7220 -10.2068 -4.7791 -2.8059 -13.0334 5.8527 -3.0956 -4.5955 2.5724 -1.3811 0.9603 0.0000 0.0000 0.0000 3.7167 4.9255 -27.9698 84.0731 -59.8668 54.8694 36.9045 -28.5649 16.9609 0.0 0.0 0.0 -7.1250 0.0 0.0 5.8624 9.1907 4.8771 0.0000 0.0000 0.0000 -7.3294 -2.8167 27.9815 -76.5077 -59.3008 -48.3427 -24.8589 -16.4914 8.699 0.0 0.0 0.0 7.1250 0.0 -0.0 1.7811 39.5454 0.2395
9.2741 16.2863 21.8590 -183.5970 -179.2470 193.1590 0.0000 0.0000 0.0000 -10.0570 -4.1345 -38.7455 10.4919 17.6773 61.1202 3.1376 -11.4844 -31.9963 0.0668 -1.6676 -4.5879 0.0000 0.0000 0.0000 19.4065 10.5067 -37.5963 -11.3712 -18.1120 63.9814 -2.6973 -4.0543 -32.6633 -0.2008 2.8856 -7.9603 2.3658 0.5179 22.4680 3.0956 1.6039 1.9882 1.5818 0.7229 -10.4255 -4.5421 -2.8017 -12.7636 5.7470 -3.1023 -5.4869 2.4941 -1.3982 0.6145 -0.0000 -0.0000 0.0000 3.6167 4.1986 -27.673 86.8711 -59.963 57.2907 37.1299 -27.6755 16.1573 0.0 0.0 0.0 -7.1250 0.0 0.0 6.1404 10.0999 4.998 -0.0000 -0.0000 0.0000 -7.3882 -3.4369 27.9433 -77.8420 -59.434 -49.4909 -24.5269 -16.3653 9.0064 0.0 0.0 0.0 7.1250 0.0 -0.0 2.0995 39.8541 0.2664
9.2701 16.1776 21.8648 -183.7880 -179.2210 193.6330 0.0000 0.0000 0.0000 -9.5875 -4.0470 -40.2243 11.0273 17.9484 62.8701 3.2084 -12.0547 -32.3775 0.0481 -1.4158 -3.8938 0.0000 0.0000 0.0000 19.3934 11.2043 -38.8831 -11.9512 -18.3699 65.8340 -2.7691 -4.4269 -33.2328 -0.2043 2.9107 -8.0302 2.4074 0.5946 22.8087 3.1053 1.7348 1.8931 1.5281 0.7799 -10.7196 -4.2768 -2.8085 -12.3028 5.6820 -3.1301 -6.4532 2.4276 -1.4297 0.2172 0.0000 0.0000 0.0000 3.589 3.3132 -27.5924 89.6934 -59.9996 59.7345 36.9425 -27.0161 15.3018 0.0 0.0 0.0 -7.1250 0.0 0.0 6.1583 11.1666 4.8781 0.0000 0.0000 0.0000 -7.3623 -4.0051 27.7629 -79.1612 -59.5514 -50.6275 -24.2562 -16.5833 8.5413 0.0 0.0 0.0 7.1250 0.0 -0.0 2.2907 39.3244 0.3206
9.2664 16.0741 21.8746 -183.7270 -179.0340 194.0130 0.0000 0.0000 0.0000 -9.4436 -3.9954 -41.4973 11.5600 18.1984 64.5873 3.2552 -12.5739 -32.6352 0.0217 -0.9500 -2.6113 0.0000 0.0000 0.0000 19.0300 11.9691 -40.0928 -12.5456 -18.6119 67.7081 -2.7891 -4.8061 -33.5154 -0.2181 3.0063 -8.2963 2.1356 0.7837 23.3110 3.0677 1.9331 1.8023 1.5772 0.8808 -11.1067 -4.1898 -2.8346 -12.3139 5.7312 -3.1592 -6.8939 2.4289 -1.4480 0.0774 -0.0000 -0.0000 0.0000 3.5458 2.3288 -27.6219 92.3534 -59.9791 62.038 36.5969 -26.8513 15.0323 0.0 0.0 0.0 -7.1250 0.0 0.0 5.9759 11.5618 4.6831 -0.0000 -0.0000 0.0000 -7.5137 -4.5431 27.5848 -80.7787 -59.6762 -52.0228 -24.1968 -16.8366 8.0896 0.0 0.0 0.0 7.1250 0.0 -0.0 2.3003 38.8272 0.35
9.2684 15.9833 21.8944 -183.6300 -178.8810 194.3760 0.0000 0.0000 0.0000 -9.4129 -4.0503 -42.5670 12.0720 18.4209 66.2170 3.3722 -12.5235 -33.2304 0.0292 -1.1036 -3.0339 0.0000 0.0000 0.0000 18.5665 12.6948 -41.2105 -13.1305 -18.8288 69.5305 -2.8776 -4.3119 -33.7844 -0.1374 2.3894 -6.5830 1.8508 0.8729 23.7075 3.0206 1.9841 1.8146 1.6689 0.9151 -11.3175 -4.1984 -2.8310 -12.7394 5.9706 -3.1246 -7.1905 2.5107 -1.4242 0.0560 -0.0000 -0.0000 0.0000 3.416 1.2913 -27.3545 94.9505 -59.9072 64.286 36.5455 -27.7923 16.2181 0.0 0.0 0.0 -7.1250 0.0 0.0 5.7540 10.156 4.6735 -0.0000 -0.0000 0.0000 -7.7472 -5.3407 27.6318 -82.3952 -59.7803 -53.4189 -24.7365 -16.5922 8.3235 0.0 0.0 0.0 7.1250 0.0 -0.0 1.8541 39.1243 0.2685
9.2721 15.8976 21.9061 -183.5300 -178.9520 194.9480 0.0000 0.0000 0.0000 -9.2975 -4.4398 -43.8412 12.5567 18.6162 67.7428 3.4832 -12.4848 -33.7882 0.0391 -1.2756 -3.5075 0.0000 0.0000 0.0000 18.0274 13.2767 -42.6375 -13.7057 -19.0224 71.3038 -2.9816 -3.2855 -33.9240 -0.0499 1.4414 -3.9641 1.7248 0.8580 23.9057 2.9750 1.9361 1.7453 1.7053 0.8969 -11.5061 -4.2202 -2.8225 -12.8948 6.2283 -3.0788 -7.7693 2.6060 -1.4005 -0.1021 0.0000 0.0000 0.0000 3.2519 0.3222 -26.9801 97.7697 -59.7707 66.7236 36.2737 -28.5046 17.4898 0.0 0.0 0.0 -7.1250 0.0 0.0 5.3722 8.7079 4.5174 0.0000 0.0000 0.0000 -7.8914 -6.1951 27.5174 -83.9093 -59.8594 -54.7278 -25.4823 -16.4912 7.6561 0.0 0.0 0.0 7.1250 0.0 -0.0 1.1562 38.4471 0.1866
9.2684 15.8102 21.9013 -183.5780 -179.2540 195.6600 0.0000 0.0000 0.0000 -8.8755 -4.9725 -45.3442 12.9966 18.7810 69.1151 3.5478 -12.4975 -34.1104 0.0480 -1.4140 -3.8888 0.0000 0.0000 0.0000 17.6572 13.7740 -44.3539 -14.2387 -19.1848 72.9322 -3.0395 -2.5130 -33.9377 -0.0121 0.7095 -1.9497 1.7998 0.7682 24.1225 2.9877 1.8575 1.5512 1.7036 0.8559 -11.8434 -4.0783 -2.7770 -12.6898 6.2303 -3.0084 -8.6633 2.5923 -1.3791 -0.4326 -0.0000 -0.0000 0.0000 3.2022 -0.6833 -26.7072 100.5422 -59.5759 69.1168 36.2683 -28.9313 18.1602 0.0 0.0 0.0 -7.1250 0.0 0.0 5.2571 7.918 4.5023 -0.0000 -0.0000 0.0000 -7.9806 -6.9567 27.3785 -85.6582 -59.9286 -56.2408 -25.5508 -16.2151 7.7135 0.0 0.0 0.0 7.1250 0.0 -0.0 1.1014 38.5155 0.1759
9.2619 15.7253 21.9064 -183.7320 -179.3590 196.1860 0.0000 0.0000 0.0000 -8.4277 -5.1397 -46.5398 13.3854 18.9169 70.3182 3.6250 -12.6013 -34.4944 0.0645 -1.6386 -4.5078 0.0000 0.0000 0.0000 17.5379 14.2995 -45.6525 -14.6874 -19.3094 74.2934 -3.0146 -2.8476 -33.9304 -0.0140 0.7652 -2.1030 1.8887 0.7471 24.3641 2.9916 1.8660 1.4921 1.6538 0.8538 -12.0413 -3.9921 -2.7709 -12.4981 6.2972 -2.9764 -9.6602 2.6129 -1.3767 -0.7901 0.0000 0.0000 0.0000 3.274 -2.027 -26.576 102.9114 -59.3606 71.1576 36.9541 -29.5604 18.4315 0.0 0.0 0.0 -7.1250 0.0 0.0 5.6434 7.4323 4.8904 0.0000 0.0000 0.0000 -8.0268 -7.909 27.2501 -87.3520 -59.9735 -57.707 -25.5802 -16.0899 7.8966 0.0 0.0 0.0 7.1250 0.0 -0.0 1.0894 38.7197 0.1686
9.2777 15.6781 21.9945 -183.9920 -178.1190 195.6390 0.0000 0.0000 0.0000 -8.5340 -3.8211 -45.9591 13.7174 19.0261 71.3395 3.8177 -13.0121 -35.4413 0.0872 -1.9044 -5.2416 0.0000 0.0000 0.0000 17.7306 15.1739 -44.7787 -15.0168 -19.3939 75.2873 -2.9587 -4.2547 -34.2031 -0.1033 2.0729 -5.7073 1.7188 1.2389 24.8349 2.8702 2.4339 2.0160 1.4135 1.1180 -11.7062 -3.9838 -2.8243 -12.6109 6.4593 -3.0069 -10.4747 2.6747 -1.3976 -1.0335 -0.0000 -0.0000 0.0000 3.2988 -3.6471 -26.5887 105.2692 -59.1004 73.1836 37.4547 -29.8635 18.4549 0.0 0.0 0.0 -7.1250 0.0 0.0 5.9538 7.2804 5.1801 -0.0000 -0.0000 0.0000 -8.1255 -9.0642 26.8528 -88.9831 -59.9961 -59.1193 -25.8344 -16.1042 7.7957 0.0 0.0 0.0 7.1250 0.0 -0.0 0.8626 38.6274 0.1354
9.2969 15.6429 22.0927 -184.0850 -177.0410 194.9460 0.0000 0.0000 0.0000 -8.8332 -2.7375 -45.1094 13.9950 19.1125 72.1892 3.9956 -13.2936 -36.2950 0.1296 -2.3201 -6.3913 0.0000 0.0000 0.0000 17.7966 15.7533 -43.6314 -15.2666 -19.4541 76.0385 -2.9148 -5.4466 -34.5008 -0.2583 3.2701 -9.0317 1.5166 1.6069 25.4319 2.6764 2.8242 2.5173 1.1680 1.2992 -11.4575 -3.8122 -2.8064 -12.7348 6.6210 -2.9651 -11.1251 2.7081 -1.3875 -1.2292 0.0000 -0.0000 0.0000 3.4221 -5.1455 -26.5219 107.5893 -58.7981 75.1713 37.77 -30.1653 18.6655 0.0 0.0 0.0 -7.1250 0.0 0.0 6.1137 6.9498 5.3604 0.0000 -0.0000 0.0000 -8.1524 -10.2064 26.6523 -90.5040 -59.999 -60.4365 -25.7714 -16.2011 7.8523 0.0 0.0 0.0 7.1250 0.0 -0.0 0.9210 38.6851 0.1433
9.2504 15.5296 22.0122 -183.6730 -179.2120 196.7010 0.0000 0.0000 0.0000 -8.0452 -5.1288 -48.2853 14.4337 19.2403 73.5247 3.8549 -13.7899 -35.6444 0.1498 -2.4944 -6.8742 0.0000 0.0000 0.0000 17.2403 15.0512 -47.0808 -15.7208 -19.5552 77.3987 -2.8391 -6.1012 -34.4029 -0.2797 3.4014 -9.3983 1.5243 0.8746 24.8594 2.8155 1.9056 1.9562 1.6446 0.8842 -11.7823 -3.7481 -2.7757 -12.7052 6.8385 -2.8956 -11.7341 2.7838 -1.3633 -1.4367 -0.0000 -0.0000 0.0000 3.5624 -6.5488 -26.4414 109.7441 -58.4745 77.0113 38.3324 -30.1415 18.5291 0.0 0.0 0.0 -7.1250 0.0 0.0 6.4898 6.9677 5.6922 -0.0000 -0.0000 0.0000 -8.2162 -11.369 26.688 -91.8671 -59.9868 -61.6169 -24.9118 -16.5545 8.1711 0.0 0.0 0.0 7.1250 0.0 -0.0 1.6893 38.9708 0.251
9.2477 15.4815 22.0642 -184.0050 -179.3110 196.8410 0.0000 0.0000 0.0000 -7.5632 -5.0234 -48.5955 14.7059 19.3143 74.3491 3.9639 -14.0689 -36.1718 0.1460 -2.4622 -6.7848 0.0000 0.0000 0.0000 17.5642 15.3111 -47.2273 -15.9491 -19.6019 78.0801 -2.9700 -5.8806 -35.0020 -0.2318 3.0987 -8.5535 1.8211 0.8316 24.9489 2.9104 1.9422 2.0392 1.5675 0.8883 -11.7303 -3.8069 -2.8018 -12.5925 6.9480 -2.8946 -12.3602 2.8456 -1.3698 -1.6614 -0.0000 -0.0000 0.0000 3.6004 -7.8863 -26.5449 112.1309 -58.066 79.0415 38.7296 -29.5794 17.6669 0.0 0.0 0.0 -7.1250 0.0 0.0 6.8962 7.9023 5.9268 -0.0000 -0.0000 0.0000 -8.4036 -12.4179 26.5433 -93.4642 -59.9546 -62.9997 -24.0951 -16.8956 8.501 0.0 0.0 0.0 7.1250 0.0 -0.0 2.4267 39.2676 0.343
9.2414 15.4247 22.1267 -184.3960 -179.3880 196.9230 0.0000 0.0000 0.0000 -7.0516 -4.5723 -48.8709 14.9644 19.3809 75.1295 4.0658 -14.1962 -36.6538 0.1673 -2.6354 -7.2651 0.0000 0.0000 0.0000 18.0180 15.6407 -47.1076 -16.1446 -19.6398 78.6622 -3.1943 -5.4901 -35.9996 -0.1580 2.5613 -7.0596 2.1065 0.8332 25.2012 3.0195 2.0505 1.9526 1.4887 0.9247 -11.9635 -3.7589 -2.8224 -12.5717 6.9260 -2.9189 -12.6084 2.8338 -1.3867 -1.7475 -0.0000 -0.0000 0.0000 3.6731 -8.9751 -26.799 114.2882 -57.6492 80.8682 39.0926 -29.7316 17.2915 0.0 0.0 0.0 -7.1250 0.0 0.0 7.1932 8.2645 6.1344 -0.0000 -0.0000 0.0000 -8.567 -13.1079 26.3382 -95.2490 -59.8956 -64.5441 -24.0837 -16.7891 8.8352 0.0 0.0 0.0 7.1250 0.0 -0.0 2.4693 39.6306 0.327
9.2298 15.3730 22.1867 -184.5690 -179.3250 197.2670 0.0000 0.0000 0.0000 -6.7749 -4.2140 -49.3281 15.1100 19.4168 75.5677 4.0948 -14.3925 -36.7967 0.1467 -2.4684 -6.8021 0.0000 0.0000 0.0000 18.1869 16.0619 -47.2080 -16.2249 -19.6548 78.9011 -3.3460 -5.3728 -36.7247 -0.1285 2.3111 -6.3661 2.0062 0.8928 25.0842 3.0352 2.1057 1.7818 1.5470 0.9555 -12.1024 -3.7201 -2.8020 -12.6684 7.1446 -2.8812 -12.5475 2.9003 -1.3691 -1.7107 -0.0000 -0.0000 0.0000 3.9251 -10.0164 -27.0244 115.9383 -57.2985 82.2595 39.305 -30.4737 17.6617 0.0 0.0 0.0 -7.1250 0.0 0.0 7.2586 7.7603 6.2638 -0.0000 -0.0000 0.0000 -8.6838 -13.7762 26.3693 -96.8233 -59.8233 -65.9057 -24.4438 -16.5397 9.1819 0.0 0.0 0.0 7.1250 0.0 -0.0 2.1894 40.0386 0.2679
9.2178 15.3523 22.2561 -184.4810 -179.3280 197.6830 0.0000 0.0000 0.0000 -6.7883 -4.3482 -49.5082 15.1472 19.4258 75.6797 4.1048 -14.4694 -36.8468 0.0989 -2.0278 -5.5825 0.0000 0.0000 0.0000 18.1691 16.1519 -47.2452 -16.2111 -19.6523 78.8601 -3.4276 -5.6628 -37.2645 -0.1405 2.4161 -6.6570 1.7624 0.9185 24.6952 2.9696 2.0560 1.6348 1.6337 0.9453 -12.0649 -3.8030 -2.8098 -12.6186 7.5463 -2.8529 -12.6382 3.0581 -1.3569 -1.7440 0.0000 0.0000 0.0000 4.2815 -10.9649 -27.3383 117.4539 -56.9511 83.5324 39.2786 -30.8678 17.9806 0.0 0.0 0.0 -7.1250 0.0 0.0 7.1825 7.3806 6.2509 0.0000 0.0000 0.0000 -8.8727 -14.5024 26.5138 -98.1423 -59.748 -67.0455 -25.1645 -16.5218 8.9476 0.0 0.0 0.0 7.1250 0.0 -0.0 1.5367 39.8435 0.1954
9.2091 15.3623 22.3442 -184.3090 -179.3930 197.7560 0.0000 0.0000 0.0000 -7.0336 -4.3891 -49.0567 15.0782 19.4090 75.4722 4.1434 -14.2277 -37.0150 0.1089 -2.1276 -5.8586 0.0000 0.0000 0.0000 18.1750 15.9507 -46.6506 -16.0873 -19.6289 78.4916 -3.6194 -5.2738 -38.0433 -0.0891 1.9254 -5.2995 1.5633 0.9176 24.5007 2.9039 1.9869 1.6080 1.6987 0.9233 -11.9921 -3.8052 -2.8651 -12.7093 7.7502 -2.9073 -12.7218 3.1279 -1.3854 -1.7508 -0.0000 0.0000 0.0000 4.5801 -11.9001 -27.7643 118.7410 -56.6362 84.6093 39.3409 -31.2577 18.386 0.0 0.0 0.0 -7.1250 0.0 0.0 7.1453 6.8732 6.2892 -0.0000 0.0000 0.0000 -9.0601 -15.109 26.5749 -99.6301 -59.6467 -68.33 -25.8727 -16.5587 8.4146 0.0 0.0 0.0 7.1250 0.0 -0.0 0.8749 39.3146 0.1226
9.2023 15.3852 22.4373 -184.1550 -179.5010 197.7380 0.0000 0.0000 0.0000 -7.2943 -4.2929 -48.4480 14.9403 19.3748 75.0568 4.1889 -13.9172 -37.2136 0.1462 -2.4638 -6.7893 0.0000 0.0000 0.0000 18.1397 15.7373 -45.9363 -15.9019 -19.5925 77.9392 -3.9304 -3.6948 -38.9100 -0.0057 0.4860 -1.3354 1.3466 0.8916 24.3772 2.8861 1.8900 1.5676 1.8373 0.8908 -11.9751 -3.7966 -2.9183 -12.7715 7.9066 -2.9677 -12.7377 3.1780 -1.4168 -1.7398 -0.0000 -0.0000 0.0000 4.768 -12.6592 -28.1188 119.8681 -56.345 85.5491 39.3373 -31.6385 18.9735 0.0 0.0 0.0 -7.1250 0.0 0.0 7.0313 6.1646 6.2842 -0.0000 -0.0000 0.0000 -9.2132 -15.5751 26.5642 -101.1098 -59.5284 -69.6061 -25.5 -16.2089 8.6703 0.0 0.0 0.0 7.1250 0.0 -0.0 1.2199 39.5664 0.1634
9.1973 15.4246 22.5525 -184.1850 -179.3350 197.5880 0.0000 0.0000 0.0000 -7.4320 -3.8986 -47.4964 14.7266 19.3198 74.4118 4.2222 -13.8812 -37.3658 0.1547 -2.5342 -6.9846 0.0000 0.0000 0.0000 18.3813 15.7574 -44.7788 -15.6203 -19.5337 77.0982 -4.1122 -2.6806 -39.4031 -0.0067 -0.5300 1.4563 1.1073 0.9358 24.1016 2.9141 1.8776 1.5922 2.0117 0.8997 -11.8047 -3.8543 -2.9285 -12.8468 8.1241 -2.9654 -12.6238 3.2613 -1.4124 -1.6849 -0.0000 0.0000 0.0000 4.9376 -13.0657 -28.3734 121.0819 -56.0147 86.5575 39.2151 -31.4617 19.397 0.0 0.0 0.0 -7.1250 0.0 0.0 6.8746 5.6888 6.2051 -0.0000 0.0000 0.0000 -9.4452 -16.1113 26.6399 -102.1145 -59.4381 -70.4716 -24.6913 -15.8326 8.7693 0.0 0.0 0.0 7.1250 0.0 -0.0 1.9336 39.6086 0.257
9.1840 15.4748 22.6646 -184.2040 -179.5450 197.6090 0.0000 0.0000 0.0000 -7.3976 -3.8914 -46.7446 14.4642 19.2488 73.6171 4.1563 -14.2164 -37.0739 0.1468 -2.4687 -6.8030 0.0000 0.0000 0.0000 18.7402 15.5781 -43.8334 -15.2824 -19.4578 76.0859 -4.1615 -2.4872 -39.5674 -0.0184 -0.8748 2.4044 0.9678 0.8509 23.8034 2.9833 1.7376 1.4215 2.2195 0.8469 -11.8395 -3.6724 -2.8626 -13.1804 8.0960 -2.9207 -12.0736 3.2030 -1.3830 -1.4513 -0.0000 -0.0000 0.0000 5.1689 -13.1413 -28.7209 122.1536 -55.7082 87.4446 39.1624 -31.2741 19.9979 0.0 0.0 0.0 -7.1250 0.0 0.0 6.7258 4.9831 6.1596 -0.0000 -0.0000 0.0000 -9.6463 -16.2557 26.8879 -103.2372 -59.3274 -71.4378 -24.1841 -15.672 8.043 0.0 0.0 0.0 7.1250 0.0 -0.0 2.3071 38.7754 0.354
9.1789 15.5428 22.8016 -184.4380 -179.6170 197.4190 0.0000 0.0000 0.0000 -7.2850 -3.6695 -45.4588 14.1157 19.1487 72.5574 4.1037 -14.5544 -36.8457 0.1266 -2.2940 -6.3188 0.0000 0.0000 0.0000 19.4256 15.2676 -42.3992 -14.8487 -19.3515 74.7805 -4.1316 -3.0585 -39.6269 -0.0043 -0.4247 1.1669 1.1645 0.8154 23.5307 3.0529 1.7500 1.2927 2.1825 0.8454 -11.8345 -3.5725 -2.8596 -13.4281 8.1037 -2.9514 -11.5289 3.1726 -1.3890 -1.2283 0.0000 0.0000 0.0000 5.4502 -13.0648 -29.3186 122.9287 -55.4776 88.0841 39.1152 -31.1516 20.665 0.0 0.0 0.0 -7.1250 0.0 0.0 6.5661 4.2003 6.1085 0.0000 0.0000 0.0000 -9.7492 -15.9863 27.0005 -104.7846 -59.1578 -72.7676 -23.294 -15.5279 7.3216 0.0 0.0 0.0 7.1250 0.0 -0.0 3.0057 37.9276 0.5239
9.1757 15.6341 22.9536 -184.5890 -179.5620 197.0320 0.0000 0.0000 0.0000 -7.3911 -3.3628 -43.6482 13.6623 19.0084 71.1705 4.0800 -14.4128 -36.7293 0.1201 -2.2344 -6.1538 0.0000 0.0000 0.0000 20.0935 14.6813 -40.5451 -14.3213 -19.2086 73.1833 -4.0384 -3.8958 -39.4969 -0.0015 0.2483 -0.6823 1.2201 0.7813 23.4452 3.1193 1.7329 1.1294 2.2331 0.8378 -11.9751 -3.7993 -2.9134 -13.2297 8.3655 -3.0000 -11.2901 3.3028 -1.4057 -1.1697 -0.0000 -0.0000 0.0000 5.7568 -12.5265 -29.8307 123.7532 -55.2239 88.7624 38.8937 -30.5107 20.7534 0.0 0.0 0.0 -7.1250 0.0 0.0 6.4138 4.1593 5.9699 -0.0000 -0.0000 0.0000 -9.8281 -15.5953 27.3395 -106.1893 -58.9861 -73.9726 -22.4908 -15.3216 7.1786 0.0 0.0 0.0 7.1250 0.0 -0.0 3.6772 37.7194 0.6601
9.1703 15.7416 23.1156 -184.4970 -179.3500 196.6880 0.0000 0.0000 0.0000 -7.8688 -2.8613 -41.7373 13.0708 18.8076 69.3451 3.9997 -13.9422 -36.3349 0.1258 -2.2862 -6.2972 0.0000 0.0000 0.0000 20.3730 14.0790 -38.6349 -13.6982 -19.0199 71.2806 -3.9323 -3.8113 -38.9630 -0.0013 0.2360 -0.6486 0.8317 0.7927 23.5400 3.1672 1.6715 0.7025 2.5375 0.8376 -12.5307 -3.8008 -2.8776 -12.8713 8.2852 -2.9875 -10.8714 3.2727 -1.4000 -1.0916 0.0000 0.0000 0.0000 6.0334 -11.3644 -30.235 124.4380 -55.0064 89.3241 38.5979 -29.9124 20.7926 0.0 0.0 0.0 -7.1250 0.0 0.0 6.2260 4.1979 5.7884 0.0000 0.0000 0.0000 -10.0256 -14.7297 28.1791 -107.3151 -58.8363 -74.9367 -22.7564 -15.039 7.463 0.0 0.0 0.0 7.1250 0.0 -0.0 3.4785 38.0438 0.5966
9.1635 15.8507 23.2833 -184.4440 -179.2230 196.5780 0.0000 0.0000 0.0000 -8.2540 -2.3434 -40.1060 12.3972 18.5536 67.2425 3.8523 -13.5498 -35.6231 0.1347 -2.3653 -6.5164 0.0000 0.0000 0.0000 20.7176 13.3878 -36.9482 -13.0088 -18.7853 69.1529 -3.6591 -4.6955 -37.9944 -0.0352 1.2114 -3.3306 0.6464 0.7676 22.4560 3.1866 1.5594 0.8358 2.6987 0.7956 -11.7748 -3.5575 -2.8087 -13.4259 8.0050 -2.9439 -10.5490 3.1203 -1.3706 -0.9061 -0.0000 0.0000 0.0000 6.3494 -11.2826 -30.6208 124.4623 -54.9986 89.3441 38.31 -29.7902 21.1974 0.0 0.0 0.0 -7.1250 0.0 0.0 5.9718 3.8018 5.5938 -0.0000 0.0000 0.0000 -10.2211 -14.7443 28.7888 -107.9903 -58.7411 -75.5142 -23.1987 -14.773 7.3585 0.0 0.0 0.0 7.1250 0.0 -0.0 3.0906 37.961 0.5362
9.1700 16.0063 23.5015 -184.6660 -178.5650 195.3420 0.0000 0.0000 0.0000 -8.6306 -1.0712 -36.6902 11.5875 18.2108 64.6752 3.7227 -13.5523 -35.0008 0.1395 -2.4074 -6.6329 0.0000 0.0000 0.0000 21.5071 12.4593 -33.5155 -12.1945 -18.4717 66.6040 -3.3890 -5.6829 -37.0803 -0.1719 2.6712 -7.3647 0.5581 0.8613 22.6075 3.2398 1.6621 1.0171 2.7742 0.8476 -11.6610 -3.4583 -2.6922 -13.8695 7.8754 -2.8384 -9.7860 3.0478 -1.3006 -0.5928 0.0000 0.0000 0.0000 6.4855 -10.4084 -30.9511 124.4061 -55.0167 89.298 38.2363 -29.6205 21.6267 0.0 0.0 0.0 -7.1250 0.0 0.0 5.8430 3.3175 5.5244 0.0000 0.0000 0.0000 -10.3196 -14.1954 29.5341 -108.4627 -58.672 -75.9178 -23.0974 -14.5678 6.8728 0.0 0.0 0.0 7.1250 0.0 -0.0 3.1326 37.4287 0.5844
9.1684 16.1684 23.7112 -184.8210 -178.3720 194.4600 0.0000 0.0000 0.0000 -8.8481 -0.2276 -33.6386 10.7364 17.8037 61.9226 3.5246 -13.5664 -34.0335 0.1469 -2.4695 -6.8052 0.0000 0.0000 0.0000 22.0937 11.3612 -30.7365 -11.3874 -18.1195 64.0335 -3.2569 -5.0130 -36.1106 -0.1879 2.7914 -7.6986 0.6188 0.8476 22.4495 3.2866 1.6664 0.8966 2.7919 0.8493 -11.7112 -3.4246 -2.6823 -13.7173 7.8871 -2.8714 -9.0437 3.0377 -1.3090 -0.3720 -0.0000 0.0000 0.0000 6.6336 -9.0095 -31.5821 124.1775 -55.0899 89.1106 38.4083 -29.3401 21.8409 0.0 0.0 0.0 -7.1250 0.0 0.0 5.9047 3.0153 5.6162 -0.0000 0.0000 0.0000 -10.2988 -13.1088 30.1181 -108.7058 -58.6357 -76.1255 -22.7891 -14.3433 6.3741 0.0 0.0 0.0 7.1250 0.0 -0.0 3.3497 36.8706 0.6708
9.1642 16.3304 23.9150 -184.6950 -178.5580 194.0270 0.0000 0.0000 0.0000 -9.2542 0.2493 -31.1016 9.8406 17.3192 58.9542 3.2812 -13.1816 -32.7945 0.1817 -2.7458 -7.5718 0.0000 0.0000 0.0000 22.2870 10.0307 -28.6521 -10.5658 -17.7160 61.3633 -3.0412 -4.2516 -34.6470 -0.1836 2.7602 -7.6117 0.5987 0.7259 21.6323 3.3109 1.4904 0.7569 2.8861 0.7705 -11.4080 -3.3439 -2.6792 -13.8085 7.7330 -2.9206 -8.2871 2.9605 -1.3227 -0.1109 -0.0000 -0.0000 0.0000 6.7586 -7.804 -32.2504 123.5238 -55.2954 88.5738 38.424 -29.4136 21.9644 0.0 0.0 0.0 -7.1250 0.0 0.0 5.8896 2.8657 5.6179 -0.0000 -0.0000 0.0000 -10.3296 -12.0738 30.6768 -108.5900 -58.6531 -76.0266 -22.6786 -13.9895 5.9725 0.0 0.0 0.0 7.1250 0.0 -0.0 3.4084 36.4305 0.7193
9.1643 16.5171 24.1378 -184.1600 -178.8230 193.5460 0.0000 0.0000 0.0000 -10.1168 0.5916 -28.3543 8.9111 16.7502 55.7823 2.9504 -12.9120 -31.0587 0.2095 -2.9467 -8.1304 0.0000 0.0000 0.0000 21.9706 8.2916 -26.5054 -9.7197 -17.2492 58.5474 -2.7416 -3.7330 -32.7760 -0.2484 3.2070 -8.8557 0.2734 0.5473 20.7593 3.2604 1.1576 0.5925 3.1158 0.6319 -11.0947 -3.4157 -2.6957 -14.1130 7.5794 -2.9844 -7.2549 2.9109 -1.3321 0.2795 0.0000 -0.0000 0.0000 6.7186 -6.4744 -32.8096 122.3659 -55.6458 87.6199 38.3258 -29.8229 22.2407 0.0 0.0 0.0 -7.1250 0.0 0.0 5.7752 2.5704 5.5389 0.0000 -0.0000 0.0000 -10.471 -10.9378 31.3884 -107.9206 -58.7511 -75.4546 -22.7314 -13.3507 5.6878 0.0 0.0 0.0 7.1250 0.0 -0.0 3.3405 36.126 0.7298
9.1669 16.7098 24.3738 -184.0270 -178.9210 192.6250 0.0000 0.0000 0.0000 -10.5148 1.2792 -25.0518 7.9731 16.0994 52.4656 2.5607 -12.9102 -28.9300 0.2238 -3.0454 -8.4053 0.0000 0.0000 0.0000 22.0744 6.5375 -23.6994 -8.8420 -16.7050 55.5422 -2.4002 -3.3178 -30.6007 -0.3529 3.8166 -10.5612 0.2335 0.4238 20.3124 3.3439 0.9943 0.3533 3.2808 0.5631 -11.1078 -3.7750 -2.7848 -13.7314 7.6136 -3.1143 -6.2122 2.9820 -1.3806 0.5746 -0.0000 0.0000 0.0000 6.4956 -4.6366 -33.469 120.7177 -56.1156 86.2554 38.2194 -30.208 22.2717 0.0 0.0 0.0 -7.1250 0.0 0.0 5.7051 2.5656 5.4715 -0.0000 0.0000 0.0000 -10.6526 -9.3276 32.0895 -106.5886 -58.9343 -74.3147 -22.9984 -12.4334 5.1773 0.0 0.0 0.0 7.1250 0.0 -0.0 3.0780 35.5875 0.7127
9.1729 16.9040 24.6154 -184.5290 -178.8820 191.5230 0.0000 0.0000 0.0000 -10.1836 2.2439 -21.5564 7.0511 15.3748 49.0675 2.1509 -12.6256 -26.5234 0.2640 -3.3057 -9.1312 0.0000 0.0000 0.0000 22.7902 5.0939 -20.5904 -7.9559 -16.0868 52.4039 -2.0016 -3.0415 -27.9586 -0.4748 4.4190 -12.2584 0.7502 0.3632 19.9156 3.6158 1.0621 0.1791 3.2666 0.5772 -11.0824 -4.0428 -2.8368 -13.2912 7.4668 -3.2156 -5.0585 2.9772 -1.4214 0.8877 -0.0000 0.0000 0.0000 6.1663 -2.8261 -34.244 118.4329 -56.7133 84.3519 37.9785 -30.4776 21.6928 0.0 0.0 0.0 -7.1250 0.0 0.0 5.6740 3.3145 5.3633 -0.0000 0.0000 0.0000 -10.8271 -7.6473 32.637 -104.6005 -59.179 -72.6095 -23.3329 -11.6234 4.1049 0.0 0.0 0.0 7.1250 0.0 -0.0 2.7285 34.4389 0.7079
9.1832 17.1223 24.8798 -184.6010 -178.8940 190.4180 0.0000 0.0000 0.0000 -10.3266 3.0051 -17.8959 6.1549 14.5768 45.6002 1.7335 -11.8508 -23.8095 0.3610 -3.8600 -10.6833 0.0000 0.0000 0.0000 22.8499 3.5935 -17.5550 -7.0980 -15.4138 49.2439 -1.6021 -2.2380 -24.8097 -0.5440 4.7253 -13.1267 0.9800 0.3030 19.3097 3.7468 1.0359 0.0600 3.2836 0.5566 -10.8721 -4.0356 -2.8177 -13.1955 7.0454 -3.2538 -3.7483 2.8313 -1.4342 1.2938 -0.0000 -0.0000 0.0000 5.8092 -1.1593 -34.963 115.4280 -57.41 81.8298 37.541 -31.0187 21.1606 0.0 0.0 0.0 -7.1250 0.0 0.0 5.5106 4.0626 5.1305 -0.0000 -0.0000 0.0000 -10.9289 -5.961 33.0068 -102.1762 -59.4323 -70.5248 -23.0879 -11.1659 2.8304 0.0 0.0 0.0 7.1250 0.0 -0.0 2.8567 33.0467 0.8376
9.1841 17.3555 25.1500 -184.2200 -178.9420 189.5780 0.0000 0.0000 0.0000 -10.8828 3.4899 -14.5119 5.3179 13.7331 42.1786 1.2788 -10.8631 -20.4839 0.4558 -4.3308 -12.0094 0.0000 0.0000 0.0000 22.3568 2.2659 -14.9100 -6.3021 -14.7149 46.1825 -1.1672 -1.6978 -21.0882 -0.5816 4.8832 -13.5758 0.7016 0.2400 18.3950 3.7179 0.8697 -0.1751 3.4510 0.4928 -10.6121 -3.9206 -2.7786 -12.8245 6.6935 -3.2721 -2.6492 2.6928 -1.4464 1.5810 0.0000 -0.0000 0.0000 5.5819 0.6076 -35.5215 111.7836 -58.1288 78.7466 37.151 -32.2753 21.2442 0.0 0.0 0.0 -7.1250 0.0 0.0 5.2568 4.0728 4.8911 0.0000 -0.0000 0.0000 -10.8274 -4.1635 33.3929 -99.3327 -59.6683 -68.0733 -22.2482 -10.6744 2.402 0.0 0.0 0.0 7.1250 0.0 -0.0 3.5136 32.5612 1.072
9.1974 17.5783 25.4522 -184.3380 -178.0810 188.7010 0.0000 0.0000 0.0000 -11.0162 4.6893 -11.2326 4.5496 12.8579 38.8388 0.8263 -9.5287 -16.5491 0.5309 -4.6692 -12.9674 0.0000 0.0000 0.0000 22.2400 1.9659 -11.9784 -5.5711 -13.9994 43.2349 -0.7030 -2.0309 -16.7002 -0.7342 5.4742 -15.2663 0.8241 0.4364 17.0543 3.6977 1.1177 -0.3031 3.2808 0.6003 -10.0036 -4.0585 -2.8464 -12.0656 6.7241 -3.4051 -1.7558 2.7270 -1.5146 1.7555 -0.0000 0.0000 0.0000 5.4816 2.4185 -36.0168 107.5544 -58.803 75.1415 36.7167 -33.7475 21.4703 0.0 0.0 0.0 -7.1250 0.0 0.0 4.9493 3.9285 4.6162 -0.0000 0.0000 0.0000 -10.6295 -2.3518 33.8036 -95.7126 -59.8763 -64.9452 -21.6548 -10.2748 2.285 0.0 0.0 0.0 7.1250 0.0 -0.0 3.9856 32.421 1.2301
9.2078 17.8222 25.7370 -184.6950 -177.5080 187.9900 0.0000 0.0000 0.0000 -10.7512 5.4283 -8.5012 3.8673 11.9817 35.6674 0.4025 -7.9585 -11.8025 0.6678 -5.2259 -14.5539 0.0000 0.0000 0.0000 22.5183 2.0530 -9.3968 -4.9113 -13.2832 40.4380 -0.2960 -2.9692 -11.8076 -1.0010 6.3669 -17.8527 1.2281 0.5594 15.8189 3.8430 1.3423 -0.5370 3.1496 0.6914 -9.5654 -4.5356 -2.9860 -11.3546 6.9201 -3.6043 -0.6951 2.8794 -1.6100 2.0131 -0.0000 -0.0000 0.0000 5.2358 4.2527 -36.5558 103.1153 -59.34 71.333 36.0998 -35.0951 21.3233 0.0 0.0 0.0 -7.1250 0.0 0.0 4.5991 4.2652 4.2583 -0.0000 -0.0000 0.0000 -10.6144 -0.5083 34.0469 -91.7054 -59.989 -61.4769 -21.6912 -10.2641 1.6955 0.0 0.0 0.0 7.1250 0.0 -0.0 3.9224 31.7891 1.2703
9.2166 18.0902 26.0071 -184.7670 -177.3530 187.5570 0.0000 0.0000 0.0000 -10.7666 5.4795 -6.1836 3.2720 11.1228 32.6951 0.0992 -5.8042 -6.4649 0.7714 -5.6080 -15.6512 0.0000 0.0000 0.0000 22.5222 2.0963 -7.3719 -4.3221 -12.5771 37.8053 -0.0100 -4.1273 -6.2791 -1.0877 6.6281 -18.6182 1.5023 0.6007 14.3454 3.9594 1.4099 -0.7270 3.1019 0.7140 -8.9324 -4.8544 -3.0718 -11.0962 6.7762 -3.7356 0.5087 2.8901 -1.6748 2.3836 -0.0000 -0.0000 0.0000 4.9403 5.7485 -36.7966 98.6398 -59.7161 67.4752 34.7532 -34.1466 20.223 0.0 0.0 0.0 -7.1250 0.0 0.0 3.9594 5.8786 3.5417 -0.0000 -0.0000 0.0000 -10.6785 1.0881 34.0351 -87.8030 -59.9818 -58.0975 -21.5676 -10.403 1.5395 0.0 0.0 0.0 7.1250 0.0 -0.0 4.0127 31.6195 1.3161
9.2295 18.3636 26.2775 -184.4360 -177.4720 187.0700 0.0000 0.0000 0.0000 -11.2420 5.0575 -3.9198 2.7709 10.3146 30.0016 -0.0180 -2.9149 -0.7305 0.7388 -5.4910 -15.3146 0.0000 0.0000 0.0000 22.0586 1.9526 -5.5231 -3.8124 -11.9064 35.4018 0.0980 -5.7867 -0.3454 -0.9610 6.2419 -17.4880 1.5821 0.4992 12.8789 3.9009 1.2282 -0.8323 3.0284 0.6210 -8.1970 -4.9755 -3.0560 -10.7701 6.5326 -3.7385 1.3947 2.8357 -1.6842 2.6189 -0.0000 -0.0000 0.0000 4.7499 7.1702 -37.0391 93.9387 -59.9413 63.4104 33.8195 -34.3564 19.788 0.0 0.0 0.0 -7.1250 0.0 0.0 3.4466 6.5997 3.0333 -0.0000 -0.0000 0.0000 -10.6213 2.4741 34.2223 -83.6817 -59.8486 -54.5309 -21.5629 -10.4463 1.792 0.0 0.0 0.0 7.1250 0.0 -0.0 4.0306 31.8902 1.2957
9.2428 18.6444 26.5458 -184.2170 -177.4870 186.3470 0.0000 0.0000 0.0000 -11.6636 4.2603 -1.5449 2.3765 9.6097 27.7220 0.0711 0.8490 4.8080 0.5247 -4.6422 -12.8909 0.0000 0.0000 0.0000 21.7909 2.1235 -3.5600 -3.3913 -11.3031 33.3089 0.0338 -8.3874 5.1764 -0.6402 5.1190 -14.2483 1.7362 0.3785 11.7774 3.8406 1.0418 -0.8809 2.9084 0.5222 -7.6079 -5.1473 -3.0051 -10.1847 6.5004 -3.6959 1.9971 2.8659 -1.6720 2.7156 0.0000 -0.0000 0.0000 4.5522 8.7784 -37.0449 89.5318 -59.9992 59.5945 32.8393 -34.3433 19.3645 0.0 0.0 0.0 -7.1250 0.0 0.0 2.8945 7.304 2.5063 0.0000 -0.0000 0.0000 -10.4466 3.9018 34.5325 -79.2908 -59.5622 -50.7392 -22.0696 -10.5647 1.8159 0.0 0.0 0.0 7.1250 0.0 -0.0 3.6255 31.9258 1.1619
9.2427 18.9414 26.8026 -184.3760 -177.4770 186.1490 0.0000 0.0000 0.0000 -11.7334 2.9483 -0.0069 2.0812 9.0332 25.8994 0.3026 5.2173 9.8969 0.2570 -3.2616 -9.0079 0.0000 0.0000 0.0000 22.1445 3.2044 -2.1430 -3.0685 -10.8051 31.6255 -0.0895 -12.2428 9.7592 -0.3466 3.7829 -10.4666 2.1129 0.3501 10.3735 3.8604 0.9990 -1.0064 2.7203 0.4876 -6.9338 -5.1998 -3.0341 -9.7803 6.4395 -3.7620 2.4790 2.8556 -1.7116 2.8076 -0.0000 0.0000 0.0000 4.4569 10.1547 -37.0492 85.0723 -59.908 55.7338 31.7146 -33.8667 19.1894 0.0 0.0 0.0 -7.1250 0.0 0.0 2.2065 7.7429 1.8906 -0.0000 0.0000 0.0000 -10.1454 5.194 34.4662 -74.7355 -59.101 -46.8205 -22.3577 -11.1663 1.404 0.0 0.0 0.0 7.1250 0.0 -0.0 3.3742 31.487 1.1167
9.2284 19.2263 27.0294 -184.6180 -177.3180 185.8310 0.0000 0.0000 0.0000 -11.6563 1.7996 1.1739 1.8809 8.6134 24.5932 0.5933 9.8242 14.3869 0.0681 -1.6839 -4.6329 0.0000 0.0000 0.0000 22.7378 4.7480 -0.6774 -2.8579 -10.4613 30.4840 0.0659 -18.0586 12.0833 -0.0000 -0.0217 0.0597 2.3040 0.3510 9.6578 3.9185 1.0040 -1.2306 2.6742 0.4848 -6.7625 -5.1013 -3.0298 -9.4493 6.2909 -3.7981 3.0722 2.7890 -1.7357 2.9418 -0.0000 0.0000 0.0000 4.3919 11.6944 -36.8612 80.5956 -59.6632 51.8647 30.9745 -33.7523 19.7744 0.0 0.0 0.0 -7.1250 0.0 0.0 1.6535 7.2386 1.4325 -0.0000 0.0000 0.0000 -9.8422 6.4779 34.5194 -70.0394 -58.4397 -42.8042 -22.6737 -11.8673 0.8417 0.0 0.0 0.0 7.1250 0.0 -0.0 3.0979 30.8835 1.0699
9.2188 19.5123 27.2562 -184.5750 -177.0060 185.7080 0.0000 0.0000 0.0000 -11.9977 0.7626 1.9231 1.7712 8.3723 23.8506 0.8866 14.9884 18.5224 0.0142 0.7699 2.1159 0.0000 0.0000 0.0000 22.8591 5.9040 0.0756 -2.7540 -10.2857 29.9070 0.8438 -24.8838 11.3425 -0.8089 -5.7396 16.0306 2.2527 0.3428 8.8169 3.9087 0.9572 -1.4832 2.7011 0.4645 -6.5497 -5.2370 -2.9780 -9.2444 6.2875 -3.7511 3.7947 2.8230 -1.7149 3.1522 -0.0000 0.0000 0.0000 4.1856 13.4249 -36.3621 76.7265 -59.3237 48.5309 30.2825 -33.3456 20.1544 0.0 0.0 0.0 -7.1250 0.0 0.0 1.1622 6.9573 1.0131 -0.0000 0.0000 0.0000 -9.6132 7.7003 34.7799 -65.5189 -57.6097 -38.9689 -23.2539 -11.9658 0.9899 0.0 0.0 0.0 7.1250 0.0 -0.0 2.6420 31.0509 0.9015
9.2144 19.7865 27.4741 -184.2940 -176.8550 185.4270 0.0000 0.0000 0.0000 -12.5343 0.0795 2.4657 1.7345 8.2896 23.5971 1.3628 18.3183 22.9332 0.1404 2.4151 6.6544 0.0000 0.0000 0.0000 22.6545 6.3206 0.3061 -2.7579 -10.2925 29.9292 1.4372 -28.6224 10.8143 -1.6112 -8.0044 22.7274 2.1770 0.3301 8.0456 3.7603 0.8868 -1.5027 2.5955 0.4305 -6.1252 -5.6081 -3.0496 -9.3146 6.5163 -3.8373 4.3204 2.9728 -1.7528 3.3741 0.0000 0.0000 0.0000 4.1154 14.6493 -35.9431 72.6907 -58.8371 45.0682 29.3697 -32.1615 19.9901 0.0 0.0 0.0 -7.1250 0.0 0.0 0.6057 7.3239 0.5236 0.0000 0.0000 0.0000 -9.2573 8.552 34.7738 -61.1299 -56.6036 -35.2828 -23.9905 -11.6232 1.4336 0.0 0.0 0.0 7.1250 0.0 -0.0 2.0693 31.5447 0.6813
9.2090 20.0514 27.6899 -183.9630 -176.6890 185.2390 0.0000 0.0000 0.0000 -12.9766 0.0428 2.4853 1.7549 8.3357 23.7386 1.7357 18.8292 25.3374 0.2077 2.9343 8.0960 0.0000 0.0000 0.0000 22.3628 6.4785 0.0854 -2.8577 -10.4610 30.4828 0.8958 -28.4296 14.5279 -1.1905 -6.9237 19.4895 1.8864 0.3718 7.2814 3.6764 0.8749 -1.5104 2.6718 0.4340 -5.6993 -5.7163 -3.0833 -9.4765 6.7217 -3.9018 5.0313 2.7485 -1.7555 3.2840 -0.0000 -0.0000 0.0000 3.9704 15.6711 -35.5022 68.4969 -58.1787 41.4917 28.5563 -30.6162 19.9308 0.0 0.0 0.0 -7.1250 0.0 0.0 0.0961 7.5477 0.0827 -0.0000 -0.0000 0.0000 -8.9791 9.3184 34.5789 -56.8579 -55.4128 -31.7401 -24.9987 -11.3458 1.5613 0.0 0.0 0.0 7.1250 0.0 -0.0 1.2652 31.7008 0.4117
9.2043 20.3078 27.8934 -183.2970 -176.6340 184.9390 0.0000 0.0000 0.0000 -13.7483 0.2044 2.2863 1.8456 8.5369 24.3570 2.1383 17.5070 27.2773 0.2368 3.1320 8.6465 0.0000 0.0000 0.0000 21.6301 6.0962 -0.3772 -3.0251 -10.7355 31.3930 0.1905 -26.1808 17.2760 -0.8068 -5.7324 16.0100 1.2227 0.3316 6.7071 3.5503 0.7283 -1.4083 2.9293 0.3804 -5.2658 -5.6355 -3.0115 -9.6917 6.4835 -3.8006 5.3402 2.6655 -1.7087 3.3993 0.0000 0.0000 0.0000 3.6266 16.475 -34.8018 64.4965 -57.3937 38.1066 27.986 -29.0236 19.7294 0.0 0.0 0.0 -7.1250 0.0 0.0 -0.2427 7.8768 -0.2072 0.0000 0.0000 0.0000 -8.7488 9.8913 34.3688 -52.8714 -54.0899 -28.4839 -25.7226 -10.9791 1.8495 0.0 0.0 0.0 7.1250 0.0 -0.0 0.6903 32.032 0.2191
9.2010 20.5419 28.0758 -182.6850 -176.8120 184.4410 0.0000 0.0000 0.0000 -14.4265 0.3435 1.8728 2.0169 8.9012 25.4869 2.5075 14.6137 28.8135 0.2181 3.0067 8.2973 0.0000 0.0000 0.0000 20.9793 5.4516 -0.7916 -3.2231 -11.0478 32.4411 -0.3045 -23.5443 18.6677 -0.6619 -5.2034 14.4895 0.7015 0.2083 6.5902 3.4045 0.5027 -1.2564 3.0939 0.2807 -5.0331 -5.6530 -2.9961 -9.7961 6.3818 -3.7654 5.3647 2.6381 -1.6943 3.4196 0.0000 -0.0000 0.0000 3.2846 17.1077 -34.2328 60.4053 -56.417 34.6785 27.9782 -27.7652 19.05 0.0 0.0 0.0 -7.1250 0.0 0.0 -0.1666 8.6242 -0.1398 0.0000 -0.0000 0.0000 -8.4626 10.3089 34.0561 -49.1113 -52.6307 -25.4661 -25.8479 -10.2287 2.5068 0.0 0.0 0.0 7.1250 0.0 -0.0 0.6040 32.7644 0.181
9.1941 20.7613 28.2426 -182.6050 -176.8850 183.9330 0.0000 0.0000 0.0000 -14.4402 0.7544 1.1541 2.2501 9.3687 26.9556 2.7831 11.1243 30.0780 0.1487 2.4847 6.8472 0.0000 0.0000 0.0000 21.0625 5.2447 -1.0508 -3.4219 -11.3486 33.4648 -0.5807 -21.4096 19.2400 -0.6517 -5.1638 14.3763 0.6508 0.2248 6.8551 3.4165 0.5253 -1.1644 3.1329 0.2933 -5.0890 -5.7864 -3.0557 -9.5580 6.3038 -3.8178 4.9967 2.6362 -1.7324 3.2736 0.0000 0.0000 0.0000 3.043 17.7287 -34.0561 56.4781 -55.296 31.4277 28.1914 -26.6039 18.0779 0.0 0.0 0.0 -7.1250 0.0 0.0 0.0836 9.6573 0.0684 0.0000 0.0000 0.0000 -8.1488 10.7463 33.3846 -45.4430 -50.9837 -22.5824 -25.8636 -9.1258 3.5998 0.0 0.0 0.0 7.1250 0.0 -0.0 0.6228 33.9785 0.1684
9.1854 20.9733 28.3972 -182.6870 -176.7320 183.3290 0.0000 0.0000 0.0000 -14.3325 1.0839 0.5753 2.5271 9.8870 28.6115 2.9098 8.6944 30.8157 0.0789 1.8122 4.9869 0.0000 0.0000 0.0000 21.4225 5.3445 -1.1136 -3.5900 -11.5939 34.3100 -0.6951 -20.1233 19.3389 -0.6245 -5.0570 14.0713 0.6357 0.3171 7.4854 3.5046 0.6656 -1.0655 3.2189 0.3653 -5.3517 -5.9083 -3.0623 -9.2441 5.9836 -3.7821 4.3101 2.8471 -1.7528 3.3438 -0.0000 -0.0000 0.0000 2.8081 18.2854 -33.8366 52.8276 -54.0741 28.4484 28.1918 -25.5314 17.0494 0.0 0.0 0.0 -7.1250 0.0 0.0 0.1984 10.7945 0.1577 -0.0000 -0.0000 0.0000 -7.8626 11.1835 32.6927 -42.0393 -49.2327 -19.9703 -25.5483 -7.7092 5.1481 0.0 0.0 0.0 7.1250 0.0 -0.0 0.9477 35.681 0.2171
9.1841 21.1754 28.5544 -182.5960 -176.6720 182.6570 0.0000 0.0000 0.0000 -14.5222 1.0674 0.1935 2.8233 10.4033 30.2929 2.9695 8.0091 31.1873 0.0481 1.4153 3.8924 0.0000 0.0000 0.0000 21.5167 5.2534 -1.0799 -3.7012 -11.7518 34.8596 -0.8428 -19.1044 19.8593 -0.4794 -4.4403 12.3188 0.5364 0.2835 8.1599 3.5055 0.6238 -0.9063 3.2823 0.3478 -5.5664 -5.7183 -2.9653 -9.3087 5.7612 -3.6545 4.2622 2.7411 -1.6935 3.3172 -0.0000 0.0000 0.0000 2.576 18.796 -33.3309 49.4508 -52.7716 25.7363 28.2009 -24.8887 15.9288 0.0 0.0 0.0 -7.1250 0.0 0.0 0.3230 12.0358 0.2485 -0.0000 0.0000 0.0000 -7.5857 11.5636 32.1977 -39.0507 -47.4973 -17.7361 -24.6459 -6.3269 6.7625 0.0 0.0 0.0 7.1250 0.0 -0.0 1.8071 37.4074 0.3378
9.1903 21.3658 28.7180 -182.7170 -176.8190 181.9820 0.0000 0.0000 0.0000 -14.4792 0.9554 -0.1377 3.1053 10.8636 31.8214 3.0562 8.2284 31.6463 0.0394 1.2806 3.5212 0.0000 0.0000 0.0000 21.7472 4.8023 -1.0262 -3.7528 -11.8240 35.1120 -1.0104 -18.3887 20.6840 -0.3940 -4.0305 11.1624 0.8173 0.2031 8.7479 3.5390 0.5569 -0.7150 3.1683 0.3060 -5.6927 -5.5857 -2.9122 -9.2403 5.5654 -3.5850 4.1432 2.6517 -1.6650 3.2474 0.0000 0.0000 0.0000 2.3807 19.1562 -32.9111 46.1140 -51.3027 23.1049 28.2483 -24.1513 14.4126 0.0 0.0 0.0 -7.1250 0.0 0.0 0.5053 13.7164 0.3711 0.0000 0.0000 0.0000 -7.2743 11.8877 31.4714 -36.2318 -45.6719 -15.6881 -24.0563 -5.1553 8.3368 0.0 0.0 0.0 7.1250 0.0 -0.0 2.4447 39.0858 0.3565
9.2010 21.5425 28.8858 -183.0370 -176.9390 181.1870 0.0000 0.0000 0.0000 -14.2108 0.9799 -0.2514 3.3583 11.2536 33.1400 3.1499 8.8579 32.1128 0.0499 1.4409 3.9629 0.0000 0.0000 0.0000 22.1188 4.0791 -0.8023 -3.7516 -11.8223 35.1061 -1.1572 -17.9683 21.4944 -0.3285 -3.6837 10.1884 1.3887 0.1886 9.3354 3.6302 0.6138 -0.4407 2.9332 0.3167 -5.7349 -5.7028 -2.9637 -8.8381 5.5110 -3.6419 3.7250 2.6495 -1.7028 3.0314 -0.0000 0.0000 0.0000 2.1485 19.3054 -32.6635 42.7294 -49.6064 20.4944 28.3382 -23.2222 12.7695 0.0 0.0 0.0 -7.1250 0.0 0.0 0.7171 15.5409 0.4988 -0.0000 0.0000 0.0000 -6.9225 12.2145 30.3446 -33.6194 -43.8007 -13.8489 -23.7041 -3.8085 10.0824 0.0 0.0 0.0 7.1250 0.0 -0.0 2.9375 40.9521 0.2935
9.2050 21.7051 29.0572 -183.4890 -176.8230 180.4610 0.0000 0.0000 0.0000 -13.7128 1.3108 -0.4355 3.5832 11.5841 34.2760 3.2052 9.6034 32.3732 0.0665 1.6636 4.5768 0.0000 0.0000 0.0000 22.7001 3.7027 -0.4630 -3.7098 -11.7639 34.9019 -1.2235 -18.2179 22.0157 -0.2639 -3.3049 9.1289 1.9345 0.2800 9.7777 3.8248 0.8102 -0.0776 2.7996 0.3990 -5.6066 -5.7352 -3.0154 -8.7804 5.3213 -3.6911 3.5117 2.5861 -1.7350 2.9449 -0.0000 0.0000 0.0000 1.7651 19.3291 -32.2911 39.6062 -47.8349 18.1468 28.3942 -22.3633 11.5659 0.0 0.0 0.0 -7.1250 0.0 0.0 0.8579 16.8844 0.5718 -0.0000 0.0000 0.0000 -6.669 12.4585 29.0527 -31.2512 -41.942 -12.2374 -22.9672 -2.4849 12.0037 0.0 0.0 0.0 7.1250 0.0 -0.0 3.8510 42.9506 0.1951
9.2020 21.8489 29.2247 -184.0280 -176.5850 179.9040 0.0000 0.0000 0.0000 -13.0312 1.7735 -0.8467 3.7762 11.8565 35.2261 3.2495 9.9316 32.5953 0.0682 1.6846 4.6348 0.0000 0.0000 0.0000 23.4589 3.7001 -0.1821 -3.6467 -11.6749 34.5913 -1.0848 -19.7538 21.7271 -0.3708 -3.9111 10.8266 2.3733 0.3806 10.0262 4.0951 1.0018 0.3161 2.8059 0.4847 -5.3373 -5.7126 -3.0166 -8.9817 5.1251 -3.6702 3.4328 2.5144 -1.7284 2.9476 0.0000 -0.0000 0.0000 1.3318 19.2063 -31.6797 36.7097 -45.9951 16.0309 28.3751 -21.4552 10.3506 0.0 0.0 0.0 -7.1250 0.0 0.0 0.9403 18.2536 0.5986 0.0000 -0.0000 0.0000 -6.567 12.4522 27.9883 -28.9020 -39.9335 -10.6978 -22.3102 -1.683 13.9221 0.0 0.0 0.0 7.1250 0.0 -0.0 4.7684 44.9261 0.0087
9.2041 21.9787 29.3858 -184.4380 -176.4990 179.4590 0.0000 0.0000 0.0000 -12.5680 1.9602 -1.2405 3.9254 12.0605 35.9462 3.2314 10.0841 32.4963 0.0645 1.6382 4.5068 0.0000 0.0000 0.0000 23.9940 3.5197 -0.1302 -3.5714 -11.5671 34.2171 -0.9515 -20.9893 21.4287 -0.5084 -4.5708 12.6882 2.7561 0.3909 10.2836 4.2756 1.0688 0.5807 2.7684 0.5104 -5.2031 -5.7919 -3.0369 -8.8718 5.1040 -3.6873 3.2505 2.5204 -1.7399 2.8672 0.0000 -0.0000 0.0000 1.0117 19.1446 -31.0424 33.9400 -44.0402 14.0713 28.5774 -21.1122 9.232 0.0 0.0 0.0 -7.1250 0.0 0.0 1.1655 19.4949 0.7099 0.0000 -0.0000 0.0000 -6.3336 12.5192 26.8511 -26.6741 -37.8666 -9.2984 -22.1701 -1.3756 15.2209 0.0 0.0 0.0 7.1250 0.0 -0.0 5.1505 46.2884 -0.1642
9.2060 22.1040 29.5474 -184.7920 -176.4770 179.2700 0.0000 0.0000 0.0000 -12.2098 1.9153 -1.7666 4.0267 12.1958 36.4282 3.1168 10.1195 31.8895 0.0589 1.5663 4.3085 0.0000 0.0000 0.0000 24.4438 3.3787 -0.3938 -3.4837 -11.4398 33.7777 -1.0129 -21.1042 21.8642 -0.4399 -4.2558 11.7976 3.1318 0.3796 10.4139 4.4083 1.1067 0.6788 2.6902 0.5218 -5.1701 -5.8175 -3.0198 -8.6279 5.1077 -3.6721 3.1642 2.5279 -1.7355 2.7916 0.0000 0.0000 0.0000 0.7827 19.1637 -30.4513 31.1630 -41.8696 12.1785 28.876 -21.5507 9.0545 0.0 0.0 0.0 -7.1250 0.0 0.0 1.3909 19.6671 0.8419 0.0000 0.0000 0.0000 -5.9699 12.7595 25.5134 -24.5322 -35.722 -8.0152 -22.6 -1.7126 15.3666 0.0 0.0 0.0 7.1250 0.0 -0.0 4.7773 46.501 -0.1774
9.2066 22.2200 29.7242 -184.7660 -176.4770 179.1380 0.0000 0.0000 0.0000 -12.2997 1.7725 -2.2311 4.0752 12.2599 36.6576 2.9288 10.1112 30.8756 0.0560 1.5268 4.1995 0.0000 0.0000 0.0000 24.4506 3.2140 -0.6573 -3.3864 -11.2958 33.2840 -0.9551 -21.4447 21.6630 -0.4925 -4.4997 12.4868 3.1781 0.3807 10.3117 4.4084 1.1023 0.7603 2.6642 0.5194 -5.0262 -5.8083 -3.0005 -8.5780 5.1716 -3.6595 3.3617 2.5502 -1.7280 2.8506 0.0000 0.0000 0.0000 0.6544 19.1538 -29.7922 28.4073 -39.4885 10.3817 28.7625 -21.7542 9.099 0.0 0.0 0.0 -7.1250 0.0 0.0 1.3068 19.6275 0.7921 0.0000 0.0000 0.0000 -5.6761 12.9623 24.2462 -22.3442 -33.3638 -6.7741 -22.9416 -2.2543 15.2717 0.0 0.0 0.0 7.1250 0.0 -0.0 4.4375 46.4463 -0.1587
9.2070 22.3204 29.9057 -184.6530 -176.5370 178.8890 0.0000 0.0000 0.0000 -12.5114 1.6369 -2.5147 4.0735 12.2576 36.6496 2.7134 9.8277 29.6810 0.0296 1.1097 3.0507 0.0000 0.0000 0.0000 24.3209 2.8480 -0.8583 -3.2886 -11.1481 32.7811 -0.9082 -21.3579 21.3297 -0.4989 -4.5281 12.5674 3.1075 0.3712 10.2821 4.4151 1.0747 0.8527 2.7143 0.5082 -4.9132 -6.0439 -3.0704 -8.5241 5.3597 -3.7502 3.6509 2.6559 -1.7717 2.9586 -0.0000 -0.0000 0.0000 0.3789 19.2539 -28.841 25.9951 -37.2039 8.8847 28.448 -21.5895 8.8135 0.0 0.0 0.0 -7.1250 0.0 0.0 1.1024 19.9798 0.6595 -0.0000 -0.0000 0.0000 -5.4714 13.0334 22.6742 -20.1349 -30.8046 -5.6003 -22.6845 -2.358 15.4146 0.0 0.0 0.0 7.1250 0.0 -0.0 4.7075 46.5635 -0.182
9.2062 22.4124 30.0777 -184.7020 -176.4300 178.7060 0.0000 0.0000 0.0000 -12.4876 1.7542 -2.9234 4.0388 12.2119 36.4857 2.5007 9.0441 28.4665 0.0035 0.3835 1.0536 0.0000 0.0000 0.0000 24.4020 2.7640 -1.1958 -3.2029 -11.0165 32.3355 -1.0113 -20.2804 21.4865 -0.2682 -3.3315 9.2030 3.1256 0.4154 10.2450 4.4881 1.1286 0.9923 2.7723 0.5360 -4.7485 -6.1937 -3.0807 -8.2098 5.4289 -3.7673 3.5893 2.7079 -1.7844 2.8861 0.0000 0.0000 0.0000 -0.0034 19.2015 -27.6686 23.8288 -34.9827 7.6082 28.2085 -21.151 8.2977 0.0 0.0 0.0 -7.1250 0.0 0.0 0.9646 20.5831 0.564 0.0000 0.0000 0.0000 -5.2561 12.8182 20.6608 -17.9396 -28.0798 -4.5208 -22.2709 -2.2607 15.1795 0.0 0.0 0.0 7.1250 0.0 -0.0 5.0477 46.2578 -0.1571
9.2068 22.4968 30.2383 -184.5920 -176.3320 178.7100 0.0000 0.0000 0.0000 -12.6327 1.6831 -3.4987 3.9922 12.1500 36.2647 2.2441 8.9197 26.9219 0.0039 0.4035 1.1087 0.0000 0.0000 0.0000 24.3262 2.9666 -1.7420 -3.1314 -10.9048 31.9594 -0.9927 -19.4411 21.0040 -0.1763 -2.7044 7.4569 3.0281 0.4247 10.3419 4.4358 1.1351 0.9596 2.7714 0.5402 -4.8378 -5.9174 -2.9455 -7.9928 5.3170 -3.6261 3.7530 2.6274 -1.7167 2.8792 0.0000 0.0000 0.0000 -0.1806 19.1189 -26.3099 21.6587 -32.5892 6.4011 27.7213 -20.2108 7.753 0.0 0.0 0.0 -7.1250 0.0 0.0 0.6458 21.2364 0.368 0.0000 0.0000 0.0000 -5.006 12.6812 18.7203 -15.8535 -25.3215 -3.5831 -21.979 -1.6602 15.0137 0.0 0.0 0.0 7.1250 0.0 -0.0 5.2865 46.0433 -0.1365
9.2069 22.5523 30.3890 -184.3240 -176.5040 178.7400 0.0000 0.0000 0.0000 -12.9657 1.4042 -4.0916 3.9360 12.0747 35.9968 2.0049 8.6084 25.4105 0.0007 0.1701 0.4672 0.0000 0.0000 0.0000 24.0421 2.9557 -2.3963 -3.0682 -10.8046 31.6238 -0.9815 -18.2030 20.4148 -0.1232 -2.2631 6.2332 2.7818 0.3241 10.6068 4.3376 0.9919 0.8074 2.8292 0.4725 -5.1443 -6.5347 -3.0847 -8.0172 5.9477 -3.8011 4.2092 2.9559 -1.7935 3.0932 0.0000 -0.0000 0.0000 -0.2847 19.1941 -24.7534 19.6324 -30.1969 5.3452 26.9324 -18.8138 6.992 0.0 0.0 0.0 -7.1250 0.0 0.0 0.1114 22.1472 0.0612 0.0000 -0.0000 0.0000 -4.8744 12.6012 16.7845 -13.8727 -22.5525 -2.7791 -21.5464 -0.1109 15.4733 0.0 0.0 0.0 7.1250 0.0 -0.0 5.7874 46.4719 -0.2109
9.2056 22.5846 30.5438 -184.1890 -176.5980 178.6440 0.0000 0.0000 0.0000 -13.1151 1.4456 -4.5685 3.8638 11.9769 35.6503 1.7947 7.5823 24.0241 0.0141 -0.7658 -2.1047 0.0000 0.0000 0.0000 23.9410 2.9724 -2.8699 -3.0080 -10.7080 31.3015 -1.0343 -16.2001 20.0264 -0.0208 -0.9315 2.5602 2.6278 0.2862 10.7345 4.3494 0.9290 0.8452 2.9380 0.4450 -5.1768 -5.4197 -2.6988 -8.1942 4.9801 -3.3463 4.6981 2.4403 -1.5795 3.1990 0.0000 -0.0000 0.0000 -0.4379 19.1698 -23.4319 17.8866 -28.0117 4.4958 26.2299 -17.1827 5.814 0.0 0.0 0.0 -7.1250 0.0 0.0 -0.3576 23.5037 -0.1853 0.0000 -0.0000 0.0000 -4.7956 12.3156 13.8647 -12.0700 -19.9096 -2.1261 -20.8565 2.4704 15.7756 0.0 0.0 0.0 7.1250 0.0 -0.0 6.5007 46.6968 -0.2733
9.2081 22.6180 30.7104 -184.1160 -176.4230 178.4720 0.0000 0.0000 0.0000 -13.2369 1.5293 -4.8880 3.7734 11.8525 35.2123 1.5697 7.1035 22.4402 0.0346 -1.2013 -3.3029 0.0000 0.0000 0.0000 23.9426 3.3024 -3.1281 -2.9476 -10.6097 30.9747 -1.0034 -14.6967 19.3044 -0.0021 0.2951 -0.8107 2.6089 0.3668 10.7477 4.3437 1.0232 1.0450 2.9267 0.4920 -4.9771 -5.7937 -2.9201 -7.7386 5.1960 -3.6248 4.2058 2.5668 -1.7222 2.9777 0.0000 0.0000 0.0000 -0.5681 18.9892 -22.1132 16.3405 -25.9801 3.7939 25.5702 -15.3231 5.0024 0.0 0.0 0.0 -7.1250 0.0 0.0 -0.8246 24.4374 -0.4096 0.0000 0.0000 0.0000 -4.6503 11.9243 9.9574 -10.4604 -17.4565 -1.6103 -20.1597 6.094 15.7921 0.0 0.0 0.0 7.1250 0.0 -0.0 7.1564 46.6201 -0.2876
9.2097 22.6469 30.8749 -183.8320 -176.3000 178.3520 0.0000 0.0000 0.0000 -13.6011 1.5637 -5.2307 3.6558 11.6877 34.6361 1.3875 6.7186 21.0749 0.0497 -1.4384 -3.9560 0.0000 0.0000 0.0000 23.6772 3.6567 -3.5114 -2.8748 -10.4896 30.5773 -0.9491 -13.7597 18.6051 -0.0303 1.1239 -3.0897 2.4356 0.4618 10.9680 4.2445 1.1322 1.1003 2.9030 0.5481 -5.0467 -5.9339 -2.9806 -7.7477 5.3349 -3.7050 4.3711 2.6375 -1.7600 3.0502 0.0000 0.0000 0.0000 -0.68 18.9835 -20.5041 14.8954 -24.0002 3.1833 24.9418 -13.0273 4.7254 0.0 0.0 0.0 -7.1250 0.0 0.0 -1.2889 24.7708 -0.6304 0.0000 0.0000 0.0000 -4.5593 11.7286 5.7061 -8.9824 -15.1324 -1.1955 -19.8813 10.4518 16.2251 0.0 0.0 0.0 7.1250 0.0 -0.0 7.5220 47.0332 -0.3795
9.2020 22.6578 31.0305 -183.3190 -176.4410 178.2620 0.0000 0.0000 0.0000 -14.1088 1.7153 -5.6800 3.5104 11.4787 33.9119 1.2382 5.9181 19.9102 0.0651 -1.6459 -4.5279 0.0000 0.0000 0.0000 23.1527 3.7666 -4.0517 -2.7916 -10.3497 30.1168 -0.8499 -13.1726 17.6417 -0.0534 1.4914 -4.1020 1.8741 0.4762 11.4730 4.1354 1.1083 0.9499 3.1105 0.5476 -5.4945 -5.7129 -2.8262 -7.9727 5.2073 -3.5222 5.0335 2.5665 -1.6677 3.2991 0.0000 -0.0000 0.0000 -0.7457 19.2725 -19.0276 13.5353 -22.0665 2.651 24.7319 -10.737 4.7428 0.0 0.0 0.0 -7.1250 0.0 0.0 -1.4465 24.7605 -0.7079 0.0000 -0.0000 0.0000 -4.5533 11.8689 1.1381 -7.7054 -13.0742 -0.8843 -20.2289 15.2766 16.6289 0.0 0.0 0.0 7.1250 0.0 -0.0 7.2959 47.5018 -0.4527
9.2000 22.6556 31.1949 -182.7560 -176.5350 177.9670 0.0000 0.0000 0.0000 -14.7164 1.7801 -5.8269 3.3478 11.2379 33.0865 1.0859 5.7817 18.6194 0.0427 -1.3330 -3.6657 0.0000 0.0000 0.0000 22.5175 3.6194 -4.3700 -2.7154 -10.2194 29.6902 -0.7359 -12.5507 16.4956 -0.0435 1.3465 -3.7026 1.2702 0.4284 11.8604 3.9693 0.9688 1.0347 3.2997 0.4913 -5.6221 -5.7406 -2.9039 -7.5880 5.1432 -3.6255 4.6132 2.5420 -1.7261 3.0853 -0.0000 0.0000 0.0000 -0.6899 19.4939 -17.6543 12.4144 -20.4232 2.2448 24.698 -8.8177 5.0898 0.0 0.0 0.0 -7.1250 0.0 0.0 -1.4777 24.3807 -0.7362 -0.0000 0.0000 0.0000 -4.5044 11.8111 -3.9621 -6.6207 -11.2933 -0.6553 -20.5286 20.5766 16.5319 0.0 0.0 0.0 7.1250 0.0 -0.0 6.9890 47.4428 -0.4232
9.2049 22.6441 31.3572 -182.8040 -176.3760 177.6940 0.0000 0.0000 0.0000 -14.6584 1.8003 -5.9551 3.1826 10.9850 32.2292 0.9582 6.5570 17.4651 0.0160 -0.8173 -2.2462 0.0000 0.0000 0.0000 22.5661 3.8191 -4.6179 -2.6413 -10.0903 29.2698 -0.6474 -11.9660 15.5260 -0.0241 1.0028 -2.7565 1.4127 0.4207 12.2117 3.9230 0.9795 1.2207 3.1671 0.4913 -5.6188 -5.6330 -2.8743 -7.6495 5.1566 -3.5962 4.6568 2.5282 -1.7082 3.1074 -0.0000 -0.0000 0.0000 -0.6583 19.6812 -16.0031 11.5212 -19.0827 1.9429 24.782 -6.5028 5.4902 0.0 0.0 0.0 -7.1250 0.0 0.0 -1.4228 23.9368 -0.7234 -0.0000 -0.0000 0.0000 -4.4184 11.5831 -10.6128 -5.6763 -9.7213 -0.4831 -20.4399 26.9943 16.0452 0.0 0.0 0.0 7.1250 0.0 -0.0 6.9543 46.9222 -0.3314
9.2061 22.6194 31.5055 -183.0430 -176.2290 177.6100 0.0000 0.0000 0.0000 -14.3102 1.9740 -6.4171 3.0177 10.7237 31.3534 0.8652 6.9388 16.6106 0.0101 -0.6479 -1.7805 0.0000 0.0000 0.0000 22.8549 4.4258 -4.9874 -2.5600 -9.9462 28.8028 -0.4751 -12.2457 13.9980 -0.0003 -0.1075 0.2953 1.7305 0.4154 12.5558 3.9520 1.0254 1.3451 3.0095 0.5059 -5.6762 -5.8256 -2.8101 -7.9669 5.5416 -3.5122 5.0112 2.7038 -1.6527 3.3041 -0.0000 0.0000 0.0000 -0.694 19.7801 -14.1046 10.6546 -17.7569 1.669 25.1619 -3.7306 6.0418 0.0 0.0 0.0 -7.1250 0.0 0.0 -1.1545 23.3103 -0.6035 -0.0000 0.0000 0.0000 -4.4237 11.4199 -11.8505 -4.8868 -8.3934 -0.3588 -21.0674 28.3065 16.228 0.0 0.0 0.0 7.1250 0.0 -0.0 6.4075 47.2002 -0.3493
9.2040 22.5882 31.6537 -182.8950 -176.2270 177.5710 0.0000 0.0000 0.0000 -14.4183 2.0000 -6.9287 2.8547 10.4560 30.4664 0.8103 6.7946 16.0746 0.0259 -1.0391 -2.8565 0.0000 0.0000 0.0000 22.7013 4.9564 -5.4884 -2.4812 -9.8036 28.3429 -0.2887 -12.8391 12.3676 -0.0530 -1.4851 4.0848 1.5836 0.4001 12.7736 3.9247 0.9852 1.4887 3.0701 0.4885 -5.6457 -5.5801 -2.8028 -7.4957 5.1752 -3.5005 4.1979 2.5274 -1.6605 2.9140 -0.0000 -0.0000 0.0000 -0.6813 19.8501 -12.6413 9.9114 -16.6008 1.4495 25.4105 -1.5357 6.7426 0.0 0.0 0.0 -7.1250 0.0 0.0 -0.9927 22.5231 -0.5368 -0.0000 -0.0000 0.0000 -4.4678 11.3978 -13.0758 -4.3938 -7.5586 -0.2904 -21.3991 29.0865 16.196 0.0 0.0 0.0 7.1250 0.0 -0.0 6.0872 47.213 -0.3336
9.1991 22.5410 31.8052 -183.0110 -176.2030 177.6350 0.0000 0.0000 0.0000 -14.2394 1.7163 -7.4562 2.6993 10.1916 29.5996 0.7796 6.4906 15.7549 0.1020 -2.0593 -5.6697 0.0000 0.0000 0.0000 22.8506 5.3383 -6.1858 -2.4063 -9.6656 27.9004 -0.2336 -12.7756 11.7439 -0.0672 -1.6723 4.6009 1.7164 0.4373 12.9443 3.9397 1.0569 1.5781 2.9978 0.5204 -5.6469 -5.6601 -2.9257 -7.4364 5.2043 -3.6531 3.9209 2.5427 -1.7372 2.8211 -0.0000 -0.0000 0.0000 -0.4917 20.0984 -11.7356 9.4393 -15.8578 1.3176 25.3891 0.0184 7.1536 0.0 0.0 0.0 -7.1250 0.0 0.0 -1.0225 22.0711 -0.5634 -0.0000 -0.0000 0.0000 -4.3097 11.5969 -14.532 -4.1833 -7.201 -0.2633 -21.4214 29.5678 16.1469 0.0 0.0 0.0 7.1250 0.0 -0.0 6.0549 47.1644 -0.3245
9.1998 22.4706 31.9585 -183.0260 -176.0990 177.6170 0.0000 0.0000 0.0000 -14.1726 1.4742 -7.8715 2.5507 9.9295 28.7488 0.7253 6.6593 15.2145 0.1386 -2.3995 -6.6112 0.0000 0.0000 0.0000 22.8556 5.5316 -6.7757 -2.3243 -9.5112 27.4079 -0.2164 -12.4907 11.4048 -0.0820 -1.8476 5.0848 1.8630 0.5023 13.1089 3.8497 1.1583 1.7237 2.8000 0.5653 -5.5833 -6.1308 -3.1021 -7.8439 5.7763 -3.8667 4.2369 2.8166 -1.8272 3.0548 0.0000 -0.0000 0.0000 -0.2505 20.4206 -10.5553 9.1712 -15.4329 1.2453 24.8949 1.6131 7.2504 0.0 0.0 0.0 -7.1250 0.0 0.0 -1.3865 21.9966 -0.7665 0.0000 -0.0000 0.0000 -4.0322 11.9176 -16.029 -4.0849 -7.0337 -0.2512 -21.1991 30.3342 16.6366 0.0 0.0 0.0 7.1250 0.0 -0.0 6.3802 47.6476 -0.4184
9.2020 22.3969 32.1137 -182.7600 -176.0250 177.4860 0.0000 0.0000 0.0000 -14.4008 1.4342 -8.2268 2.4069 9.6667 27.9038 0.6413 7.8610 14.4751 0.0288 -1.0950 -3.0103 0.0000 0.0000 0.0000 22.5281 5.7949 -7.2119 -2.2418 -9.3525 26.9045 -0.1472 -12.8379 10.8088 -0.1885 -2.7965 7.7126 1.6827 0.5463 13.4650 3.7359 1.1954 1.7905 2.7741 0.5858 -5.7121 -5.3848 -2.8657 -8.0290 5.1532 -3.5890 4.5475 2.4787 -1.6949 3.1343 0.0000 0.0000 0.0000 -0.1545 21.0004 -9.4321 9.0055 -15.1692 1.2016 24.2094 2.9407 7.2857 0.0 0.0 0.0 -7.1250 0.0 0.0 -1.8879 22.0017 -1.0437 0.0000 0.0000 0.0000 -3.862 12.6063 -17.3792 -4.1839 -7.2021 -0.2634 -20.6865 31.0016 17.2912 0.0 0.0 0.0 7.1250 0.0 -0.0 7.0309 48.2583 -0.5677
9.2012 22.3135 32.2665 -182.7750 -175.9330 177.4920 0.0000 0.0000 0.0000 -14.2926 1.2028 -8.7079 2.2661 9.3997 27.0539 0.6353 8.0322 14.4397 0.0315 -1.1455 -3.1491 0.0000 0.0000 0.0000 22.5194 6.2911 -7.8032 -2.1678 -9.2072 26.4455 -0.1273 -13.0912 10.7281 -0.1713 -2.6664 7.3513 1.7004 0.5743 13.8371 3.7534 1.2518 1.7737 2.7721 0.6129 -5.9382 -5.3085 -2.8277 -7.8019 4.9434 -3.5372 4.3651 2.3954 -1.6780 3.0161 0.0000 0.0000 0.0000 -0.0442 21.6482 -9.2396 9.1598 -15.4148 1.2423 22.8457 2.724 6.2858 0.0 0.0 0.0 -7.1250 0.0 0.0 -2.8696 23.1658 -1.5112 0.0000 0.0000 0.0000 -3.8085 13.447 -18.6981 -4.4654 -7.6802 -0.2999 -20.1157 30.7374 17.003 0.0 0.0 0.0 7.1250 0.0 -0.0 7.4986 47.8751 -0.5347
9.2034 22.2089 32.4192 -182.6580 -175.8360 177.5760 0.0000 0.0000 0.0000 -14.3718 0.6146 -9.1584 2.1306 9.1329 26.2120 0.6867 7.4143 14.8866 0.1791 -2.7259 -7.5165 0.0000 0.0000 0.0000 22.3475 6.5297 -8.5722 -2.0952 -9.0616 25.9883 -0.2207 -12.3877 11.3989 -0.0393 -1.2792 3.5175 1.6015 0.6063 13.9405 3.7156 1.2760 1.8822 2.7827 0.6261 -5.8823 -5.4969 -2.8713 -7.7569 5.0800 -3.5796 4.1264 2.4735 -1.6981 2.9384 -0.0000 0.0000 0.0000 0.0887 22.255 -9.6106 9.0583 -15.2532 1.2154 24.3879 2.4238 7.3972 0.0 0.0 0.0 -7.1250 0.0 0.0 -1.7609 21.8686 -0.9787 -0.0000 0.0000 0.0000 -3.7835 14.0986 -19.9856 -4.6368 -7.9706 -0.3232 -20.115 30.4839 16.02 0.0 0.0 0.0 7.1250 0.0 -0.0 7.2528 46.8517 -0.3331
9.2049 22.0961 32.5797 -182.4520 -175.8680 177.6450 0.0000 0.0000 0.0000 -14.5186 0.1863 -9.6858 2.0052 8.8768 25.4107 0.7207 7.4915 15.2415 0.2940 -3.4865 -9.6363 0.0000 0.0000 0.0000 22.0622 6.6227 -9.2990 -2.0197 -8.9070 25.5050 -0.2415 -12.1565 11.5143 -0.0226 -0.9705 2.6677 1.4531 0.5665 13.8277 3.5886 1.1804 2.0703 2.7487 0.5804 -5.6166 -5.6638 -2.8750 -8.0900 5.4276 -3.5773 4.2560 2.6237 -1.6837 3.0627 0.0000 -0.0000 0.0000 0.3079 22.7766 -9.8202 9.6707 -16.2228 1.3815 23.0251 0.3691 6.1927 0.0 0.0 0.0 -7.1250 0.0 0.0 -2.7361 23.2576 -1.435 0.0000 -0.0000 0.0000 -3.6043 14.7232 -21.202 -4.9385 -8.4807 -0.3664 -19.1918 30.1819 16.2966 0.0 0.0 0.0 7.1250 0.0 -0.0 8.1862 47.0133 -0.4094
9.2066 21.9819 32.7410 -182.3900 -175.8900 177.7850 0.0000 0.0000 0.0000 -14.4428 -0.1660 -10.3659 1.8919 8.6373 24.6671 0.7030 8.2208 15.1602 0.2430 -3.1725 -8.7594 0.0000 0.0000 0.0000 21.8870 7.0342 -9.9600 -1.9401 -8.7403 24.9862 -0.1373 -13.1417 10.8724 -0.0964 -2.0027 5.5130 1.4916 0.5184 13.8145 3.4951 1.1152 2.0950 2.6395 0.5465 -5.5778 -5.7146 -2.8847 -7.9165 5.5428 -3.5952 4.0826 2.6713 -1.6918 2.9766 0.0000 -0.0000 0.0000 0.5253 23.5548 -10.4229 10.0013 -16.7415 1.4753 23.1222 -1.1836 6.2939 0.0 0.0 0.0 -7.1250 0.0 0.0 -2.6658 23.143 -1.405 0.0000 -0.0000 0.0000 -3.409 15.5631 -22.4416 -5.3002 -9.0901 -0.4216 -16.9539 29.3479 16.4526 0.0 0.0 0.0 7.1250 0.0 -0.0 10.3144 46.8713 -0.4813
9.2081 21.8585 32.8981 -182.3850 -175.8250 177.9210 0.0000 0.0000 0.0000 -14.2882 -0.9094 -10.8991 1.7952 8.4258 24.0150 0.5652 9.9905 14.1460 0.0644 -1.6377 -4.5054 0.0000 0.0000 0.0000 21.7761 7.4220 -10.6224 -1.8551 -8.5576 24.4208 -0.0832 -13.9840 10.7787 -0.1655 -2.6206 7.2243 1.5069 0.5209 14.0300 3.4843 1.1326 1.9851 2.6167 0.5549 -5.8135 -5.8073 -2.8742 -7.6614 5.5457 -3.5852 4.1013 2.6914 -1.6919 2.9367 -0.0000 -0.0000 0.0000 0.6254 24.37 -10.5508 10.1757 -17.014 1.526 22.8019 -2.055 6.823 0.0 0.0 0.0 -7.1250 0.0 0.0 -2.9087 22.5874 -1.5703 -0.0000 -0.0000 0.0000 -3.356 16.5491 -19.2506 -5.6464 -9.6711 -0.4781 -14.5909 24.1737 17.0637 0.0 0.0 0.0 7.1250 0.0 -0.0 12.6888 47.1704 -0.6902
9.2098 21.7169 33.0589 -182.5450 -175.8580 177.9290 0.0000 0.0000 0.0000 -13.9670 -1.6405 -11.2543 1.7016 8.2147 23.3683 0.4672 11.2855 13.5586 0.0079 -0.5739 -1.5771 0.0000 0.0000 0.0000 21.8649 7.5115 -11.1886 -1.7778 -8.3870 23.8957 -0.0724 -14.5716 11.0390 -0.1953 -2.8457 7.8494 1.6842 0.4792 14.2111 3.4937 1.1100 2.0232 2.5300 0.5397 -5.8690 -5.5960 -2.8457 -7.5891 5.3651 -3.5611 4.1096 2.5912 -1.6832 2.9120 0.0000 -0.0000 0.0000 0.7751 25.0902 -10.5049 10.5624 -17.6144 1.641 22.3666 -2.8527 6.9819 0.0 0.0 0.0 -7.1250 0.0 0.0 -3.2299 22.44 -1.7551 0.0000 -0.0000 0.0000 -3.2525 17.3313 -16.3132 -6.0438 -10.3353 -0.5471 -13.9406 19.8597 17.5331 0.0 0.0 0.0 7.1250 0.0 -0.0 13.4444 47.549 -0.8604
9.2172 21.5630 33.2236 -182.6820 -175.9140 178.0300 0.0000 0.0000 0.0000 -13.6816 -2.0126 -11.8245 1.6072 7.9950 22.6990 0.5324 11.2868 14.2137 0.0250 -1.0200 -2.8040 0.0000 0.0000 0.0000 21.8710 7.4458 -11.9453 -1.7147 -8.2446 23.4596 -0.0285 -15.2666 11.0299 -0.2579 -3.2672 9.0235 1.9566 0.4734 14.3459 3.4834 1.1501 1.9944 2.3571 0.5531 -5.9699 -5.3163 -2.8517 -7.4300 5.1013 -3.5844 3.9848 2.4474 -1.7007 2.8237 0.0000 0.0000 0.0000 1.0634 25.8182 -11.0835 10.9606 -18.2279 1.7636 21.7869 -3.7673 6.9919 0.0 0.0 0.0 -7.1250 0.0 0.0 -3.6548 22.4609 -1.9852 0.0000 0.0000 0.0000 -3.0815 18.2025 -13.9745 -6.5658 -11.2025 -0.6446 -14.923 16.6246 17.6948 0.0 0.0 0.0 7.1250 0.0 -0.0 12.5844 47.8455 -0.8969
9.2198 21.3978 33.3830 -182.4180 -175.8720 178.2640 0.0000 0.0000 0.0000 -13.7572 -2.7876 -12.4933 1.5279 7.8045 22.1220 0.5203 11.9906 14.3413 0.0200 -0.9131 -2.5097 0.0000 0.0000 0.0000 21.4634 7.5939 -12.9252 -1.6580 -8.1142 23.0614 -0.0145 -15.9896 11.3830 -0.2844 -3.4300 9.4783 1.7434 0.5694 14.3350 3.4244 1.2421 1.9453 2.3977 0.6023 -6.0217 -6.1816 -3.0534 -7.8793 5.7827 -3.8054 4.5432 2.8342 -1.7974 3.1647 -0.0000 -0.0000 0.0000 1.2811 26.329 -11.7701 11.1388 -18.5006 1.8197 21.1701 -4.5158 6.9959 0.0 0.0 0.0 -7.1250 0.0 0.0 -4.1068 22.4892 -2.2292 -0.0000 -0.0000 0.0000 -2.9947 18.9003 -12.6321 -6.9637 -11.8595 -0.7242 -15.1471 14.1229 17.321 0.0 0.0 0.0 7.1250 0.0 -0.0 12.2549 47.5028 -0.7678
9.2157 21.2201 33.5402 -182.0890 -175.8340 178.3290 0.0000 0.0000 0.0000 -13.8512 -3.7108 -12.9669 1.4625 7.6432 21.6354 0.4191 13.0947 13.8039 0.0017 -0.2645 -0.7266 0.0000 0.0000 0.0000 21.0537 8.0087 -13.5905 -1.6042 -7.9878 22.6771 -0.0179 -16.7840 11.9717 -0.2628 -3.2982 9.1101 1.3628 0.5957 14.0155 3.3209 1.1888 2.2340 2.5131 0.5829 -5.5427 -5.6368 -2.9347 -8.2768 5.2055 -3.6502 4.7049 2.5405 -1.7254 3.2496 -0.0000 -0.0000 0.0000 1.408 26.4489 -11.9008 11.3657 -18.8466 1.8924 21.0592 -5.1131 7.0485 0.0 0.0 0.0 -7.1250 0.0 0.0 -4.1882 22.4389 -2.2784 -0.0000 -0.0000 0.0000 -2.9308 18.9467 -11.8111 -7.1947 -12.2392 -0.7724 -14.6063 12.2573 16.9577 0.0 0.0 0.0 7.1250 0.0 -0.0 12.6409 47.0666 -0.6547
9.2127 21.0357 33.6979 -182.2200 -175.8550 178.3160 0.0000 0.0000 0.0000 -13.4999 -3.8280 -13.6110 1.4086 7.5070 21.2264 0.4779 12.5213 14.1343 0.0181 -0.8682 -2.3862 0.0000 0.0000 0.0000 21.1448 8.2732 -14.0776 -1.5555 -7.8713 22.3238 0.0356 -17.7806 12.1658 -0.3021 -3.5342 9.7697 1.4717 0.5513 14.3206 3.2980 1.1600 2.1250 2.4324 0.5665 -5.8227 -5.0307 -2.7545 -8.1237 4.7638 -3.4599 4.9617 2.2894 -1.6372 3.2647 -0.0000 -0.0000 0.0000 1.6353 27.3274 -12.1387 11.8421 -19.5675 2.0491 21.533 -6.1434 7.2776 0.0 0.0 0.0 -7.1250 0.0 0.0 -3.8427 22.1687 -2.1133 -0.0000 -0.0000 0.0000 -2.8633 19.6393 -10.6527 -7.5106 -12.7565 -0.8408 -14.1546 10.0926 16.8937 0.0 0.0 0.0 7.1250 0.0 -0.0 13.0374 46.9428 -0.6355
9.2255 20.8413 33.8831 -182.4080 -175.4650 178.1740 0.0000 0.0000 0.0000 -13.1214 -4.4271 -13.7889 1.3751 7.4209 20.9686 0.4813 12.3412 14.0960 0.0598 -1.5782 -4.3413 0.0000 0.0000 0.0000 21.3209 8.2557 -14.4322 -1.5052 -7.7489 21.9539 0.0132 -18.3422 12.7791 -0.3514 -3.8086 10.5387 1.8600 0.7007 14.1259 3.2883 1.3978 2.3698 2.1572 0.6751 -5.4542 -5.8521 -3.0141 -7.9966 5.5034 -3.7681 4.7050 2.6780 -1.7810 3.2201 -0.0000 0.0000 0.0000 1.9531 27.6458 -12.6505 12.1935 -20.0943 2.1683 22.1241 -7.447 7.8094 0.0 0.0 0.0 -7.1250 0.0 0.0 -3.4180 21.5643 -1.9259 -0.0000 0.0000 0.0000 -2.799 19.8738 -10.223 -7.7676 -13.1755 -0.8984 -13.642 8.4081 16.5353 0.0 0.0 0.0 7.1250 0.0 -0.0 13.3945 46.5199 -0.5114
9.2298 20.6250 34.0498 -182.4180 -175.4360 177.9410 0.0000 0.0000 0.0000 -12.8576 -5.4510 -13.8870 1.3557 7.3704 20.8174 0.5122 12.1789 14.3332 0.1026 -2.0659 -5.6878 0.0000 0.0000 0.0000 21.3762 8.0640 -14.7276 -1.4604 -7.6378 21.6192 -0.0689 -18.6789 13.7423 -0.3191 -3.6311 10.0411 1.8554 0.7070 14.3489 3.2907 1.4108 2.4477 2.1584 0.6811 -5.4946 -5.4297 -2.7765 -8.1785 5.2488 -3.4818 5.0921 2.5299 -1.6374 3.3494 -0.0000 -0.0000 0.0000 2.1417 28.0796 -12.6802 12.4504 -20.4766 2.2574 21.7256 -8.166 7.8609 0.0 0.0 0.0 -7.1250 0.0 0.0 -3.7083 21.5332 -2.0927 -0.0000 -0.0000 0.0000 -2.7713 20.3544 -9.7731 -8.0475 -13.6298 -0.9633 -13.5369 7.6153 16.3634 0.0 0.0 0.0 7.1250 0.0 -0.0 13.4363 46.336 -0.451
9.2279 20.3978 34.2021 -182.4560 -175.5960 177.7910 0.0000 0.0000 0.0000 -12.5422 -6.1430 -14.1733 1.3359 7.3187 20.6629 0.5886 11.6031 14.8619 0.1180 -2.2148 -6.0996 0.0000 0.0000 0.0000 21.4517 7.7156 -15.1613 -1.4339 -7.5712 21.4189 -0.0431 -19.2726 13.9278 -0.3691 -3.9024 10.8022 1.8673 0.6436 14.4555 3.2617 1.3266 2.5600 2.1361 0.6393 -5.4309 -5.7739 -2.8308 -8.1165 5.6804 -3.5512 5.0963 2.7403 -1.6637 3.3681 -0.0000 -0.0000 0.0000 2.4198 28.3381 -12.9498 12.6752 -20.8095 2.3366 21.606 -8.5788 7.6069 0.0 0.0 0.0 -7.1250 0.0 0.0 -3.7924 21.8123 -2.1163 -0.0000 -0.0000 0.0000 -2.7323 20.8031 -8.1069 -8.5386 -14.4221 -1.0823 -13.2059 5.7784 17.7532 0.0 0.0 0.0 7.1250 0.0 -0.0 14.2000 47.6659 -0.9522
9.2182 20.1631 34.3415 -182.5330 -176.0680 177.8370 0.0000 0.0000 0.0000 -12.1800 -6.3898 -14.9424 1.3148 7.2629 20.4966 0.7072 10.8758 15.7565 0.0661 -1.6591 -4.5645 0.0000 0.0000 0.0000 21.5110 7.4317 -15.8410 -1.4356 -7.5754 21.4317 0.1788 -20.6663 13.0730 -0.6305 -5.0809 14.1394 1.9086 0.5601 14.2682 3.2888 1.2103 2.7202 2.1637 0.5827 -5.1554 -5.9913 -2.8970 -8.1748 5.9041 -3.6274 5.0442 2.8543 -1.6968 3.3810 0.0000 0.0000 0.0000 2.7803 28.3684 -13.8122 12.9358 -21.1931 2.43 22.7959 -9.3733 7.8776 0.0 0.0 0.0 -7.1250 0.0 0.0 -2.9312 21.4487 -1.6585 0.0000 0.0000 0.0000 -2.7553 20.8561 -6.9665 -8.7028 -14.6855 -1.1236 -13.3029 4.3389 17.829 0.0 0.0 0.0 7.1250 0.0 -0.0 14.1365 47.754 -0.9791
9.2156 19.9123 34.5010 -182.5140 -176.2040 177.4750 0.0000 0.0000 0.0000 -12.0310 -6.3959 -15.1653 1.2969 7.2151 20.3543 0.7892 10.3230 16.3712 0.0434 -1.3452 -3.6991 0.0000 0.0000 0.0000 21.5236 7.2626 -15.9976 -1.4636 -7.6457 21.6431 0.3407 -21.8345 12.6595 -0.9828 -6.3105 17.6879 1.7653 0.5315 14.7069 3.3294 1.1732 2.6615 2.2937 0.5663 -5.4608 -5.5137 -2.7651 -7.7964 5.4570 -3.4911 5.1074 2.6182 -1.6411 3.2907 -0.0000 0.0000 0.0000 2.9333 29.016 -13.9028 13.4028 -21.8746 2.6014 23.248 -10.016 7.52 0.0 0.0 0.0 -7.1250 0.0 0.0 -2.5948 21.8069 -1.4467 -0.0000 0.0000 0.0000 -2.8737 21.2865 -6.8728 -8.7398 -14.7448 -1.133 -13.371 4.2059 17.5964 0.0 0.0 0.0 7.1250 0.0 -0.0 13.9933 47.5338 -0.8914
9.2058 19.6478 34.6572 -182.3560 -176.2910 177.0120 0.0000 0.0000 0.0000 -12.0629 -6.0028 -15.3718 1.2902 7.1971 20.3005 0.9071 9.4029 17.2515 0.0549 -1.5116 -4.1576 0.0000 0.0000 0.0000 21.4271 7.2535 -16.0420 -1.5151 -7.7732 22.0273 0.3645 -22.6480 13.1593 -1.0815 -6.6099 18.5646 1.3488 0.5524 15.4766 3.3464 1.1736 2.4170 2.5483 0.5747 -6.1516 -5.4874 -2.7515 -7.0466 5.4181 -3.5057 5.0255 2.6008 -1.6593 3.1170 -0.0000 0.0000 0.0000 3.0664 29.8961 -13.6349 13.8619 -22.5369 2.775 22.8105 -10.1861 6.3951 0.0 0.0 0.0 -7.1250 0.0 0.0 -2.8969 23.0494 -1.5333 -0.0000 0.0000 0.0000 -2.9385 22.0556 -6.7773 -8.8948 -14.9926 -1.1728 -13.5003 4.2946 17.8287 0.0 0.0 0.0 7.1250 0.0 -0.0 13.9533 47.781 -0.9753
9.1981 19.3707 34.8112 -182.2360 -176.3110 176.4700 0.0000 0.0000 0.0000 -12.0324 -6.0792 -15.2532 1.3012 7.2266 20.3885 0.9927 9.1378 17.9584 0.0740 -1.7549 -4.8287 0.0000 0.0000 0.0000 21.4183 6.9600 -16.1962 -1.6028 -7.9844 22.6669 0.2119 -22.8964 14.5675 -0.9509 -6.2102 17.3954 1.1402 0.6516 15.8349 3.3316 1.2750 2.5612 2.6288 0.6278 -6.2019 -6.0006 -2.9114 -6.7069 5.8399 -3.7085 4.7976 2.8318 -1.7608 3.0170 0.0000 0.0000 0.0000 3.3885 30.1078 -13.971 14.0742 -22.8406 2.8568 22.2209 -10.0391 5.8095 0.0 0.0 0.0 -7.1250 0.0 0.0 -3.3285 23.7097 -1.7119 0.0000 0.0000 0.0000 -2.9346 22.1545 -6.8274 -8.8866 -14.9795 -1.1706 -14.5755 4.5982 17.6743 0.0 0.0 0.0 7.1250 0.0 -0.0 12.9015 47.7766 -0.8979
9.1923 19.0866 34.9667 -182.2360 -176.3470 175.8860 0.0000 0.0000 0.0000 -11.9147 -6.1274 -15.0894 1.3395 7.3281 20.6910 1.0823 9.2455 18.7259 0.0320 -1.1545 -3.1740 0.0000 0.0000 0.0000 21.6049 6.1834 -16.5080 -1.7442 -8.3117 23.6648 0.1693 -23.2902 15.1955 -1.1281 -6.7462 18.9658 1.0994 0.6911 15.5310 3.3328 1.2849 3.2315 2.6496 0.6295 -5.3234 -6.5081 -3.0652 -6.9762 6.5036 -3.8834 4.4606 3.1467 -1.8315 3.0050 -0.0000 -0.0000 0.0000 3.7449 29.3892 -14.3486 14.2571 -23.101 2.9282 22.1849 -10.4778 5.5462 0.0 0.0 0.0 -7.1250 0.0 0.0 -3.3546 23.9947 -1.7033 -0.0000 -0.0000 0.0000 -3.0497 21.3617 -6.5249 -8.7768 -14.804 -1.1424 -16.2555 5.0055 17.6163 0.0 0.0 0.0 7.1250 0.0 -0.0 11.3131 47.9537 -0.8344
9.1841 18.7984 35.1214 -182.2530 -176.3850 175.2060 0.0000 0.0000 0.0000 -11.8240 -5.7176 -15.1691 1.4432 7.5946 21.4893 1.2152 9.4214 19.8178 0.0177 0.8598 2.3632 0.0000 0.0000 0.0000 21.8731 5.3676 -16.9066 -2.0204 -8.9085 25.5095 0.8486 -23.9406 10.2892 -2.5121 -9.8600 28.5244 0.9009 0.6433 16.2421 3.3241 1.2107 3.1987 2.7671 0.5965 -5.7456 -6.1753 -2.8544 -6.7605 6.4948 -3.6506 4.6372 3.0947 -1.7131 2.9960 0.0000 0.0000 0.0000 4.0956 29.8144 -14.5904 14.3982 -23.3012 2.9838 22.853 -11.5884 6.1761 0.0 0.0 0.0 -7.1250 0.0 0.0 -2.8631 23.2841 -1.5 0.0000 0.0000 0.0000 -3.302 21.7417 -5.2903 -8.7834 -14.8146 -1.1441 -16.3595 4.4011 17.7269 0.0 0.0 0.0 7.1250 0.0 -0.0 11.2503 48.08 -0.8651
9.1761 18.5074 35.2699 -182.7010 -176.3560 174.4740 0.0000 0.0000 0.0000 -11.2134 -5.4708 -15.7053 1.7416 8.3056 23.6463 1.0271 8.8743 18.2214 0.1013 2.0524 5.6506 0.0000 0.0000 0.0000 22.6540 4.5594 -17.4403 -2.4849 -9.8104 28.3648 0.9190 -20.5288 5.2577 -3.1538 -10.9399 32.0774 1.1459 0.5812 16.8308 3.4296 1.1905 3.3240 2.7440 0.5824 -5.9277 -6.2683 -2.9248 -6.3404 6.5914 -3.7518 4.3231 3.1398 -1.7692 2.8226 -0.0000 0.0000 0.0000 4.3745 29.9653 -14.4102 14.5946 -23.5783 3.0619 21.7232 -11.501 5.8913 0.0 0.0 0.0 -7.1250 0.0 0.0 -3.6975 23.6441 -1.908 -0.0000 0.0000 0.0000 -3.4969 21.7273 -4.9529 -8.7294 -14.7281 -1.1303 -14.8062 4.0068 17.5515 0.0 0.0 0.0 7.1250 0.0 -0.0 12.6464 47.6863 -0.8511
9.1759 18.1952 35.4091 -183.1620 -176.2650 173.8370 0.0000 0.0000 0.0000 -10.6005 -4.9954 -16.7557 2.2346 9.3386 26.8604 0.7194 6.7123 15.1574 0.3074 3.5645 9.8546 0.0000 0.0000 0.0000 23.7047 2.8869 -17.6337 -3.1456 -10.9272 32.0346 0.2597 -11.8137 3.8590 -1.3296 -7.3020 20.6134 1.6579 0.5921 17.1584 3.4932 1.3013 3.5467 2.4952 0.6271 -5.8614 -5.9831 -2.9473 -6.0534 6.3413 -3.7868 3.8423 2.9943 -1.7942 2.5908 -0.0000 -0.0000 0.0000 4.7694 29.7848 -14.1463 14.8894 -23.9918 3.1808 21.2158 -11.1071 5.7828 0.0 0.0 0.0 -7.1250 0.0 0.0 -4.0739 23.7824 -2.0902 -0.0000 -0.0000 0.0000 -3.4659 21.4329 -5.4983 -8.6886 -14.6628 -1.12 -15.0209 4.8112 17.3796 0.0 0.0 0.0 7.1250 0.0 -0.0 12.3911 47.5442 -0.7894
9.1884 17.8435 35.5310 -182.9800 -176.1840 173.0770 0.0000 0.0000 0.0000 -11.0117 -3.0129 -17.3190 2.9532 10.6189 31.0050 0.1646 -1.9279 8.6253 0.4934 4.5037 12.4984 0.0000 0.0000 0.0000 23.8626 2.0249 -17.6875 -3.9489 -12.0921 36.0584 0.1520 -6.9939 -1.3133 -0.7853 -5.6575 15.7937 1.6212 0.6697 17.6433 3.4121 1.3967 3.8333 2.4059 0.6725 -5.8176 -6.4098 -3.0628 -5.8050 6.6854 -3.9142 3.2305 3.1868 -1.8595 2.3732 0.0000 0.0000 0.0000 5.0742 29.2057 -13.8061 14.9458 -24.0705 3.2038 21.7225 -11.3077 6.5128 0.0 0.0 0.0 -7.1250 0.0 0.0 -3.6993 22.9779 -1.9656 0.0000 0.0000 0.0000 -3.5316 21.0164 -5.5051 -8.6861 -14.6588 -1.1194 -16.7071 5.6201 17.5074 0.0 0.0 0.0 7.1250 0.0 -0.0 10.8558 47.9074 -0.7874
9.1960 17.5605 35.6270 -182.9120 -176.0330 172.0850 0.0000 0.0000 0.0000 -11.2385 -1.6602 -17.9273 3.7692 11.8468 35.1920 -0.1816 -7.5822 1.8422 0.1352 2.3698 6.5289 0.0000 0.0000 0.0000 23.8496 2.4989 -18.0471 -4.8071 -13.1632 39.9827 0.0473 -5.3904 -5.9758 -0.8236 -5.7903 16.1773 1.5749 0.7407 18.8655 3.4158 1.5197 3.9632 2.4033 0.7306 -6.3384 -5.7782 -2.9071 -5.4232 5.9534 -3.7197 2.7722 2.8228 -1.7788 2.0932 0.0000 0.0000 0.0000 5.112 28.6248 -12.9132 14.6928 -23.7164 3.1013 20.9821 -10.71 7.1021 0.0 0.0 0.0 -7.1250 0.0 0.0 -4.2448 22.3857 -2.3145 0.0000 0.0000 0.0000 -3.7188 20.802 -5.0779 -8.7102 -14.6974 -1.1255 -17.3294 5.8791 17.8857 0.0 0.0 0.0 7.1250 0.0 -0.0 10.3860 48.38 -0.8747
9.1875 17.3270 35.7086 -182.8630 -175.8090 171.2250 0.0000 0.0000 0.0000 -11.2784 -1.2542 -19.0172 4.6614 12.9920 39.3386 -0.1793 -9.0656 -2.1435 0.0028 0.3414 0.9380 0.0000 0.0000 0.0000 23.9685 3.1367 -18.3651 -5.6426 -14.0729 43.5301 -0.0927 -4.7364 -9.3515 -0.8005 -5.7105 15.9468 1.3406 0.8840 20.0672 3.4559 1.7005 4.0586 2.5301 0.8203 -6.8902 -6.1084 -2.9576 -5.6822 6.2193 -3.7728 3.0539 2.9740 -1.7989 2.2564 -0.0000 -0.0000 0.0000 5.138 27.8796 -12.0121 14.4016 -23.3058 2.9851 20.8985 -10.2561 7.8217 0.0 0.0 0.0 -7.1250 0.0 0.0 -4.3089 21.624 -2.4245 -0.0000 -0.0000 0.0000 -3.9115 20.329 -4.9193 -8.6026 -14.5248 -1.0983 -17.683 6.5034 18.103 0.0 0.0 0.0 7.1250 0.0 -0.0 10.1181 48.6526 -0.9202
9.1683 17.1690 35.7903 -182.1140 -175.7530 170.9680 0.0000 0.0000 0.0000 -12.0910 -1.2548 -20.4207 5.4649 13.8889 42.7943 -0.0893 -9.0592 -4.5347 0.0057 0.4887 1.3429 0.0000 0.0000 0.0000 23.3054 3.7455 -19.0819 -6.3966 -14.8020 46.5535 -0.2460 -4.4661 -12.0942 -0.6784 -5.2663 14.6698 0.2923 1.1515 20.2874 3.3553 1.8249 4.1960 2.9872 0.8990 -6.8913 -6.3712 -3.0869 -5.9151 6.3395 -3.9153 2.9563 3.0571 -1.8667 2.2890 0.0000 0.0000 0.0000 5.2637 26.6792 -11.7866 14.1521 -22.9518 2.8872 21.3618 -10.4546 7.5154 0.0 0.0 0.0 -7.1250 0.0 0.0 -3.9695 21.9241 -2.2055 0.0000 0.0000 0.0000 -4.1757 19.4509 -4.5814 -8.4659 -14.3052 -1.0643 -18.3515 7.0406 18.2149 0.0 0.0 0.0 7.1250 0.0 -0.0 9.5166 48.866 -0.915
9.1516 17.0155 35.8888 -181.1780 -175.9270 171.5940 0.0000 0.0000 0.0000 -13.1858 -1.8627 -22.2834 6.2237 14.6417 45.8731 0.0322 -8.6812 -6.6855 0.0092 0.6209 1.7063 0.0000 0.0000 0.0000 22.2737 4.2913 -20.6681 -7.1020 -15.4172 49.2592 -0.4258 -4.1540 -14.5572 -0.6645 -5.2134 14.5182 -0.8693 1.3308 19.3754 3.1416 1.7977 4.1244 3.4339 0.9052 -6.5094 -6.3890 -3.0303 -6.7432 6.3511 -3.8257 3.8094 3.0695 -1.8091 2.7253 0.0000 -0.0000 0.0000 5.3192 25.3093 -11.1 13.8277 -22.4878 2.7619 21.5781 -10.0401 6.5693 0.0 0.0 0.0 -7.1250 0.0 0.0 -3.8059 22.9244 -2.0272 0.0000 -0.0000 0.0000 -4.3071 18.6423 -3.8646 -8.5193 -14.3911 -1.0775 -18.8754 7.5245 18.9431 0.0 0.0 0.0 7.1250 0.0 -0.0 9.2389 49.6917 -1.0769
9.1313 16.8578 35.9788 -180.9980 -176.2640 172.3360 0.0000 0.0000 0.0000 -13.3334 -2.9377 -23.9259 6.9283 15.2713 48.6028 0.1436 -8.4975 -8.4459 0.0310 1.1364 3.1241 0.0000 0.0000 0.0000 22.0482 4.6538 -22.3104 -7.7431 -15.9270 51.6318 -0.6047 -4.0240 -16.7040 -0.7019 -5.3551 14.9241 -1.1562 1.2520 18.6307 3.0101 1.6330 3.8784 3.5009 0.8319 -6.3694 -5.7338 -2.7706 -6.9000 5.6673 -3.5060 4.2873 2.7278 -1.6579 2.8522 0.0000 0.0000 0.0000 5.3102 24.0524 -9.7589 13.5409 -22.0746 2.6531 22.4046 -9.3027 5.5408 0.0 0.0 0.0 -7.1250 0.0 0.0 -3.1912 23.991 -1.6204 0.0000 0.0000 0.0000 -4.2107 17.9901 -2.7592 -8.6337 -14.5747 -1.1061 -20.1695 8.6793 20.4164 0.0 0.0 0.0 7.1250 0.0 -0.0 8.4507 51.4174 -1.3438
9.1236 16.7059 36.0757 -181.7900 -176.3610 171.9770 0.0000 0.0000 0.0000 -12.3350 -3.5237 -24.1109 7.5820 15.8030 51.0426 0.2615 -8.9771 -10.3313 0.0673 1.6732 4.6034 0.0000 0.0000 0.0000 23.0448 4.6853 -22.3938 -8.2877 -16.3268 53.5923 -0.7891 -4.1751 -18.8015 -0.6151 -5.0193 13.9635 -0.4621 1.0995 19.0310 3.2635 1.5890 3.8881 3.3860 0.8012 -6.5597 -6.0139 -2.9118 -6.7068 5.8084 -3.6892 4.3280 2.8210 -1.7523 2.8548 -0.0000 -0.0000 0.0000 4.9699 22.8445 -8.4013 13.1817 -21.5529 2.5197 23.591 -8.7048 4.7041 0.0 0.0 0.0 -7.1250 0.0 0.0 -2.3013 24.8488 -1.122 -0.0000 -0.0000 0.0000 -4.3296 17.3183 -1.6815 -8.8395 -14.9042 -1.1585 -21.2128 9.1948 21.2077 0.0 0.0 0.0 7.1250 0.0 -0.0 7.6760 52.4177 -1.4082
9.1346 16.5851 36.1793 -182.5160 -176.1920 171.0450 0.0000 0.0000 0.0000 -11.4735 -3.6700 -23.5037 8.1320 16.2155 53.0369 0.4352 -9.5204 -12.6232 0.0345 1.1985 3.2953 0.0000 0.0000 0.0000 23.9918 4.6393 -21.4825 -8.7042 -16.6135 55.0613 -0.9945 -4.0753 -20.7283 -0.5708 -4.8384 13.4481 0.4106 1.0051 19.8879 3.4510 1.6637 4.0435 3.0670 0.8214 -6.8356 -5.8806 -2.8639 -6.6854 5.6797 -3.6460 4.7845 2.7570 -1.7331 2.9951 -0.0000 -0.0000 0.0000 4.6508 21.6613 -7.2883 12.8446 -21.0592 2.3972 24.5174 -7.8595 3.7471 0.0 0.0 0.0 -7.1250 0.0 0.0 -1.5963 25.8622 -0.7404 -0.0000 -0.0000 0.0000 -4.3606 16.6574 -0.6367 -9.1170 -15.3467 -1.2309 -22.5592 9.3613 20.3035 0.0 0.0 0.0 7.1250 0.0 -0.0 6.0391 51.714 -1.0015
9.1490 16.5007 36.2737 -182.4420 -176.1080 170.3210 0.0000 0.0000 0.0000 -11.5842 -3.9976 -22.9230 8.5270 16.4935 54.4395 0.5834 -9.7319 -14.2624 0.0434 1.3453 3.6995 0.0000 0.0000 0.0000 23.9608 4.6245 -20.7019 -9.0103 -16.8144 56.1258 -1.1831 -3.6286 -22.1477 -0.6425 -5.1281 14.2744 0.5530 1.0290 20.1439 3.3928 1.7133 4.3642 2.9078 0.8389 -6.6205 -5.0547 -2.7534 -6.6005 4.8230 -3.5232 4.8224 2.3163 -1.6853 2.9316 0.0000 0.0000 0.0000 4.3856 20.2281 -6.85 12.6807 -20.8176 2.3386 26.1165 -7.1722 2.9877 0.0 0.0 0.0 -7.1250 0.0 0.0 -0.3720 26.653 -0.1656 0.0000 0.0000 0.0000 -4.316 15.7596 0.9526 -9.5995 -16.1107 -1.3617 -23.5438 8.4442 19.2172 0.0 0.0 0.0 7.1250 0.0 -0.0 4.7546 50.7377 -0.6735
9.1667 16.4466 36.3566 -182.1600 -175.9580 169.8170 0.0000 0.0000 0.0000 -11.9558 -4.1455 -22.3741 8.7688 16.6566 55.2870 0.6900 -9.9091 -15.3560 0.0992 2.0314 5.5924 0.0000 0.0000 0.0000 23.6521 4.6052 -20.1541 -9.2366 -16.9576 56.9049 -1.2999 -3.2954 -22.9491 -0.6603 -5.1971 14.4717 0.5391 1.0859 20.1725 3.2507 1.7643 4.6349 2.7485 0.8603 -6.3406 -4.8051 -2.7321 -6.5472 4.6345 -3.5090 4.8744 2.2076 -1.6802 2.9252 0.0000 0.0000 0.0000 4.1395 18.8635 -6.8732 12.9523 -21.2173 2.436 26.8086 -7.786 1.614 0.0 0.0 0.0 -7.1250 0.0 0.0 0.1798 28.1715 0.0736 0.0000 0.0000 0.0000 -4.3093 14.9117 2.9964 -10.1841 -17.0271 -1.5284 -24.3627 7.5074 19.3106 0.0 0.0 0.0 7.1250 0.0 -0.0 3.9638 50.9774 -0.5845
9.1859 16.4263 36.4360 -181.8850 -175.5640 169.3650 0.0000 0.0000 0.0000 -12.2853 -3.7514 -21.7440 8.8962 16.7405 55.7305 0.7752 -10.2220 -16.2216 0.1304 2.3272 6.4108 0.0000 0.0000 0.0000 23.3657 4.5942 -19.5909 -9.3714 -17.0408 57.3658 -1.3433 -3.1247 -23.2165 -0.5676 -4.8250 13.4102 0.5170 1.2172 20.6516 3.1128 1.9334 4.5504 2.5644 0.9422 -6.6886 -5.3327 -2.8235 -6.5450 5.2574 -3.6434 5.4471 2.5144 -1.7366 3.1643 -0.0000 0.0000 0.0000 3.8987 18.2137 -7.5224 13.3819 -21.8441 2.5936 27.865 -9.3058 1.5112 0.0 0.0 0.0 -7.1250 0.0 0.0 0.9999 28.2699 0.4071 -0.0000 0.0000 0.0000 -4.3754 14.6184 5.214 -10.8005 -17.9817 -1.7138 -24.8974 6.871 20.2364 0.0 0.0 0.0 7.1250 0.0 -0.0 3.6645 52.0613 -0.6378
9.2050 16.4184 36.5173 -181.3730 -175.2310 169.1350 0.0000 0.0000 0.0000 -12.9449 -3.3682 -21.1976 8.9368 16.7669 55.8714 0.8692 -10.2451 -17.0662 0.1046 2.0856 5.7424 0.0000 0.0000 0.0000 22.7343 4.4882 -19.2700 -9.4363 -17.0804 57.5871 -1.3569 -2.8263 -23.1830 -0.4830 -4.4565 12.3646 0.1469 1.3602 21.5024 2.9416 2.0625 3.9139 2.5458 1.0161 -7.8451 -5.5995 -2.8282 -5.9284 5.4871 -3.6899 5.9958 2.6478 -1.7663 3.2537 0.0000 0.0000 0.0000 3.6333 18.6271 -8.6988 14.0874 -22.8595 2.862 28.4342 -11.4182 2.1643 0.0 0.0 0.0 -7.1250 0.0 0.0 1.4223 27.5182 0.6044 0.0000 0.0000 0.0000 -4.6281 15.2581 8.2235 -11.6073 -19.2131 -1.9711 -25.0122 5.2794 21.0613 0.0 0.0 0.0 7.1250 0.0 -0.0 3.7720 52.9637 -0.7399
9.2143 16.4191 36.6080 -182.2430 -175.1010 169.2190 0.0000 0.0000 0.0000 -12.0516 -3.3050 -20.8393 8.9467 16.7733 55.9055 0.9262 -10.3956 -17.5881 0.0867 1.8990 5.2265 0.0000 0.0000 0.0000 23.6136 4.0049 -18.9825 -9.3879 -17.0510 57.4222 -1.3713 -2.6862 -23.2323 -0.4372 -4.2427 11.7604 1.1349 1.2019 20.5327 3.1786 2.0551 4.2985 2.2514 0.9919 -6.8860 -5.4180 -2.8119 -5.9181 5.3726 -3.6638 5.6384 2.5731 -1.7531 3.1176 -0.0000 -0.0000 0.0000 3.3413 17.3874 -9.8695 14.8017 -23.8692 3.1453 28.065 -13.2351 2.6571 0.0 0.0 0.0 -7.1250 0.0 0.0 1.1242 26.9687 0.4922 -0.0000 -0.0000 0.0000 -4.9321 14.2246 10.9488 -12.4078 -20.4133 -2.2425 -25.0787 3.2434 21.1769 0.0 0.0 0.0 7.1250 0.0 -0.0 3.7361 53.0997 -0.7453
9.2211 16.4414 36.6919 -182.7020 -174.8080 169.2360 0.0000 0.0000 0.0000 -11.5294 -2.9968 -20.3634 8.8923 16.7379 55.7170 0.9208 -10.6934 -17.6009 0.1328 2.3488 6.4706 0.0000 0.0000 0.0000 24.1063 3.6424 -18.5073 -9.2817 -16.9856 57.0593 -1.3866 -2.4370 -23.2406 -0.4342 -4.2286 11.7207 1.7082 1.1874 20.1868 3.2556 2.1513 4.2838 1.9870 1.0296 -6.7041 -5.2341 -2.8355 -5.3520 5.3412 -3.7193 5.1973 2.5253 -1.7854 2.8561 0.0000 -0.0000 0.0000 3.2274 16.8759 -11.3316 15.5862 -24.9564 3.4695 27.3945 -15.2585 3.6466 0.0 0.0 0.0 -7.1250 0.0 0.0 0.5840 25.874 0.2706 0.0000 -0.0000 0.0000 -5.0133 13.8698 12.946 -13.3274 -21.7651 -2.5734 -25.0727 1.6287 21.0607 0.0 0.0 0.0 7.1250 0.0 -0.0 3.7096 52.9744 -0.7286
9.2252 16.4782 36.7635 -182.9360 -174.5110 169.4180 0.0000 0.0000 0.0000 -11.2303 -2.5569 -19.9801 8.7669 16.6554 55.2805 0.8919 -10.9501 -17.4092 0.1875 2.7886 7.6907 0.0000 0.0000 0.0000 24.3525 3.3773 -18.1755 -9.1157 -16.8816 56.4893 -1.3915 -2.0318 -23.1006 -0.4754 -4.4220 12.2670 1.9691 1.1747 20.0724 3.2540 2.1966 4.0054 1.8255 1.0458 -6.9367 -5.9913 -2.9156 -5.2798 6.3470 -3.8547 5.6278 3.0119 -1.8380 3.0561 -0.0000 -0.0000 0.0000 3.1673 16.7069 -12.8161 16.4105 -26.074 3.8246 26.9722 -17.134 5.4748 0.0 0.0 0.0 -7.1250 0.0 0.0 0.2048 23.8417 0.1045 -0.0000 -0.0000 0.0000 -5.1301 13.8448 14.9557 -14.3668 -23.2567 -2.9714 -24.7915 -0.0173 21.0914 0.0 0.0 0.0 7.1250 0.0 -0.0 4.0072 52.9541 -0.7852
9.2270 16.5185 36.8255 -182.9880 -174.2880 169.6210 0.0000 0.0000 0.0000 -11.1836 -2.0915 -19.5410 8.5446 16.5055 54.5013 0.8843 -10.8732 -17.3276 0.1675 2.6369 7.2695 0.0000 0.0000 0.0000 24.4036 3.1505 -17.8785 -8.9122 -16.7509 55.7862 -1.3732 -1.7208 -22.8220 -0.4986 -4.5269 12.5640 1.9549 1.2088 19.9387 3.2845 2.2475 3.7463 1.8546 1.0703 -7.1498 -5.6787 -2.8696 -5.0606 6.0479 -3.8130 5.7700 2.8529 -1.8230 3.0396 -0.0000 -0.0000 0.0000 2.9708 16.527 -14.1965 17.4362 -27.4292 4.2863 26.512 -17.5861 6.5152 0.0 0.0 0.0 -7.1250 0.0 0.0 -0.1758 22.7066 -0.0943 -0.0000 -0.0000 0.0000 -5.4124 13.7735 16.7793 -15.5001 -24.8382 -3.4333 -24.0524 -1.7973 20.6394 0.0 0.0 0.0 7.1250 0.0 -0.0 4.6326 52.3364 -0.8381
9.2340 16.5799 36.8969 -182.5040 -174.2550 169.5800 0.0000 0.0000 0.0000 -11.8623 -1.6374 -18.8328 8.3045 16.3387 53.6522 0.8957 -10.5549 -17.3587 0.1097 2.1355 5.8803 0.0000 0.0000 0.0000 23.7661 2.5704 -17.2815 -8.6526 -16.5789 54.8808 -1.3497 -1.3423 -22.4767 -0.4814 -4.4494 12.3446 1.5345 1.3054 19.7316 3.1786 2.2760 3.6451 1.9746 1.0931 -7.1616 -5.5667 -2.9226 -5.0560 5.7828 -3.8813 5.9553 2.7382 -1.8627 3.0940 -0.0000 -0.0000 0.0000 2.6871 16.3756 -15.5544 18.7099 -29.0566 4.8892 25.9266 -17.147 6.6118 0.0 0.0 0.0 -7.1250 0.0 0.0 -0.6094 22.6358 -0.3279 -0.0000 -0.0000 0.0000 -5.6384 13.626 17.9746 -16.7446 -26.5198 -3.9726 -22.841 -3.2436 19.6194 0.0 0.0 0.0 7.1250 0.0 -0.0 5.5608 51.0434 -0.8301
9.2407 16.6618 36.9813 -181.7200 -174.4040 169.2990 0.0000 0.0000 0.0000 -12.9491 -1.1681 -17.7538 8.0263 16.1386 52.6574 0.8949 -10.2856 -17.2982 0.0609 1.5927 4.3813 0.0000 0.0000 0.0000 22.7152 1.5849 -16.3379 -8.3366 -16.3613 53.7662 -1.3326 -0.8802 -22.1558 -0.4098 -4.1095 11.3850 0.8106 1.3348 19.4369 2.9772 2.1397 3.7156 2.2084 1.0419 -6.9416 -5.3854 -2.8731 -5.0805 5.6942 -3.8240 6.0187 2.6767 -1.8325 3.1078 0.0000 -0.0000 0.0000 2.33 16.1274 -16.5612 19.9908 -30.6313 5.5267 25.3162 -16.5836 6.7986 0.0 0.0 0.0 -7.1250 0.0 0.0 -1.0636 22.4671 -0.5765 0.0000 -0.0000 0.0000 -5.8547 13.3589 19.2579 -18.0219 -28.1852 -4.5596 -22.0815 -4.3748 19.0446 0.0 0.0 0.0 7.1250 0.0 -0.0 6.1509 50.3111 -0.8078
