HIERARCHY
ROOT Hips
{
	OFFSET 0.00000 0.00000 0.00000
	CHANNELS 6 Xposition Yposition Zposition Zrotation Yrotation Xrotation 
	JOINT LHipJoint
	{
		OFFSET 0 0 0
		CHANNELS 3 Zrotation Yrotation Xrotation
		JOINT LeftHip
		{
			OFFSET 1.83091 -1.65485 0.80491
			CHANNELS 3 Zrotation Yrotation Xrotation
			JOINT LeftKnee
			{
				OFFSET 2.11983 -5.82419 0.00000
				CHANNELS 3 Zrotation Yrotation Xrotation
				JOINT LeftAnkle
				{
					OFFSET 2.66794 -7.33011 0.00000
					CHANNELS 3 Zrotation Yrotation Xrotation
					JOINT LeftToe
					{
						OFFSET 0.15587 -0.42826 1.82520
						CHANNELS 3 Zrotation Yrotation Xrotation
						End Site
						{
							OFFSET 0.00000 -0.00000 0.94802
						}
					}
				}
			}
		}
	}
	JOINT RHipJoint
	{
		OFFSET 0 0 0
		CHANNELS 3 Zrotation Yrotation Xrotation
		JOINT RightHip
		{
			OFFSET -1.96593 -1.65485 0.80491
			CHANNELS 3 Zrotation Yrotation Xrotation
			JOINT RightKnee
			{
				OFFSET -2.00526 -5.50940 0.00000
				CHANNELS 3 Zrotation Yrotation Xrotation
				JOINT RightAnkle
				{
					OFFSET -2.64167 -7.25794 0.00000
					CHANNELS 3 Zrotation Yrotation Xrotation
					JOINT RightToe
					{
						OFFSET -0.19578 -0.53789 1.94104
						CHANNELS 3 Zrotation Yrotation Xrotation
						End Site
						{
							OFFSET -0.00000 -0.00000 1.01373
						}
					}
				}
			}
		}
	}
	JOINT lowerback
	{
		OFFSET 0 0 0
		CHANNELS 3 Zrotation Yrotation Xrotation
		JOINT Chest
		{
			OFFSET 0.01139 2.01356 -0.24266
			CHANNELS 3 Zrotation Yrotation Xrotation
			JOINT Chest2
			{
				OFFSET 0.00315 2.01402 -0.18659
				CHANNELS 3 Zrotation Yrotation Xrotation
				JOINT lowerneck
				{
					OFFSET 0 0 0
					CHANNELS 3 Zrotation Yrotation Xrotation
					JOINT Neck
					{
						OFFSET -0.15348 1.85288 0.32547
						CHANNELS 3 Zrotation Yrotation Xrotation
						JOINT Head
						{
							OFFSET 0.23013 1.84255 -0.51894
							CHANNELS 3 Zrotation Yrotation Xrotation
							End Site
							{
								OFFSET 0.08244 1.94374 -0.22179
							}
						}
					}
				}
				JOINT LeftCollar
				{
					OFFSET 0 0 0
					CHANNELS 3 Zrotation Yrotation Xrotation
					JOINT LeftShoulder
					{
						OFFSET 3.63468 1.26528 -0.10015
						CHANNELS 3 Zrotation Xrotation Yrotation
						JOINT LeftElbow
						{
							OFFSET 0 -5.535930 -0.000000
							CHANNELS 3 Zrotation Xrotation Yrotation
							JOINT LeftWrist
							{
								OFFSET 0 -3.133450 0.000000
								CHANNELS 3 Zrotation Xrotation Yrotation
								JOINT lhand
								{
									OFFSET 0 0 0
									CHANNELS 3 Zrotation Xrotation Yrotation
									JOINT LFingers
									{
										OFFSET 0 -0.713370 0.000000
										CHANNELS 3 Zrotation Xrotation Yrotation
										End Site
										{
											OFFSET 0 -0.575140 0.000000
										}
									}
								}
								JOINT LThumb
								{
									OFFSET 0 0.000000 0.000000
									CHANNELS 3 Zrotation Xrotation Yrotation
									End Site
									{
										OFFSET 0 -0.583920 0.583920
									}
								}
							}
						}
					}
				}
				JOINT RightCollar
				{
					OFFSET 0 0 0
					CHANNELS 3 Zrotation Yrotation Xrotation
					JOINT RightShoulder
					{
						OFFSET -3.31009 1.23247 0.08205
CHANNELS 3 Zrotation Xrotation Yrotation
						JOINT RightElbow
						{
OFFSET 0 -5.468500 0.000000
CHANNELS 3 Zrotation Xrotation Yrotation
							JOINT RightWrist
							{
OFFSET 0 -3.224110 -0.000000
CHANNELS 3 Zrotation Xrotation Yrotation
								JOINT rhand
								{
									OFFSET 0 0 0
CHANNELS 3 Zrotation Xrotation Yrotation
									JOINT RFingers
									{
OFFSET 0 -0.745280 0.000000
CHANNELS 3 Zrotation Xrotation Yrotation
										End Site
										{
OFFSET 0 -0.600860 0.000000
										}
									}
								}
								JOINT RThumb
								{
OFFSET 0 0.000000 0.000000
CHANNELS 3 Zrotation Xrotation Yrotation
									End Site
									{
OFFSET 0 -0.610040 0.610040
									}
								}
							}
						}
					}
				}
			}
		}
	}
}
MOTION
Frames: 181
Frame Time: .0083333
10.5965 15.8170 39.2797 -161.3500 68.2326 -150.1020 0.0000 0.0000 0.0000 -30.7174 -1.6910 -7.5987 4.3286 12.5852 37.8351 0.0562 -4.3443 -4.8560 0.2678 -3.3289 -9.1959 0.0000 0.0000 0.0000 4.8891 18.5327 -38.8370 -4.2586 -12.4968 37.5128 -0.3863 -5.0484 -14.6865 -1.0002 6.3642 -17.8447 1.6599 1.1573 3.6389 0.1294 1.6293 1.9875 -0.8542 0.8418 0.0413 5.3759 12.6064 -20.7496 -4.8376 17.3661 20.9919 0.2104 7.7959 11.0917 0.0000 -0.0000 0.0000 14.5236 0.35 -66.1936 94.5592 -59.9213 63.9473 20.2906 -12.8859 -29.0794 0.0 0.0 0.0 -7.1250 0.0 0.0 -12.3154 60.222 4.6145 0.0000 -0.0000 0.0000 -14.0478 18.805 50.3643 -89.3602 -59.9985 -59.4459 -25.4002 -32.6979 -28.7834 0.0 0.0 0.0 7.1250 0.0 -0.0 3.0605 -1.2872 3.1329
10.8207 15.8126 39.1972 -162.9530 66.9274 -151.6850 0.0000 0.0000 0.0000 -32.2045 -5.0174 -5.8566 4.6420 12.9690 39.2524 0.1748 0.3404 -8.0278 0.1422 -2.4299 -6.6953 0.0000 0.0000 0.0000 4.4100 17.8667 -37.9898 -3.9823 -12.1369 36.2179 -0.3528 -4.3640 -13.6841 -1.1581 6.8322 -19.2191 3.0841 0.6337 3.1797 -0.7819 0.9593 2.2331 -2.5565 0.5362 0.5740 5.6528 12.8970 -21.2294 -4.2865 17.4807 20.9054 0.4040 7.9140 11.1170 -0.0000 0.0000 0.0000 16.3268 0.0885 -66.1858 96.3554 -59.8468 65.5011 20.6073 -13.0054 -29.4862 0.0 0.0 0.0 -7.1250 0.0 0.0 -12.2212 60.7022 4.7185 -0.0000 0.0000 0.0000 -13.3168 18.6336 51.028 -89.9366 -60.0 -59.9451 -27.6765 -33.6478 -27.6923 0.0 0.0 0.0 7.1250 0.0 -0.0 1.5570 -0.6633 1.5755
11.0340 15.7777 39.1429 -164.0950 65.5782 -152.6640 0.0000 0.0000 0.0000 -31.8506 -3.4900 -7.0485 5.1741 13.5772 41.5694 0.1627 0.8767 -7.9905 0.2112 -2.9586 -8.1635 0.0000 0.0000 0.0000 3.9268 17.7468 -37.5189 -3.8871 -12.0086 35.7624 -0.3417 -4.0176 -13.2623 -1.1496 6.8080 -19.1478 3.6051 0.5464 2.9718 -1.1021 0.8486 2.2278 -3.1744 0.4911 0.6918 5.7149 12.6016 -21.5864 -4.0278 16.9468 20.9353 0.4104 7.6965 11.1453 -0.0000 0.0000 0.0000 17.3731 -0.3878 -66.5888 97.9977 -59.7569 66.9205 18.8041 -15.5526 -29.1677 0.0 0.0 0.0 -7.1250 0.0 0.0 -14.0030 59.9563 5.1718 -0.0000 0.0000 0.0000 -13.0014 19.0978 50.624 -91.0797 -59.9956 -60.935 -27.053 -33.706 -27.7042 0.0 0.0 0.0 7.1250 0.0 -0.0 1.9253 -0.5293 1.9441
11.2363 15.7139 39.0700 -166.4480 63.6622 -154.6340 0.0000 0.0000 0.0000 -32.2269 -3.3122 -7.6171 5.6729 14.1037 43.6545 0.1305 2.0887 -7.9268 0.0413 -1.3118 -3.6071 0.0000 0.0000 0.0000 2.9218 16.9577 -37.0178 -3.8686 -11.9835 35.6737 -0.3896 -3.3077 -13.4752 -0.5785 4.8705 -13.5395 3.8314 0.3619 2.6438 -1.2365 0.5929 2.0932 -3.4330 0.3634 0.7207 5.5831 12.0256 -21.7490 -3.9277 16.1536 21.0540 0.3352 7.3371 11.1602 0.0000 0.0000 0.0000 17.6878 -0.6642 -66.8195 99.4334 -59.6611 68.1603 13.71 -20.0635 -28.9839 0.0 0.0 0.0 -7.1250 0.0 0.0 -19.3018 58.6149 6.5818 0.0000 0.0000 0.0000 -13.1879 19.8881 49.9408 -92.3964 -59.9783 -62.0751 -24.317 -32.6772 -28.4573 0.0 0.0 0.0 7.1250 0.0 -0.0 3.6445 -0.7075 3.6967
11.4450 15.6961 38.9755 -169.6160 62.3010 -157.3490 0.0000 0.0000 0.0000 -33.4409 -2.9533 -8.1281 6.1970 14.6166 45.7673 0.1105 3.9090 -8.9367 0.0233 -0.9850 -2.7077 0.0000 0.0000 0.0000 1.4650 15.7413 -36.8212 -3.9702 -12.1206 36.1599 -0.3267 -3.4615 -12.6357 -0.8177 5.7701 -16.1189 2.7794 -0.0080 2.4153 -1.3412 0.0747 2.0395 -2.9375 0.0924 0.7439 5.8750 11.9655 -22.2864 -4.1459 16.0315 21.3874 0.2407 7.2498 11.4264 -0.0000 0.0000 0.0000 17.828 -0.5136 -67.4453 99.7061 -59.641 68.3956 14.8823 -16.91 -28.7054 0.0 0.0 0.0 -7.1250 0.0 0.0 -17.8868 58.6116 6.077 -0.0000 0.0000 0.0000 -14.1933 20.1332 50.3867 -93.5508 -59.9523 -63.0746 -22.9224 -31.8752 -28.6658 0.0 0.0 0.0 7.1250 0.0 -0.0 4.4900 -0.6294 4.553
11.6538 15.6527 38.9031 -172.3670 61.3208 -159.8220 0.0000 0.0000 0.0000 -34.5898 -2.0073 -9.0040 6.8479 15.2024 48.2966 0.1747 6.6951 -13.0182 0.9327 -6.1519 -17.2259 0.0000 0.0000 0.0000 0.1012 14.7185 -36.3996 -4.0877 -12.2762 36.7161 -0.2915 -2.9447 -11.7169 -0.9428 6.1841 -17.3196 1.6156 -0.1045 2.5273 -1.4714 -0.0697 1.9354 -2.4137 0.0057 0.5632 5.7366 11.7769 -22.5647 -4.2076 15.8264 21.5208 0.2215 7.1287 11.5120 -0.0000 0.0000 0.0000 17.9809 -0.4903 -67.9766 100.6348 -59.5683 69.1967 15.9661 -16.5862 -28.4356 0.0 0.0 0.0 -7.1250 0.0 0.0 -16.5691 58.5946 5.606 -0.0000 0.0000 0.0000 -15.1985 20.5701 50.5425 -94.8519 -59.9109 -64.2006 -22.407 -31.3206 -28.4636 0.0 0.0 0.0 7.1250 0.0 -0.0 4.7648 -0.315 4.8076
11.8647 15.6192 38.8393 -172.0570 59.8792 -159.8510 0.0000 0.0000 0.0000 -34.0120 -0.9493 -10.1737 7.6932 15.8889 51.4499 0.2407 7.4870 -14.8663 0.7182 -5.4156 -15.0978 0.0000 0.0000 0.0000 0.6454 14.1112 -35.5565 -4.1847 -12.4022 37.1700 -0.3124 -2.7559 -11.9377 -1.2969 7.2151 -20.3541 2.3433 -0.2676 2.7223 -1.5544 -0.2647 2.1081 -2.9048 -0.0788 0.6184 5.6985 11.6145 -22.8417 -4.0780 15.5107 21.2311 0.2191 6.9973 11.4210 -0.0000 0.0000 0.0000 18.7431 -0.6813 -68.1429 101.5140 -59.4931 69.9544 17.5688 -15.8847 -27.8359 0.0 0.0 0.0 -7.1250 0.0 0.0 -14.4981 58.3692 4.806 -0.0000 0.0000 0.0000 -15.5953 20.427 50.7468 -95.9317 -59.8666 -65.1347 -21.2974 -30.7461 -28.4725 0.0 0.0 0.0 7.1250 0.0 -0.0 5.4173 -0.1042 5.4516
12.0629 15.6300 38.7944 -169.5020 57.0747 -157.5570 0.0000 0.0000 0.0000 -31.4231 -0.9283 -12.2564 8.7837 16.6665 55.3391 0.3075 8.0540 -16.3603 0.9706 -6.2723 -17.5765 0.0000 0.0000 0.0000 3.0573 13.4583 -35.2901 -4.2200 -12.4475 37.3341 -0.2936 -4.3932 -12.8097 -2.7254 10.2366 -29.7464 4.2947 -0.6991 2.8346 -1.0244 -0.8018 2.1445 -3.4445 -0.3322 0.5419 5.5120 11.4539 -23.1941 -3.8716 15.2275 20.9686 0.2750 6.8763 11.3363 -0.0000 0.0000 0.0000 19.2735 -0.9185 -67.9655 102.2059 -59.4295 70.5504 17.2159 -16.2837 -27.0765 0.0 0.0 0.0 -7.1250 0.0 0.0 -14.4225 57.5484 4.4938 -0.0000 0.0000 0.0000 -16.0912 20.0342 51.1198 -96.7895 -59.8251 -65.8764 -21.1249 -30.0047 -28.2128 0.0 0.0 0.0 7.1250 0.0 -0.0 5.4867 0.1959 5.4932
12.2542 15.4541 38.7760 -170.5080 55.0323 -158.8190 0.0000 0.0000 0.0000 -31.3155 -0.7600 -13.8299 10.0872 17.4586 59.7793 0.3629 8.8801 -17.8859 1.5150 -7.7730 -22.0267 0.0000 0.0000 0.0000 3.1763 11.5108 -33.2610 -4.2259 -12.4550 37.3613 -0.5739 -0.8612 -14.6488 -1.4287 7.5581 -21.3796 4.3269 -1.0318 3.1763 -0.8214 -1.2248 2.2653 -3.2371 -0.5420 0.4398 4.8253 11.2894 -23.5320 -3.6103 15.1349 20.9292 0.4620 6.8086 11.2955 -0.0000 0.0000 0.0000 19.059 -0.9981 -67.2709 103.7260 -59.276 71.8582 13.5385 -20.4559 -27.6892 0.0 0.0 0.0 -7.1250 0.0 0.0 -18.6120 57.3544 5.766 -0.0000 0.0000 0.0000 -17.2021 19.881 51.5392 -97.7259 -59.7732 -66.6857 -21.5547 -29.32 -27.7738 0.0 0.0 0.0 7.1250 0.0 -0.0 5.1795 0.565 5.1494
-9.0900 15.2770 -10.4936 -4.3505 -8.7659 -350.4900 0.0000 0.0000 0.0000 -20.8901 2.2632 -33.6443 21.2939 19.9598 93.7856 -0.1309 9.6624 -11.2331 0.0249 -1.0179 -2.7981 0.0000 0.0000 0.0000 23.1882 9.1627 -22.0414 -5.6221 -14.0518 43.4455 -1.7440 15.4847 -24.5040 -0.0449 1.3683 -3.7628 5.3732 -0.9742 5.9269 4.4045 -0.9255 1.9702 1.5956 -0.4710 -1.3000 -8.5237 -0.1206 -22.6619 3.7737 1.8099 19.4677 2.9967 0.6435 9.8058 -0.0000 0.0000 0.0000 14.8291 17.6753 -54.9711 79.2144 -59.5558 50.6733 40.6878 18.9757 -43.065 0.0 0.0 0.0 -7.1250 0.0 0.0 8.0881 80.8444 -6.7033 -0.0000 0.0000 0.0000 -25.5078 8.8997 50.5609 -90.1236 -59.9999 -60.107 -32.8711 -30.4301 -26.8245 0.0 0.0 0.0 7.1250 0.0 -0.0 -1.6423 -1.0598 -1.6731
-9.1017 15.3002 -10.1678 -4.1563 -8.8831 -350.2400 0.0000 0.0000 0.0000 -20.8578 1.2425 -36.1454 21.4508 19.9495 94.2454 0.0428 8.6352 -13.0895 0.0093 0.6212 1.7071 0.0000 0.0000 0.0000 23.0396 8.0002 -20.4894 -5.2703 -13.6818 41.9777 -1.7713 15.8022 -24.7433 -0.1089 2.1280 -5.8595 5.1153 -0.8731 6.1058 4.3795 -0.7458 1.3120 1.7117 -0.3973 -2.0767 -8.7933 -0.1369 -21.2815 3.8914 1.7129 19.4221 3.0492 0.5882 9.5460 -0.0000 0.0000 0.0000 14.3686 20.6468 -54.3012 79.7118 -59.5962 51.1022 39.911 19.4586 -45.607 0.0 0.0 0.0 -7.1250 0.0 0.0 0.5925 83.0743 -0.5167 -0.0000 0.0000 0.0000 -25.9217 8.5738 51.8449 -90.9801 -59.9964 -60.8488 -32.9408 -30.4201 -26.7136 0.0 0.0 0.0 7.1250 0.0 -0.0 -1.7042 -0.9571 -1.7332
-9.1158 15.3631 -9.8284 -3.5320 -8.9555 -350.1730 0.0000 0.0000 0.0000 -21.3341 0.2062 -38.2645 21.3068 19.9590 93.8233 0.1123 8.4099 -13.9633 0.0073 0.5501 1.5117 0.0000 0.0000 0.0000 22.3918 6.9483 -18.6942 -4.8690 -13.2348 40.2537 -1.7789 15.5008 -24.7229 -0.2711 3.3491 -9.2523 4.5338 -0.6839 6.1676 4.0349 -0.5176 1.0675 1.6640 -0.2852 -2.3609 -8.5842 -0.2337 -21.0343 3.9115 1.4831 19.4989 2.9895 0.4968 9.5458 -0.0000 -0.0000 0.0000 14.5044 22.6266 -53.8855 80.3875 -59.648 51.6852 40.0235 20.5916 -49.3967 0.0 0.0 0.0 -7.1250 0.0 0.0 -20.6985 86.477 19.4179 -0.0000 -0.0000 0.0000 -25.6256 7.949 52.3623 -92.2919 -59.9801 -61.9847 -32.3624 -30.1689 -27.131 0.0 0.0 0.0 7.1250 0.0 -0.0 -1.2867 -1.2555 -1.3149
-9.1297 15.4064 -9.4928 -3.0363 -8.9668 -350.1140 0.0000 0.0000 0.0000 -21.5473 -1.0046 -40.4080 21.0703 19.9725 93.1308 0.2355 7.8869 -15.2143 0.0007 -0.1746 -0.4797 0.0000 0.0000 0.0000 21.7853 6.3645 -15.9713 -4.4072 -12.6834 38.1945 -1.3075 18.1527 -22.5282 -0.0465 -1.3920 3.8282 4.1423 -0.4587 5.9565 3.6602 -0.2723 1.1659 1.4710 -0.1574 -2.1399 -8.3684 -0.4535 -21.8001 4.0863 1.1390 19.9186 2.9872 0.3683 9.8553 -0.0000 -0.0000 0.0000 14.822 24.171 -53.4564 81.7632 -59.7421 52.8729 41.3261 21.0666 -49.6874 0.0 0.0 0.0 -7.1250 0.0 0.0 -19.0540 87.3338 18.1647 -0.0000 -0.0000 0.0000 -25.2365 6.9427 52.5664 -93.4993 -59.9537 -63.03 -31.3889 -30.1708 -28.2179 0.0 0.0 0.0 7.1250 0.0 -0.0 -0.5152 -2.1722 -0.5344
-9.1386 15.4705 -9.1452 -2.9956 -8.7844 -349.8490 0.0000 0.0000 0.0000 -21.2106 -2.3157 -42.4113 20.7010 19.9882 92.0499 0.3777 7.0928 -16.3280 0.0268 -1.0571 -2.9059 0.0000 0.0000 0.0000 21.8371 5.5700 -13.5553 -3.9150 -12.0464 35.8962 -1.2493 17.5055 -21.9321 -0.0352 -1.2109 3.3294 4.2495 -0.2795 5.6849 3.4211 -0.0473 1.1021 1.1449 -0.0455 -2.0530 -8.4305 -0.6613 -22.2906 4.5861 0.7915 20.3531 3.1427 0.2573 10.1194 0.0000 0.0000 0.0000 15.2159 26.0693 -53.1318 84.0616 -59.8663 54.8595 41.5766 19.3125 -47.5491 0.0 0.0 0.0 -7.1250 0.0 0.0 0.4011 85.5957 -0.3691 0.0000 0.0000 0.0000 -24.8047 6.2837 52.6944 -94.8067 -59.9125 -64.1615 -31.2524 -30.4044 -28.7513 0.0 0.0 0.0 7.1250 0.0 -0.0 -0.3351 -2.7112 -0.3506
-9.1517 15.5402 -8.7874 -3.0080 -8.6118 -349.5230 0.0000 0.0000 0.0000 -20.8084 -3.4704 -44.2832 20.2060 19.9990 90.6024 0.4431 6.7730 -16.8545 0.1047 -2.0867 -5.7452 0.0000 0.0000 0.0000 21.9414 4.9617 -10.9411 -3.4132 -11.3357 33.4206 -1.1779 16.7667 -21.2098 -0.0208 -0.9306 2.5580 4.4118 -0.0217 5.3348 3.1249 0.2802 1.0080 0.7242 0.1172 -1.9482 -8.2168 -0.9265 -22.8098 4.8190 0.3346 20.6981 3.1385 0.0901 10.3713 -0.0000 0.0000 0.0000 16.0474 27.7329 -53.359 86.2735 -59.9475 56.7734 41.5715 17.6038 -46.993 0.0 0.0 0.0 -7.1250 0.0 0.0 2.7466 85.0665 -2.5003 -0.0000 0.0000 0.0000 -24.0753 5.9618 52.5367 -96.4347 -59.843 -65.5696 -31.8478 -31.1456 -28.9782 0.0 0.0 0.0 7.1250 0.0 -0.0 -0.6330 -3.1213 -0.6666
-9.1708 15.6120 -8.4262 -2.7926 -8.5803 -349.3170 0.0000 0.0000 0.0000 -20.6523 -4.3514 -45.9036 19.5331 19.9948 88.6347 0.4866 6.6181 -17.2414 0.1612 -2.5866 -7.1298 0.0000 0.0000 0.0000 21.8340 4.5741 -8.3986 -2.9775 -10.6585 31.1367 -1.1312 15.2415 -20.3985 -0.0002 0.0803 -0.2207 4.2660 0.3755 5.0423 2.7153 0.7723 1.0303 0.3516 0.3660 -1.7479 -7.8836 -1.3331 -23.3649 4.9065 -0.3248 20.8569 3.0241 -0.1717 10.5793 0.0000 0.0000 0.0000 17.2832 28.8994 -54.1275 88.2444 -59.9884 58.4797 40.282 14.9443 -46.8326 0.0 0.0 0.0 -7.1250 0.0 0.0 -2.1847 84.3895 1.9607 0.0000 0.0000 0.0000 -23.297 5.7536 52.1602 -98.1842 -59.7454 -67.0817 -32.5283 -32.157 -29.243 0.0 0.0 0.0 7.1250 0.0 -0.0 -0.9693 -3.6016 -1.0284
-9.1841 15.6932 -8.0514 -2.5011 -8.5212 -349.3540 0.0000 0.0000 0.0000 -20.6914 -5.0924 -46.8170 18.6789 19.9581 86.1348 0.5939 5.9110 -17.9049 0.0832 -1.8600 -5.1190 0.0000 0.0000 0.0000 21.5990 4.0318 -5.8749 -2.5941 -10.0071 28.9998 -1.1577 12.9737 -19.9777 -0.1738 2.6853 -7.4038 4.0265 0.6862 4.8744 2.3983 1.1567 1.0440 0.1370 0.5606 -1.6284 -7.9881 -1.7143 -23.4010 5.2004 -0.8915 20.8470 3.0612 -0.4011 10.6260 -0.0000 0.0000 0.0000 18.3316 30.2503 -54.9445 90.3506 -59.9995 60.3036 42.5478 15.4352 -46.0335 0.0 0.0 0.0 -7.1250 0.0 0.0 10.2642 84.4982 -9.2389 -0.0000 0.0000 0.0000 -22.9056 5.8535 52.1412 -100.2322 -59.6007 -68.8494 -33.1783 -33.0316 -29.3315 0.0 0.0 0.0 7.1250 0.0 -0.0 -1.3213 -3.8874 -1.4082
-9.1923 15.7953 -7.6681 -2.5948 -8.2050 -349.4400 0.0000 0.0000 0.0000 -20.2812 -5.8454 -47.2784 17.6727 19.8696 83.1812 0.7063 4.8330 -18.3580 0.0024 -0.3140 -0.8626 0.0000 0.0000 0.0000 21.7315 3.4606 -3.5617 -2.2868 -9.4395 27.1801 -0.8863 10.8144 -17.3315 -0.2423 3.1676 -8.7458 4.2417 0.8743 4.7778 2.2533 1.4138 0.9475 -0.1466 0.6863 -1.6580 -8.3065 -1.9894 -23.1795 5.6151 -1.2901 20.9022 3.2038 -0.5598 10.6412 0.0000 0.0000 0.0000 19.3835 31.8382 -55.9421 92.4141 -59.978 62.0905 42.3496 13.0758 -43.5357 0.0 0.0 0.0 -7.1250 0.0 0.0 13.0552 81.9101 -11.1071 0.0000 0.0000 0.0000 -22.6731 6.1553 52.4486 -102.2633 -59.424 -70.5998 -33.7077 -33.6746 -29.3192 0.0 0.0 0.0 7.1250 0.0 -0.0 -1.6247 -4.0319 -1.7356
-9.1980 15.8654 -7.2990 -3.0470 -7.7678 -349.3980 0.0000 0.0000 0.0000 -19.3959 -6.6499 -48.0802 16.6670 19.7315 80.2128 0.7350 4.2775 -18.3036 0.0001 -0.0736 -0.2022 0.0000 0.0000 0.0000 22.2819 2.3823 -1.3620 -2.0302 -8.9288 25.5727 -0.6992 8.3423 -15.1412 -0.4786 4.4363 -12.3076 4.8291 1.0725 4.5796 2.2273 1.6970 0.8550 -0.5137 0.8242 -1.6149 -8.5444 -2.2984 -23.1954 5.8401 -1.7005 21.1439 3.2673 -0.7411 10.7710 0.0000 0.0000 0.0000 20.5277 33.1376 -57.075 94.3525 -59.9283 63.7685 38.4842 9.5646 -44.3148 0.0 0.0 0.0 -7.1250 0.0 0.0 -0.5613 81.2592 0.4695 0.0000 0.0000 0.0000 -22.425 6.4123 52.6103 -104.3256 -59.2102 -72.3734 -33.6556 -33.6296 -28.8071 0.0 0.0 0.0 7.1250 0.0 -0.0 -1.7018 -3.4579 -1.8021
-9.1964 15.9701 -6.9056 -3.2573 -7.5832 -349.2430 0.0000 0.0000 0.0000 -18.9803 -7.1425 -48.4335 15.4436 19.4948 76.5693 0.7840 3.5932 -18.4038 0.0045 -0.4313 -1.1852 0.0000 0.0000 0.0000 22.3819 1.5131 0.5193 -1.8169 -8.4739 24.1629 -0.4747 6.1332 -12.3573 -0.7180 5.4149 -15.0958 5.1154 1.3293 4.1401 2.1650 2.0242 0.7682 -0.7441 0.9887 -1.4316 -8.8443 -2.6103 -23.3546 5.9934 -2.0676 21.5784 3.3259 -0.9175 10.9982 0.0000 0.0000 0.0000 21.4991 34.3501 -58.0843 96.2355 -59.8526 65.3974 36.4647 7.8135 -44.8616 0.0 0.0 0.0 -7.1250 0.0 0.0 -7.2018 80.9725 5.9862 0.0000 0.0000 0.0000 -22.2538 6.7103 52.7109 -106.5315 -58.9418 -74.2658 -33.4525 -33.6897 -28.297 0.0 0.0 0.0 7.1250 0.0 -0.0 -1.6899 -2.8404 -1.7724
-9.1972 16.0816 -6.5101 -3.3335 -7.6757 -349.0900 0.0000 0.0000 0.0000 -18.7630 -7.3174 -48.5331 14.1160 19.1488 72.5585 0.8412 2.7651 -18.5370 0.0007 -0.1678 -0.4611 0.0000 0.0000 0.0000 22.3139 1.0560 2.4271 -1.6006 -7.9793 22.6512 -0.2705 3.6150 -9.2461 -0.9559 6.2257 -17.4408 5.1164 1.6761 3.7946 2.0694 2.4650 0.6639 -0.8539 1.2094 -1.3194 -9.2775 -2.8995 -23.8454 6.4339 -2.4113 22.3224 3.5270 -1.0570 11.4114 -0.0000 -0.0000 0.0000 22.4687 35.5026 -59.209 97.8419 -59.7664 66.786 36.0043 6.0928 -43.1172 0.0 0.0 0.0 -7.1250 0.0 0.0 -4.1836 79.1279 3.3203 -0.0000 -0.0000 0.0000 -22.126 7.0422 52.8606 -108.4055 -58.6805 -75.869 -33.888 -34.6073 -28.7453 0.0 0.0 0.0 7.1250 0.0 -0.0 -1.8474 -3.4596 -1.9565
-9.2026 16.1912 -6.1132 -3.9001 -8.1630 -348.6160 0.0000 0.0000 0.0000 -17.9720 -7.0868 -48.9593 12.7486 18.6895 68.3430 0.8567 2.0789 -18.3532 0.0020 -0.2887 -0.7931 0.0000 0.0000 0.0000 22.6284 1.0627 3.8415 -1.4170 -7.5283 21.2904 -0.0994 1.0492 -5.6781 -1.1005 6.6657 -18.7288 5.3760 2.1735 3.2341 2.1340 3.1072 0.4553 -0.9390 1.5288 -1.1772 -9.8455 -3.2069 -24.3106 6.9972 -2.7718 23.1439 3.8001 -1.2004 11.8659 0.0000 0.0000 0.0000 23.3715 36.6142 -60.3634 99.2429 -59.6747 67.9958 35.4481 6.868 -47.6383 0.0 0.0 0.0 -7.1250 0.0 0.0 -20.2661 82.9645 17.692 0.0000 0.0000 0.0000 -22.159 7.2842 53.3045 -109.5830 -58.5002 -76.874 -34.6254 -35.7087 -29.6892 0.0 0.0 0.0 7.1250 0.0 -0.0 -2.0646 -4.7165 -2.2288
-9.2032 16.3030 -5.6956 -4.7960 -8.7736 -347.7270 0.0000 0.0000 0.0000 -16.8393 -6.8314 -49.5535 11.3752 18.1138 63.9940 0.9314 0.5712 -18.4540 0.0284 -1.0882 -2.9915 0.0000 0.0000 0.0000 23.0493 1.0654 4.8266 -1.2172 -6.9981 19.7098 0.0048 -1.5287 -1.5237 -1.0819 6.6111 -18.5682 5.9153 2.7199 2.0023 2.3067 3.7653 0.2599 -1.0205 1.8653 -0.6294 -10.1880 -3.4838 -24.6156 7.1367 -3.0624 23.7359 3.8796 -1.3470 12.1940 -0.0000 -0.0000 0.0000 24.0265 37.6734 -61.1855 100.8613 -59.5495 69.392 35.5708 8.0448 -50.4788 0.0 0.0 0.0 -7.1250 0.0 0.0 -40.7585 84.938 37.34 -0.0000 -0.0000 0.0000 -22.2805 7.367 53.8748 -110.4931 -58.3521 -77.6494 -34.9242 -36.1111 -30.349 0.0 0.0 0.0 7.1250 0.0 -0.0 -2.0864 -5.53 -2.2792
-9.2078 16.4214 -5.3131 -5.3173 -9.5554 -347.2830 0.0000 0.0000 0.0000 -16.0953 -6.5409 -49.5523 9.9493 17.3812 59.3186 1.0030 -0.8713 -18.6596 0.0808 -1.8341 -5.0473 0.0000 0.0000 0.0000 23.4075 2.1913 6.4223 -1.0348 -6.4701 18.1548 0.0654 -5.7530 1.6799 -0.7743 5.6183 -15.6808 5.9143 3.2647 1.7251 2.4110 4.4804 0.0516 -0.9130 2.2182 -0.6543 -10.2023 -3.7205 -24.5555 6.7958 -3.3062 23.9403 3.7114 -1.5063 12.2833 -0.0000 -0.0000 0.0000 24.6686 38.7619 -62.0481 102.5935 -59.3922 70.884 36.1023 9.4048 -53.1075 0.0 0.0 0.0 -7.1250 0.0 0.0 -73.4052 85.8348 69.3625 -0.0000 -0.0000 0.0000 -22.37 7.7532 54.2251 -111.8589 -58.1153 -78.8106 -34.5287 -35.7259 -30.8216 0.0 0.0 0.0 7.1250 0.0 -0.0 -1.7595 -5.9174 -1.9324
-9.2008 16.5285 -4.8728 -6.0120 -9.8785 -346.6740 0.0000 0.0000 0.0000 -15.2038 -6.5004 -49.2215 8.6006 16.5437 54.6983 1.0384 -1.9952 -18.6960 0.0676 -1.6774 -4.6150 0.0000 0.0000 0.0000 23.7183 2.2105 8.2215 -0.8139 -5.7569 16.0806 0.0749 -9.0286 4.8269 -0.5701 4.8357 -13.4404 6.4752 3.6863 0.6086 2.5085 4.9679 -0.2014 -1.0543 2.4663 -0.2232 -10.4179 -3.9074 -24.1516 6.7636 -3.5303 24.1065 3.6991 -1.6391 12.2987 -0.0000 0.0000 0.0000 25.55 40.0226 -63.3688 104.1125 -59.2339 72.1903 37.4787 9.8729 -53.2323 0.0 0.0 0.0 -7.1250 0.0 0.0 -79.8628 86.3908 76.2834 -0.0000 0.0000 0.0000 -22.3927 8.4507 54.5887 -113.4814 -57.8105 -80.186 -33.7817 -35.0703 -30.908 0.0 0.0 0.0 7.1250 0.0 -0.0 -1.3241 -5.7765 -1.451
-9.1964 16.6209 -4.4798 -6.0639 -9.6891 -347.0140 0.0000 0.0000 0.0000 -14.8545 -7.0060 -47.8043 7.2617 15.5484 49.8574 1.0405 -2.6965 -18.5651 0.0243 -1.0073 -2.7690 0.0000 0.0000 0.0000 23.9902 2.3485 10.9095 -0.6241 -5.0555 14.0670 0.1206 -12.6670 7.1980 -0.4954 4.5125 -12.5231 6.5061 3.8157 0.9220 2.4717 5.1815 -0.4116 -1.1403 2.5593 -0.5958 -10.9827 -4.0907 -24.2518 7.3763 -3.7778 24.9064 4.0144 -1.7313 12.6898 -0.0000 0.0000 0.0000 26.6923 41.2203 -64.9195 105.3727 -59.088 73.2724 38.4543 5.7135 -42.8598 0.0 0.0 0.0 -7.1250 0.0 0.0 2.1441 79.8121 -1.7312 -0.0000 0.0000 0.0000 -22.3576 9.1077 55.0351 -114.9614 -57.5096 -81.4365 -33.1823 -34.7291 -30.9686 0.0 0.0 0.0 7.1250 0.0 -0.0 -0.9765 -5.6577 -1.0682
-9.1772 16.6992 -4.0268 -6.5291 -8.8732 -346.9680 0.0000 0.0000 0.0000 -14.0795 -7.9356 -46.5385 6.0768 14.5023 45.2890 1.0220 -3.0519 -18.3279 0.0577 -1.5504 -4.2648 0.0000 0.0000 0.0000 24.2075 0.4627 13.0352 -0.4264 -4.1907 11.6137 -0.0055 -14.6250 10.3320 -0.4826 4.4547 -12.3596 7.3420 3.7897 -0.1291 2.5151 5.0508 -0.4089 -1.4734 2.5091 0.0540 -11.3723 -4.2442 -24.4101 7.8308 -3.9958 25.5862 4.2452 -1.8125 13.0425 0.0000 0.0000 0.0000 27.7159 42.0599 -66.0969 106.0606 -59.0026 73.8623 39.1992 3.7479 -37.9929 0.0 0.0 0.0 -7.1250 0.0 0.0 8.7927 75.0583 -6.2393 0.0000 0.0000 0.0000 -22.4006 9.5626 55.6575 -116.0599 -57.2716 -82.3618 -32.9754 -34.6763 -31.3666 0.0 0.0 0.0 7.1250 0.0 -0.0 -0.7746 -6.0219 -0.8517
-9.1721 16.7901 -3.6143 -6.5456 -9.2487 -347.4490 0.0000 0.0000 0.0000 -13.7648 -8.3326 -44.7171 4.9831 13.3648 40.7497 1.0190 -2.6618 -18.3724 0.1328 -2.3488 -6.4707 0.0000 0.0000 0.0000 23.8621 -0.4647 15.6772 -0.2771 -3.3859 9.3550 -0.1746 -16.0582 13.0099 -0.5667 4.8215 -13.4000 7.2094 3.9888 0.0110 2.4589 5.3234 -0.3114 -1.4593 2.6485 0.0915 -11.4573 -4.2960 -24.4582 7.9240 -4.0747 25.9069 4.2943 -1.8474 13.1979 -0.0000 0.0000 0.0000 28.4455 42.7507 -66.9353 106.7657 -58.9108 74.4664 39.2717 3.0716 -36.5817 0.0 0.0 0.0 -7.1250 0.0 0.0 9.6679 73.5805 -6.5566 -0.0000 0.0000 0.0000 -22.4556 9.8503 56.4171 -116.9632 -57.0663 -83.1208 -32.8173 -34.309 -31.472 0.0 0.0 0.0 7.1250 0.0 -0.0 -0.6638 -6.0868 -0.7305
-9.1584 16.8684 -3.1578 -6.6904 -10.0785 -347.8070 0.0000 0.0000 0.0000 -13.2857 -8.7516 -42.7142 4.0744 12.2588 36.6538 1.0690 -2.0207 -18.9721 0.2872 -3.4465 -9.5244 0.0000 0.0000 0.0000 23.3726 -0.8286 18.3142 -0.1690 -2.6482 7.3009 -0.3575 -17.5452 15.4791 -0.7206 5.4245 -15.1235 7.3229 4.3625 -0.3093 2.3584 5.7854 -0.2606 -1.5833 2.8882 0.3808 -11.4277 -4.3310 -24.5584 7.9275 -4.1507 26.4243 4.2959 -1.8840 13.4412 0.0000 0.0000 0.0000 29.246 43.7546 -67.8519 108.4950 -58.6672 75.9455 38.7473 3.1375 -37.6224 0.0 0.0 0.0 -7.1250 0.0 0.0 8.0871 74.5123 -5.6428 0.0000 0.0000 0.0000 -22.4731 10.2611 57.185 -117.9466 -56.8327 -83.9451 -32.5185 -33.9363 -31.3668 0.0 0.0 0.0 7.1250 0.0 -0.0 -0.5204 -5.8841 -0.5711
-9.1396 16.9304 -2.6963 -6.6690 -10.7792 -347.9800 0.0000 0.0000 0.0000 -12.9100 -9.4944 -40.7405 3.2861 11.1445 32.7686 1.1001 -0.7185 -19.6043 0.6539 -5.1725 -14.4012 0.0000 0.0000 0.0000 22.8482 -0.7278 19.2447 -0.1948 -2.8420 7.8392 -0.4502 -18.9913 17.0003 -0.5950 4.9383 -13.7327 7.4070 4.6971 -0.9870 2.1664 6.1667 -0.3125 -1.7542 3.0889 0.7671 -11.3173 -4.3292 -24.3057 7.8945 -4.2324 26.8041 4.2619 -1.9233 13.5546 0.0000 0.0000 0.0000 30.1529 44.7569 -68.7527 110.3314 -58.379 77.5116 38.458 3.1898 -38.469 0.0 0.0 0.0 -7.1250 0.0 0.0 6.9476 75.3061 -4.9634 0.0000 0.0000 0.0000 -22.3808 10.7835 57.9366 -118.9078 -56.594 -84.7486 -32.372 -33.985 -31.7457 0.0 0.0 0.0 7.1250 0.0 -0.0 -0.3572 -6.2447 -0.3939
-9.1415 16.9749 -2.3080 -6.5815 -10.5183 -347.8430 0.0000 0.0000 0.0000 -12.5299 -10.3169 -39.7292 2.6634 10.1291 29.3957 1.0725 -0.0549 -19.5660 0.7444 -5.5113 -15.3728 0.0000 0.0000 0.0000 22.7653 -1.2565 18.9481 -0.2787 -3.3953 9.3813 -0.4137 -20.2497 17.4333 -0.3098 3.5780 -9.8925 7.1228 4.6910 -1.2163 2.0646 6.1607 -0.6302 -1.7019 3.0736 0.5477 -11.1676 -4.2781 -24.1099 7.9276 -4.2648 27.0218 4.2518 -1.9239 13.6060 0.0000 0.0000 0.0000 30.9745 45.4602 -69.3982 111.4549 -58.1872 78.4674 37.7729 2.5338 -37.8628 0.0 0.0 0.0 -7.1250 0.0 0.0 6.0019 74.4335 -4.1747 0.0000 0.0000 0.0000 -22.1764 11.2803 58.6039 -119.8567 -56.348 -85.5396 -32.3162 -33.9543 -32.3383 0.0 0.0 0.0 7.1250 0.0 -0.0 -0.1970 -6.8585 -0.2191
-9.1709 17.0071 -1.9971 -6.4455 -9.0837 -347.0940 0.0000 0.0000 0.0000 -12.3586 -10.8025 -40.2334 2.1903 9.2517 26.5858 0.9282 -0.1778 -18.1559 0.6316 -5.0851 -14.1514 0.0000 0.0000 0.0000 23.2898 -2.5245 17.1364 -0.4292 -4.2046 11.6530 -0.1928 -21.3346 16.4821 -0.1093 2.1313 -5.8686 6.4983 4.3103 -1.3754 2.0364 5.6822 -1.2004 -1.4265 2.8106 -0.0485 -10.9992 -4.3530 -24.3862 8.0465 -4.4594 27.2312 4.2435 -1.9721 13.7736 -0.0000 -0.0000 0.0000 31.675 45.7497 -69.6479 112.2738 -58.0398 79.1627 36.2401 1.9954 -37.262 0.0 0.0 0.0 -7.1250 0.0 0.0 3.5663 73.2796 -2.3903 -0.0000 -0.0000 0.0000 -21.9999 11.4806 59.2177 -120.7531 -56.1059 -86.2848 -32.1375 -33.6162 -32.3014 0.0 0.0 0.0 7.1250 0.0 -0.0 -0.1066 -6.7656 -0.1184
-9.1694 17.0290 -1.5977 -6.3696 -9.0626 -347.0970 0.0000 0.0000 0.0000 -12.4484 -10.7495 -39.4706 1.8657 8.5806 24.4921 0.9146 0.2084 -18.1554 0.6017 -4.9656 -13.8104 0.0000 0.0000 0.0000 23.1452 -2.9105 16.3884 -0.6369 -5.1061 14.2113 -0.1001 -21.3195 15.7822 -0.0968 2.0064 -5.5235 6.3220 4.3524 -1.8965 1.9006 5.6938 -1.1626 -1.4230 2.8264 0.2798 -10.8636 -4.4334 -24.7354 8.1223 -4.6282 27.4447 4.2281 -2.0165 13.9560 0.0000 -0.0000 0.0000 32.1696 45.8777 -69.7562 113.5377 -57.7995 80.2337 35.1377 2.7051 -38.9062 0.0 0.0 0.0 -7.1250 0.0 0.0 0.1088 74.6027 -0.076 0.0000 -0.0000 0.0000 -21.9091 11.4081 59.8773 -121.3454 -55.9406 -86.776 -31.7006 -33.1393 -31.6842 0.0 0.0 0.0 7.1250 0.0 -0.0 0.0023 -5.98 0.0025
-9.1572 17.0230 -1.1962 -6.4157 -8.5322 -347.2620 0.0000 0.0000 0.0000 -12.6514 -10.6982 -38.9247 1.6856 8.1779 23.2557 0.8544 0.3394 -17.5964 0.7376 -5.4867 -15.3021 0.0000 0.0000 0.0000 23.1200 -4.0740 15.7631 -0.8872 -6.0041 16.7963 -0.1042 -20.7015 15.3965 -0.1619 2.5922 -7.1454 6.4845 4.2090 -2.2320 1.8466 5.4725 -1.1912 -1.5496 2.7190 0.4421 -10.7649 -4.3377 -24.9463 8.1874 -4.5436 27.7408 4.2673 -1.9603 14.1154 -0.0000 -0.0000 0.0000 32.5541 46.2242 -69.8553 115.6999 -57.351 82.0588 36.5939 6.1895 -42.7112 0.0 0.0 0.0 -7.1250 0.0 0.0 -2.0925 78.9586 1.6531 -0.0000 -0.0000 0.0000 -21.7904 11.7104 60.4953 -122.1725 -55.7027 -87.4602 -31.3995 -32.3371 -30.2269 0.0 0.0 0.0 7.1250 0.0 -0.0 -0.1296 -4.3378 -0.139
-9.1499 17.0143 -0.7783 -6.5289 -8.1031 -347.2830 0.0000 0.0000 0.0000 -13.0711 -10.1436 -38.7055 1.5912 7.9570 22.5835 0.8189 -0.0794 -17.0794 0.7889 -5.6699 -15.8296 0.0000 0.0000 0.0000 23.2169 -4.7019 14.4929 -1.2059 -6.9668 19.6169 -0.2642 -19.6400 15.9547 -0.4479 4.2939 -11.9051 6.6731 4.1295 -2.8955 1.7921 5.3010 -1.1403 -1.6611 2.6450 0.8744 -10.6818 -4.2395 -25.1428 8.3272 -4.4637 27.8126 4.3311 -1.8944 14.1788 0.0000 0.0000 0.0000 32.8024 46.2315 -70.0979 115.9281 -57.3008 82.2509 36.2868 2.8704 -38.5651 0.0 0.0 0.0 -7.1250 0.0 0.0 2.5802 74.6533 -1.8056 0.0000 0.0000 0.0000 -21.599 12.3883 60.7988 -123.7916 -55.2119 -88.7939 -30.0904 -31.7286 -31.35 0.0 0.0 0.0 7.1250 0.0 -0.0 0.8322 -5.166 0.9039
-9.1578 16.9742 -0.4138 -6.9430 -8.1127 -347.2890 0.0000 0.0000 0.0000 -12.9313 -9.5856 -38.7825 1.5754 7.9191 22.4686 0.9158 -0.7960 -17.8367 0.4064 -4.0926 -11.3372 0.0000 0.0000 0.0000 23.9430 -4.1625 14.0229 -1.5841 -7.9399 22.5317 0.2611 -21.2893 12.8749 -0.0394 1.2812 -3.5228 6.7740 4.1557 -3.0152 1.8804 5.3228 -1.1648 -1.6165 2.6563 0.9181 -10.5970 -4.2031 -25.0672 8.4064 -4.4749 27.6835 4.3418 -1.8785 14.1081 -0.0000 -0.0000 0.0000 32.8221 46.0069 -69.7988 116.2256 -57.2346 82.5012 34.4188 1.5563 -37.8462 0.0 0.0 0.0 -7.1250 0.0 0.0 -0.1318 73.265 0.0883 -0.0000 -0.0000 0.0000 -21.5169 12.2693 61.4792 -123.8898 -55.181 -88.8746 -30.4937 -32.5862 -32.52 0.0 0.0 0.0 7.1250 0.0 -0.0 0.8468 -6.5145 0.9375
-9.1589 16.9749 -0.0229 -6.8500 -8.1364 -347.7790 0.0000 0.0000 0.0000 -13.4065 -9.2417 -38.0050 1.5957 7.9676 22.6158 0.8057 -0.8862 -16.6845 0.3343 -3.7158 -10.2785 0.0000 0.0000 0.0000 24.0082 -4.1007 12.7864 -2.0162 -8.8998 25.4823 -0.0582 -20.5319 14.9208 -0.3854 3.9867 -11.0394 6.5055 4.0987 -2.8230 1.8045 5.2696 -1.1035 -1.5627 2.6299 0.8536 -10.4426 -4.1432 -24.9477 8.4849 -4.4903 27.6350 4.3426 -1.8589 14.0615 -0.0000 -0.0000 0.0000 32.9877 45.9341 -69.5509 116.8819 -57.0851 83.0526 32.5816 0.6459 -37.4954 0.0 0.0 0.0 -7.1250 0.0 0.0 -2.8551 72.2797 1.8511 -0.0000 -0.0000 0.0000 -21.2262 12.5276 62.0594 -124.6247 -54.946 -89.477 -31.3031 -33.0579 -32.566 0.0 0.0 0.0 7.1250 0.0 -0.0 0.4104 -6.7977 0.4561
-9.1493 16.9106 0.3593 -6.3046 -7.3847 -349.0580 0.0000 0.0000 0.0000 -14.4414 -9.4555 -36.4687 1.6600 8.1187 23.0752 0.7091 -1.5077 -15.4672 0.2873 -3.4468 -9.5252 0.0000 0.0000 0.0000 23.6194 -5.1604 12.7672 -2.5337 -9.8989 28.6499 0.2098 -20.8475 12.9526 -0.2648 3.3106 -9.1448 6.2509 3.7594 -2.0898 1.5686 4.8701 -0.7440 -1.7223 2.4363 0.7846 -10.3298 -4.1135 -25.3177 8.6434 -4.5182 27.8128 4.3935 -1.8313 14.2206 0.0000 0.0000 0.0000 33.1505 45.4614 -69.3199 117.3647 -56.9722 83.4577 30.7964 1.8246 -43.2886 0.0 0.0 0.0 -7.1250 0.0 0.0 -14.6464 77.2581 11.0987 0.0000 0.0000 0.0000 -20.8984 12.7449 62.6142 -125.0085 -54.8205 -89.791 -32.5994 -33.1812 -31.5147 0.0 0.0 0.0 7.1250 0.0 -0.0 -0.5334 -6.0666 -0.5868
-9.1290 16.7893 0.7315 -5.2569 -5.4700 -351.4740 0.0000 0.0000 0.0000 -16.2706 -10.2114 -33.6225 1.7325 8.2851 23.5834 0.5889 -2.4453 -13.8661 0.2891 -3.4577 -9.5558 0.0000 0.0000 0.0000 22.7128 -7.8474 13.9891 -3.1271 -10.8980 31.9367 0.7067 -21.3517 8.7811 -0.0024 0.3147 -0.8646 5.8295 2.9725 -0.3772 1.3187 3.9343 -0.1125 -1.8622 1.9717 0.3943 -10.3844 -4.1121 -25.5942 8.8082 -4.5293 27.9859 4.4795 -1.8154 14.3624 0.0000 0.0000 0.0000 33.0799 44.7961 -69.1504 117.3934 -56.9654 83.4817 30.965 -0.4406 -37.3573 0.0 0.0 0.0 -7.1250 0.0 0.0 -5.2512 71.5961 3.3275 0.0000 0.0000 0.0000 -20.7729 13.1483 63.0188 -125.6394 -54.6096 -90.306 -32.0728 -32.8077 -31.357 0.0 0.0 0.0 7.1250 0.0 -0.0 -0.2742 -5.741 -0.3003
-9.1291 16.7054 1.0932 -5.1671 -5.2456 -352.0050 0.0000 0.0000 0.0000 -16.6504 -10.1367 -32.9146 1.8405 8.5257 24.3224 0.4611 -2.9126 -12.1582 0.3192 -3.6317 -10.0428 0.0000 0.0000 0.0000 22.7180 -8.1959 13.1448 -3.8052 -11.8965 35.3668 0.9487 -21.6616 6.5040 -0.0565 -1.5345 4.2207 5.6587 2.8917 0.1271 1.2595 3.8649 -0.1200 -1.8588 1.9295 0.0917 -10.4353 -4.0684 -25.4439 8.9926 -4.5206 27.9469 4.5655 -1.7938 14.3196 -0.0000 -0.0000 0.0000 33.0663 44.2521 -69.1099 117.3883 -56.9666 83.4774 31.5729 -0.4098 -36.4554 0.0 0.0 0.0 -7.1250 0.0 0.0 -3.4616 70.8815 2.1377 -0.0000 -0.0000 0.0000 -20.6265 13.665 63.2854 -126.2313 -54.4069 -90.7879 -31.604 -33.6282 -33.6581 0.0 0.0 0.0 7.1250 0.0 -0.0 0.4854 -8.0377 0.5485
-9.1319 16.6218 1.4614 -4.9494 -5.1133 -352.6920 0.0000 0.0000 0.0000 -17.0973 -10.1286 -31.9169 1.9714 8.8062 25.1908 0.3106 -3.3671 -9.9076 0.2833 -3.4230 -9.4587 0.0000 0.0000 0.0000 22.6545 -8.2000 12.0243 -4.5817 -12.8966 38.9826 1.0323 -21.4856 5.2241 -0.0183 -0.8737 2.4014 5.3246 2.7923 0.6731 1.1602 3.7658 -0.0269 -1.8041 1.8765 -0.1404 -10.3559 -4.0142 -25.4928 9.0854 -4.5039 27.9747 4.5960 -1.7640 14.3403 -0.0000 -0.0000 0.0000 33.0241 43.5962 -68.895 117.4606 -56.9495 83.538 31.8654 2.3674 -42.5535 0.0 0.0 0.0 -7.1250 0.0 0.0 -11.2283 76.9925 8.4329 -0.0000 -0.0000 0.0000 -20.4579 14.0533 63.6152 -126.5492 -54.2959 -91.0462 -32.4877 -33.1702 -31.9537 0.0 0.0 0.0 7.1250 0.0 -0.0 -0.3760 -6.5013 -0.4162
-9.1325 16.5316 1.8410 -4.1904 -5.0446 -353.4090 0.0000 0.0000 0.0000 -18.2080 -10.1402 -31.0636 2.1732 9.2178 26.4792 0.1678 -3.1959 -7.2934 0.0995 -2.0341 -5.5998 0.0000 0.0000 0.0000 21.7570 -8.2229 10.6081 -5.4775 -13.9021 42.8469 0.9731 -20.6313 4.6825 -0.0115 0.6925 -1.9030 4.3892 2.6765 0.9587 0.9819 3.6124 0.2129 -1.4767 1.8051 -0.1107 -10.3134 -4.0169 -25.7976 9.0806 -4.4988 28.0824 4.5947 -1.7532 14.4498 0.0000 0.0000 0.0000 32.5949 42.7289 -68.3777 117.3126 -56.9845 83.4139 31.5274 1.6 -41.3 0.0 0.0 0.0 -7.1250 0.0 0.0 -9.5175 75.6777 6.8806 0.0000 0.0000 0.0000 -20.4838 14.3139 63.9958 -126.8465 -54.1908 -91.2875 -32.5706 -33.1215 -31.7779 0.0 0.0 0.0 7.1250 0.0 -0.0 -0.4602 -6.3389 -0.5083
-9.1246 16.4478 2.2256 -3.3043 -4.7647 -353.8510 0.0000 0.0000 0.0000 -19.6418 -10.0887 -30.7804 2.4826 9.8061 28.3512 0.0627 -1.4517 -4.4457 0.0016 0.2549 0.7003 0.0000 0.0000 0.0000 20.5967 -8.5319 8.9520 -6.4152 -14.8190 46.6261 0.8632 -19.2759 4.1029 -0.0304 1.1249 -3.0926 3.5130 2.5270 0.8502 0.7147 3.3930 0.4607 -1.2505 1.7029 0.1569 -10.3175 -4.0329 -26.0053 9.1069 -4.5036 28.0259 4.6043 -1.7472 14.4704 0.0000 0.0000 0.0000 32.0805 41.6345 -67.7683 117.0291 -57.051 83.1761 31.3962 1.4587 -40.9235 0.0 0.0 0.0 -7.1250 0.0 0.0 -9.1235 75.2678 6.5155 0.0000 0.0000 0.0000 -20.4183 14.3214 64.1916 -126.8523 -54.1887 -91.2922 -32.4952 -33.416 -32.1581 0.0 0.0 0.0 7.1250 0.0 -0.0 -0.3353 -6.7212 -0.3722
-9.1186 16.3688 2.5992 -2.7899 -4.5752 -354.1080 0.0000 0.0000 0.0000 -20.6231 -9.8562 -30.7717 2.9126 10.5523 30.7843 0.0414 -2.6597 -3.8049 0.0387 1.2690 3.4894 0.0000 0.0000 0.0000 20.0422 -8.5376 7.3275 -7.3889 -15.6508 50.3304 0.8340 -18.1158 2.5634 -0.0021 -0.2966 0.8148 2.9690 2.4400 0.7814 0.5426 3.2666 0.6516 -1.1151 1.6436 0.3646 -10.2268 -3.9612 -26.2570 9.0227 -4.3726 27.8871 4.5742 -1.6863 14.4399 -0.0000 0.0000 0.0000 31.5201 40.3153 -67.1818 116.5408 -57.1634 82.7662 31.3267 1.0732 -40.1769 0.0 0.0 0.0 -7.1250 0.0 0.0 -8.1056 74.5192 5.6569 -0.0000 0.0000 0.0000 -20.2696 14.2222 64.303 -126.4919 -54.316 -90.9997 -32.5887 -33.8236 -32.6971 0.0 0.0 0.0 7.1250 0.0 -0.0 -0.2670 -7.3225 -0.2988
-9.1165 16.2780 2.9620 -2.4758 -4.2862 -354.3060 0.0000 0.0000 0.0000 -21.2621 -9.6936 -30.8972 3.4393 11.3743 33.5529 0.0404 -4.0872 -4.2845 0.0373 1.2466 3.4277 0.0000 0.0000 0.0000 19.8931 -8.3766 5.4344 -8.4398 -16.4334 54.1319 0.8552 -17.6199 1.1025 -0.0664 -1.6630 4.5752 2.5122 2.3378 1.0941 0.4860 3.1385 0.6369 -0.9339 1.5754 0.1476 -10.2264 -3.9268 -26.5727 8.9986 -4.2779 27.8574 4.5838 -1.6426 14.4801 -0.0000 0.0000 0.0000 30.8528 38.9455 -66.6978 115.7823 -57.3329 82.1282 31.9166 0.9523 -39.8155 0.0 0.0 0.0 -7.1250 0.0 0.0 -6.6200 74.3761 4.5974 -0.0000 0.0000 0.0000 -20.2098 14.4781 64.4054 -126.1293 -54.4421 -90.7049 -32.9562 -34.2991 -32.5626 0.0 0.0 0.0 7.1250 0.0 -0.0 -0.4987 -7.2928 -0.558
-9.1146 16.1717 3.3182 -1.7869 -3.5806 -354.6080 0.0000 0.0000 0.0000 -22.2698 -10.0098 -30.7799 3.9587 12.1052 36.1051 0.0448 -5.4253 -5.0481 0.0436 1.3480 3.7070 0.0000 0.0000 0.0000 19.3940 -8.5266 3.2715 -9.5618 -17.1560 58.0136 0.8570 -17.1853 -0.0326 -0.0434 -1.3444 3.6970 1.7420 2.0637 1.6233 0.3177 2.7794 0.5186 -0.6995 1.3897 -0.3108 -10.2584 -3.8736 -26.4972 9.1433 -4.2290 27.6136 4.6484 -1.6030 14.3561 0.0000 -0.0000 0.0000 30.0935 37.6428 -66.2092 114.8175 -57.5398 81.315 32.639 1.5503 -41.1721 0.0 0.0 0.0 -7.1250 0.0 0.0 -7.3744 75.9652 5.372 0.0000 -0.0000 0.0000 -20.1301 14.9126 64.4793 -125.6841 -54.5945 -90.3424 -32.7275 -34.2141 -32.3319 0.0 0.0 0.0 7.1250 0.0 -0.0 -0.4248 -6.977 -0.4732
-9.1153 16.0786 3.6643 -0.6718 -4.1581 -355.0010 0.0000 0.0000 0.0000 -23.7260 -9.6036 -30.3561 4.3722 12.6399 38.0349 0.0632 -6.7115 -6.1361 0.0992 2.0309 5.5911 0.0000 0.0000 0.0000 18.1710 -7.4213 0.9950 -10.7867 -17.8291 62.0868 0.8204 -16.5684 -0.7961 -0.0027 -0.3366 0.9248 0.2839 2.1378 2.0739 0.0477 2.8552 0.5682 -0.1818 1.4267 -0.5679 -10.0297 -3.6279 -26.2348 9.0972 -3.9533 27.1405 4.6194 -1.4655 14.0533 0.0000 0.0000 0.0000 28.8924 36.1158 -65.3354 113.4408 -57.8184 80.1517 33.0397 2.293 -43.4252 0.0 0.0 0.0 -7.1250 0.0 0.0 -10.9299 78.2613 8.4943 0.0000 0.0000 0.0000 -20.0169 15.1163 64.4551 -124.9015 -54.8557 -89.7035 -32.3199 -34.0789 -32.7523 0.0 0.0 0.0 7.1250 0.0 -0.0 -0.1074 -7.2989 -0.1201
-9.1129 16.0010 4.0302 1.1665 -4.4074 -355.4240 0.0000 0.0000 0.0000 -26.0778 -9.4223 -29.1673 4.6481 12.9762 39.2794 0.0984 -8.0424 -7.4868 0.1384 2.3973 6.6050 0.0000 0.0000 0.0000 15.9621 -6.7832 -1.2829 -11.9870 -18.3851 65.9476 0.7323 -15.4401 -1.5989 -0.0010 0.2012 -0.5529 -1.8809 2.0525 2.0980 -0.3686 2.6953 0.7876 0.6080 1.3457 -0.4369 -9.7109 -3.3616 -26.3126 8.8775 -3.6086 26.9035 4.5295 -1.3092 13.9109 0.0000 -0.0000 0.0000 27.3897 34.2273 -64.2101 111.6741 -58.1484 78.6537 35.1238 3.9939 -44.1861 0.0 0.0 0.0 -7.1250 0.0 0.0 -8.5079 79.7988 6.8734 0.0000 -0.0000 0.0000 -19.8778 15.2465 64.2833 -123.7640 -55.2206 -88.7712 -31.8568 -33.8182 -32.973 0.0 0.0 0.0 7.1250 0.0 -0.0 0.1951 -7.3922 0.2186
-9.1057 15.9304 4.3974 2.8195 -4.4630 -355.5730 0.0000 0.0000 0.0000 -28.2762 -9.3130 -27.8799 4.8248 13.1837 40.0601 0.1359 -9.2601 -8.7020 0.1793 2.7275 7.5210 0.0000 0.0000 0.0000 13.9622 -6.2314 -3.7751 -13.1182 -18.8244 69.4923 0.6127 -13.9014 -2.6848 -0.0108 0.6699 -1.8409 -3.7004 1.9103 1.8224 -0.7842 2.4839 0.9431 1.2164 1.2324 -0.1757 -9.4581 -3.1362 -26.6198 8.6704 -3.2907 26.8890 4.4638 -1.1685 13.9184 -0.0000 0.0000 0.0000 25.9424 32.0586 -63.1934 109.7459 -58.4742 77.0128 37.7229 6.4495 -45.0513 0.0 0.0 0.0 -7.1250 0.0 0.0 -4.5005 81.6628 3.8012 -0.0000 0.0000 0.0000 -19.6774 15.5787 64.045 -122.5070 -55.604 -87.7364 -31.2715 -32.9283 -32.3239 0.0 0.0 0.0 7.1250 0.0 -0.0 0.3760 -6.5326 0.4163
-9.0969 15.8769 4.7459 3.2969 -4.8022 -355.4760 0.0000 0.0000 0.0000 -29.1314 -8.9000 -26.9319 4.9526 13.3303 40.6177 0.1564 -10.3394 -9.5451 0.3069 3.5619 9.8473 0.0000 0.0000 0.0000 13.6159 -4.9202 -6.5447 -14.1431 -19.1569 72.6409 0.5274 -12.7685 -3.8382 -0.0643 1.6362 -4.5012 -4.2886 1.9044 1.5161 -0.9052 2.4872 1.0728 1.4339 1.2253 0.1100 -9.1040 -2.9483 -27.0428 8.2549 -2.9970 26.9460 4.2942 -1.0567 13.9786 -0.0000 0.0000 0.0000 24.5092 29.5163 -62.3124 107.6101 -58.7952 75.1891 38.2393 8.5062 -49.2896 0.0 0.0 0.0 -7.1250 0.0 0.0 -24.9006 85.5279 22.9516 -0.0000 0.0000 0.0000 -19.2621 15.3042 63.7389 -120.1070 -56.2814 -85.7479 -30.4371 -32.2202 -31.5683 0.0 0.0 0.0 7.1250 0.0 -0.0 0.6822 -5.4938 0.7445
-9.0895 15.8478 5.0839 3.0804 -5.4742 -355.3280 0.0000 0.0000 0.0000 -29.1794 -8.0978 -26.1425 5.0474 13.4370 41.0272 0.1765 -11.4029 -10.3609 0.5189 4.6168 12.8188 0.0000 0.0000 0.0000 14.2481 -2.9865 -9.5071 -15.0588 -19.4043 75.4138 0.5025 -12.4442 -4.5106 -0.1801 2.7339 -7.5387 -4.1793 2.0577 1.4972 -0.8822 2.6935 1.0712 1.3933 1.3288 0.1111 -8.8395 -2.8690 -27.1894 8.0033 -2.8996 26.9084 4.1631 -1.0197 13.9714 0.0000 0.0000 0.0000 23.3682 26.9901 -61.817 105.3005 -59.0967 73.2104 40.1682 11.8418 -53.4766 0.0 0.0 0.0 -7.1250 0.0 0.0 -97.7991 -87.2507 -100.5349 0.0000 0.0000 0.0000 -18.8227 15.2152 63.1946 -117.4657 -56.9483 -83.5423 -28.8832 -31.4098 -30.8257 0.0 0.0 0.0 7.1250 0.0 -0.0 1.4100 -4.2854 1.5119
-9.0860 15.8310 5.4267 2.8662 -6.8398 -355.0880 0.0000 0.0000 0.0000 -29.2240 -6.7123 -25.5559 5.1082 13.5046 41.2879 0.2113 -12.5347 -11.3698 0.7266 5.4466 15.1868 0.0000 0.0000 0.0000 14.8420 -0.2658 -12.6049 -15.8914 -19.5904 77.9081 0.5218 -12.6774 -4.4330 -0.3115 3.5879 -9.9202 -4.1280 2.4303 1.4285 -0.9359 3.1870 0.8524 1.2966 1.5822 -0.0964 -8.7662 -2.7547 -27.0470 8.1565 -2.8353 26.9843 4.2286 -0.9652 13.9691 0.0000 0.0000 0.0000 22.5812 24.7149 -61.8874 103.1941 -59.3319 71.4008 43.5779 14.7024 -54.0997 0.0 0.0 0.0 -7.1250 0.0 0.0 -140.5396 -87.0734 -142.4368 0.0000 0.0000 0.0000 -18.2831 15.7314 62.5292 -115.2002 -57.4589 -81.6379 -27.4747 -29.7714 -29.4799 0.0 0.0 0.0 7.1250 0.0 -0.0 1.9720 -2.5073 2.0575
-9.0702 15.7989 5.7701 3.2855 -7.2928 -355.2560 0.0000 0.0000 0.0000 -30.0769 -5.8228 -24.1148 5.1052 13.5013 41.2754 0.2279 -13.6358 -12.1425 0.8616 5.9189 16.5493 0.0000 0.0000 0.0000 14.5743 1.3000 -14.9441 -16.5579 -19.7135 79.8896 0.4727 -12.0857 -4.9710 -0.2194 3.0154 -8.3218 -4.3363 2.4664 1.5179 -1.1855 3.2252 0.8078 1.1505 1.6032 -0.1912 -8.5990 -2.5109 -27.1575 8.1999 -2.5803 27.3717 4.2865 -0.8338 14.1271 0.0000 0.0000 0.0000 21.7547 22.3736 -61.8614 100.9980 -59.538 69.5097 44.1648 14.537 -54.0753 0.0 0.0 0.0 -7.1250 0.0 0.0 -146.1266 -87.0138 -147.8272 0.0000 0.0000 0.0000 -17.7206 16.4976 61.8114 -113.3773 -57.8308 -80.0979 -26.871 -27.8278 -28.06 0.0 0.0 0.0 7.1250 0.0 -0.0 2.0885 -0.8636 2.1211
-9.0662 15.7613 6.0845 3.9158 -7.4698 -355.1280 0.0000 0.0000 0.0000 -31.0715 -5.1513 -22.9404 5.0528 13.4430 41.0501 0.2075 -14.6911 -12.5225 0.9059 6.0653 16.9739 0.0000 0.0000 0.0000 14.1166 2.8024 -17.5361 -17.1320 -19.8016 81.5879 0.2787 -10.1525 -8.0515 -0.4562 4.3331 -12.0157 -4.9083 2.3671 1.4470 -1.4633 3.0860 0.7412 1.1883 1.5340 -0.2270 -8.2754 -2.2228 -27.3187 8.1226 -2.2818 27.6761 4.2733 -0.6825 14.2522 -0.0000 -0.0000 0.0000 20.7877 20.0918 -61.2171 99.7155 -59.6403 68.4037 40.4103 12.1135 -56.0414 0.0 0.0 0.0 -7.1250 0.0 0.0 -126.0364 -85.4961 -129.7689 -0.0000 -0.0000 0.0000 -17.1643 16.9491 61.1477 -111.1702 -58.2369 -78.2254 -27.196 -26.9695 -27.6631 0.0 0.0 0.0 7.1250 0.0 -0.0 1.8347 -0.5191 1.8522
-9.0689 15.7381 6.4158 3.9005 -8.5802 -355.0480 0.0000 0.0000 0.0000 -31.4017 -3.5414 -21.7500 4.8973 13.2672 40.3771 0.1892 -15.6646 -12.9119 1.0173 6.4169 17.9991 0.0000 0.0000 0.0000 14.4869 5.3709 -19.8710 -17.5174 -19.8516 82.7240 0.1540 -9.2451 -9.8877 -0.5937 4.9331 -13.7179 -5.1335 2.5160 1.2622 -1.4926 3.2888 0.6260 1.2835 1.6373 -0.2642 -7.9940 -1.9387 -27.1849 8.0571 -1.9982 27.9572 4.2642 -0.5449 14.3105 0.0000 -0.0000 0.0000 19.6775 18.3471 -60.3167 99.4534 -59.6596 68.1775 44.7622 13.787 -47.1812 0.0 0.0 0.0 -7.1250 0.0 0.0 22.4623 86.3706 -21.0354 0.0000 -0.0000 0.0000 -16.8397 17.3804 60.8996 -108.4797 -58.6695 -75.9324 -27.8976 -27.3221 -28.4695 0.0 0.0 0.0 7.1250 0.0 -0.0 1.5560 -1.5421 1.5979
-9.0275 15.7172 6.7575 3.7402 -6.2512 -355.0540 0.0000 0.0000 0.0000 -31.6206 -4.8967 -19.1074 4.7080 13.0472 39.5454 0.1422 -16.0596 -12.7012 1.3132 7.2586 20.4839 0.0000 0.0000 0.0000 14.8935 4.1582 -22.1046 -17.6116 -19.8627 83.0016 0.0044 -8.1245 -11.4941 -0.5668 4.8219 -13.4014 -4.3249 1.4733 1.4516 -1.4227 1.8950 0.5011 0.9274 0.9466 -0.3912 -7.9757 -1.6487 -26.8146 8.1594 -1.6656 28.2865 4.3788 -0.3954 14.3409 -0.0000 -0.0000 0.0000 18.4624 17.0729 -59.5411 99.9422 -59.6232 68.5993 43.8906 15.9213 -53.6462 0.0 0.0 0.0 -7.1250 0.0 0.0 -141.9032 -87.454 -143.5018 -0.0000 -0.0000 0.0000 -16.8573 18.2137 60.9797 -107.4222 -58.8214 -75.0284 -29.2183 -27.6256 -28.754 0.0 0.0 0.0 7.1250 0.0 -0.0 0.8390 -2.1749 0.8703
-9.0227 15.7789 7.1281 3.6204 -6.1781 -354.5720 0.0000 0.0000 0.0000 -31.7604 -4.3463 -17.5097 4.5142 12.8149 38.6793 0.0905 -16.7342 -12.6399 1.5684 7.9024 22.4181 0.0000 0.0000 0.0000 15.2095 6.2062 -26.4216 -17.5915 -19.8604 82.9424 0.2138 -10.0275 -9.8781 -1.5487 7.8550 -22.2746 -4.3158 1.2023 0.9549 -1.3425 1.5567 0.3098 1.0205 0.7785 -0.2950 -7.9485 -1.3251 -26.7090 8.3465 -1.2914 28.5534 4.5368 -0.2101 14.3947 0.0000 -0.0000 0.0000 17.4488 15.6744 -59.1796 101.0378 -59.5346 69.5441 42.4773 10.8828 -45.0773 0.0 0.0 0.0 -7.1250 0.0 0.0 11.6661 83.5172 -10.285 0.0000 -0.0000 0.0000 -16.8289 18.99 60.8205 -107.2527 -58.8449 -74.8833 -29.7269 -28.1772 -29.4035 0.0 0.0 0.0 7.1250 0.0 -0.0 0.6640 -3.0 0.6979
-9.0178 15.7709 7.4593 3.8583 -6.0034 -355.1460 0.0000 0.0000 0.0000 -32.2479 -3.3415 -15.4172 4.4329 12.7153 38.3117 0.0318 -17.4467 -12.5650 1.6580 8.1141 23.0612 0.0000 0.0000 0.0000 15.5693 6.6117 -27.6115 -17.5027 -19.8498 82.6808 0.2150 -10.4589 -10.7661 -2.4772 9.7963 -28.3196 -4.5556 0.9687 1.4647 -1.3702 1.2212 0.5568 1.1245 0.6078 -0.3148 -7.6350 -1.0274 -27.2643 8.1580 -0.9083 28.9908 4.5117 -0.0381 14.6590 0.0000 0.0000 0.0000 16.682 13.9445 -59.2025 102.4256 -59.4085 70.7395 41.7837 8.5332 -42.8664 0.0 0.0 0.0 -7.1250 0.0 0.0 11.7680 81.03 -9.8048 0.0000 0.0000 0.0000 -16.7368 19.3479 60.4239 -107.6459 -58.7901 -75.2197 -29.3352 -28.9318 -29.8106 0.0 0.0 0.0 7.1250 0.0 -0.0 0.9636 -3.3301 1.0181
-9.0084 15.6889 7.7770 3.8985 -6.0938 -354.8070 0.0000 0.0000 0.0000 -32.5331 -2.8471 -14.5702 4.4088 12.6854 38.2018 0.0085 -17.7069 -12.5287 1.5513 7.8611 22.2931 0.0000 0.0000 0.0000 16.3130 6.7693 -28.2040 -17.5254 -19.8525 82.7478 0.0964 -10.5867 -13.4784 -3.2695 11.1190 -32.6823 -4.6799 0.6996 0.7165 -1.2910 0.9083 0.5725 1.2914 0.4424 0.1345 -7.2193 -0.6673 -27.5167 7.7206 -0.4107 29.2853 4.3723 0.1544 14.7869 0.0000 -0.0000 0.0000 15.9669 12.2802 -59.2394 103.7076 -59.278 71.8424 41.3429 8.3565 -44.8234 0.0 0.0 0.0 -7.1250 0.0 0.0 7.5624 82.854 -6.5662 0.0000 -0.0000 0.0000 -16.926 19.6708 60.3834 -108.4571 -58.6728 -75.9131 -29.48 -30.028 -29.7011 0.0 0.0 0.0 7.1250 0.0 -0.0 0.8606 -3.2518 0.9082
-9.0058 15.6119 8.0729 3.7654 -5.6453 -354.8840 0.0000 0.0000 0.0000 -32.5454 -2.3850 -13.1274 4.3305 12.5876 37.8439 -0.0511 -17.6224 -11.9015 1.4361 7.5767 21.4357 0.0000 0.0000 0.0000 17.2871 6.6400 -28.2512 -17.3678 -19.8331 82.2835 -0.1351 -10.2105 -16.5157 -2.9223 10.5683 -30.8372 -4.6016 0.3127 0.7876 -1.1517 0.3862 0.4943 1.3937 0.1846 0.0435 -7.1025 -0.3005 -27.1898 7.7102 0.0505 29.3353 4.4324 0.3585 14.6904 0.0000 -0.0000 0.0000 15.5166 10.9149 -59.5446 104.7596 -59.1606 72.7462 39.9664 7.3657 -45.9404 0.0 0.0 0.0 -7.1250 0.0 0.0 -0.2013 83.4167 0.1769 0.0000 -0.0000 0.0000 -17.1445 20.4892 60.5754 -109.2995 -58.5447 -76.6322 -30.726 -31.4959 -29.6037 0.0 0.0 0.0 7.1250 0.0 -0.0 0.1303 -3.4828 0.138
-9.0033 15.6327 8.4240 3.8368 -5.2269 -354.8900 0.0000 0.0000 0.0000 -32.7126 -1.8232 -11.3659 4.1941 12.4143 37.2140 -0.1574 -17.5171 -10.7604 1.4505 7.6131 21.5450 0.0000 0.0000 0.0000 17.3166 7.8990 -29.4723 -16.8952 -19.7673 80.8882 -0.5255 -7.8064 -18.7117 -1.2393 7.0593 -19.8911 -4.5617 -0.0059 0.8432 -1.1464 -0.0445 0.4006 1.3802 -0.0271 -0.0590 -7.0023 -0.0420 -27.4510 7.7483 0.3717 29.8154 4.5273 0.5055 14.9279 -0.0000 -0.0000 0.0000 15.3352 9.6798 -59.9513 105.9303 -59.0191 73.7506 36.8052 6.0955 -48.4261 0.0 0.0 0.0 -7.1250 0.0 0.0 -21.7466 84.2053 19.5005 -0.0000 -0.0000 0.0000 -17.1007 21.5974 60.308 -110.5022 -58.3506 -77.6571 -31.4059 -32.5429 -29.7236 0.0 0.0 0.0 7.1250 0.0 -0.0 -0.2337 -3.8 -0.2487
-9.0044 15.7831 8.8473 3.9530 -4.8870 -354.8620 0.0000 0.0000 0.0000 -32.8253 -0.9267 -9.0413 3.9043 12.0320 35.8452 -0.2695 -17.0727 -9.1690 1.4014 7.4886 21.1712 0.0000 0.0000 0.0000 16.2013 11.0785 -31.9520 -15.8305 -19.5780 77.7264 -0.6150 -5.9747 -18.1856 -0.1001 2.0406 -5.6179 -4.6426 -0.3659 0.8327 -1.1087 -0.5285 0.2745 1.4685 -0.2652 -0.1536 -6.4356 0.3977 -27.7745 7.1372 0.9786 30.4341 4.3308 0.7265 15.2247 0.0000 0.0000 0.0000 15.1757 8.8469 -60.2572 107.7425 -58.7765 75.3023 35.2943 4.9858 -48.4581 0.0 0.0 0.0 -7.1250 0.0 0.0 -25.2219 83.5242 22.3229 0.0000 0.0000 0.0000 -17.1691 22.6174 59.9807 -112.1166 -58.0686 -79.0293 -31.1655 -32.8464 -29.5141 0.0 0.0 0.0 7.1250 0.0 -0.0 -0.1379 -3.508 -0.1461
-9.0032 15.8334 9.2174 3.9259 -4.3850 -354.7850 0.0000 0.0000 0.0000 -32.7570 -0.1953 -7.1407 3.6293 11.6501 34.5051 -0.2482 -15.4821 -7.9608 0.7803 5.6397 15.7424 0.0000 0.0000 0.0000 16.2950 11.6160 -33.2312 -14.9863 -19.3863 75.1954 -0.6329 -5.8342 -18.2754 -0.0763 1.7825 -4.9048 -4.6122 -0.8188 0.6709 -1.0044 -1.1286 0.0783 1.5621 -0.5606 -0.2271 -5.9723 0.9264 -27.2020 6.6655 1.6753 30.4685 4.1715 1.0006 15.0589 -0.0000 -0.0000 0.0000 15.1202 8.3231 -60.7246 109.8136 -58.4634 77.0705 36.696 4.1487 -43.9518 0.0 0.0 0.0 -7.1250 0.0 0.0 -4.3572 80.2037 3.5532 -0.0000 -0.0000 0.0000 -17.5298 23.5163 60.0795 -113.2873 -57.8483 -80.0217 -31.2662 -33.4657 -29.7376 0.0 0.0 0.0 7.1250 0.0 -0.0 -0.1514 -3.776 -0.1611
-9.0124 15.8940 9.5808 4.1323 -3.8628 -354.5710 0.0000 0.0000 0.0000 -32.8079 0.4943 -5.5694 3.3647 11.2633 33.1731 -0.1857 -13.4204 -6.8982 0.1073 2.1123 5.8161 0.0000 0.0000 0.0000 16.1098 12.0639 -34.5866 -14.0584 -19.1317 72.3828 -0.6126 -5.6982 -17.9527 -0.0772 1.7919 -4.9310 -4.9192 -1.2667 0.2951 -0.9673 -1.7092 -0.0672 1.7668 -0.8504 -0.1204 -5.7448 1.2572 -26.8132 6.5023 2.0903 30.5650 4.1370 1.1745 14.9861 -0.0000 -0.0000 0.0000 15.2301 7.3979 -61.2712 111.3829 -58.1998 78.4062 37.2404 3.3822 -41.9286 0.0 0.0 0.0 -7.1250 0.0 0.0 0.6574 78.4258 -0.5122 -0.0000 -0.0000 0.0000 -17.8795 24.2626 60.1929 -114.2096 -57.6652 -80.8018 -31.6387 -34.4398 -30.6719 0.0 0.0 0.0 7.1250 0.0 -0.0 -0.1742 -4.8824 -0.1884
-9.0177 15.9646 9.9461 4.3169 -3.4472 -354.3330 0.0000 0.0000 0.0000 -32.7865 1.1698 -4.3454 3.2118 11.0303 32.3821 -0.1806 -11.8328 -5.4364 0.0025 0.3199 0.8788 0.0000 0.0000 0.0000 15.8506 12.5232 -35.8079 -13.0913 -18.8149 69.4088 -0.6378 -5.1034 -17.8023 -0.2353 3.1222 -8.6191 -5.2371 -1.6908 0.1565 -0.8781 -2.2730 -0.2500 2.0334 -1.1272 -0.1771 -5.5137 1.5624 -27.1068 6.2795 2.5225 31.1549 4.1285 1.3368 15.2907 0.0000 -0.0000 0.0000 15.3247 6.388 -61.6912 112.7295 -57.955 79.5492 36.0553 1.8381 -41.854 0.0 0.0 0.0 -7.1250 0.0 0.0 -1.8383 77.9085 1.4125 0.0000 -0.0000 0.0000 -18.2516 25.174 60.2295 -115.2002 -57.4589 -81.6379 -31.2578 -34.4569 -31.3239 0.0 0.0 0.0 7.1250 0.0 -0.0 0.1737 -5.468 0.1894
-9.0070 16.0326 10.3260 4.1583 -2.7902 -354.3970 0.0000 0.0000 0.0000 -32.3666 1.9264 -2.6584 3.0522 10.7791 31.5384 -0.1862 -10.0055 -3.2542 0.0193 0.8968 2.4650 0.0000 0.0000 0.0000 16.0283 12.2542 -36.2010 -11.9945 -18.3883 65.9714 -0.7167 -3.8394 -17.8396 -0.3649 3.8804 -10.7404 -4.9563 -2.2133 0.1293 -0.7671 -2.9685 -0.3127 1.9879 -1.4740 -0.1832 -5.1597 2.0193 -27.1306 6.0886 3.0998 31.5682 4.1235 1.5824 15.4495 0.0000 0.0000 0.0000 15.5529 5.6768 -61.9174 114.0959 -57.6883 80.7057 34.4119 -0.6795 -40.1071 0.0 0.0 0.0 -7.1250 0.0 0.0 -2.6171 75.5613 1.8821 0.0000 0.0000 0.0000 -18.5639 26.1991 60.2424 -116.3672 -57.2027 -82.6202 -31.2768 -33.5356 -31.1094 0.0 0.0 0.0 7.1250 0.0 -0.0 0.1188 -5.2453 0.1292
-9.0011 16.1137 10.7237 4.0056 -2.1378 -354.5140 0.0000 0.0000 0.0000 -31.8532 2.7606 -0.8559 2.8659 10.4747 30.5282 -0.1540 -7.2912 0.2840 0.1957 2.8490 7.8586 0.0000 0.0000 0.0000 16.2521 11.8569 -36.4706 -10.8443 -17.8581 62.2750 -0.7385 -2.9152 -17.5445 -0.4667 4.3818 -12.1533 -4.7790 -2.7697 -0.0542 -0.6621 -3.7021 -0.4233 1.9855 -1.8400 -0.1464 -4.6181 2.5732 -26.5846 5.7358 3.7693 31.8199 4.0061 1.8689 15.4141 0.0000 0.0000 0.0000 15.9259 5.2776 -62.1796 115.3142 -57.4345 81.7339 33.5377 -2.8777 -37.7148 0.0 0.0 0.0 -7.1250 0.0 0.0 -1.5016 72.8286 0.9914 0.0000 0.0000 0.0000 -19.2476 26.9213 60.9803 -116.4796 -57.1773 -82.7147 -32.44 -33.8199 -30.8726 0.0 0.0 0.0 7.1250 0.0 -0.0 -0.5821 -5.3315 -0.6337
-9.0077 16.1738 11.1259 4.3031 -1.8272 -354.4960 0.0000 0.0000 0.0000 -31.8057 3.7115 0.7149 2.6543 10.1131 29.3439 -0.1030 -5.7295 1.3033 0.0026 -0.3296 -0.9055 0.0000 0.0000 0.0000 15.9677 11.8931 -36.7201 -9.7096 -17.2433 58.5134 -0.7512 -1.9942 -17.2114 -0.5336 4.6807 -13.0001 -5.1940 -3.1257 -0.5264 -0.6420 -4.1517 -0.5695 2.2072 -2.0652 0.0292 -4.4140 2.9309 -25.9416 5.5665 4.2378 32.0470 3.9788 2.0591 15.3520 0.0000 0.0000 0.0000 16.3109 4.8763 -62.7108 116.4830 -57.1765 82.7176 33.3705 -4.3688 -35.4083 0.0 0.0 0.0 -7.1250 0.0 0.0 0.1438 70.3849 -0.0872 0.0000 0.0000 0.0000 -19.6861 28.1924 60.991 -117.6638 -56.901 -83.7083 -32.3809 -33.5454 -30.8592 0.0 0.0 0.0 7.1250 0.0 -0.0 -0.5518 -5.2997 -0.6004
-9.0202 16.2212 11.5353 5.0195 -1.7084 -354.3000 0.0000 0.0000 0.0000 -32.2130 4.6854 2.0647 2.4258 9.7017 28.0160 -0.0292 -3.5950 3.3656 0.1544 -2.5323 -6.9792 0.0000 0.0000 0.0000 15.1559 12.2061 -37.0950 -8.6467 -16.5749 54.8600 -0.7371 -1.2108 -16.7008 -0.6773 5.2623 -14.6583 -6.0778 -3.3618 -1.1653 -0.6967 -4.4250 -0.8131 2.6016 -2.1998 0.2179 -4.2313 3.1862 -25.4834 5.3080 4.6115 32.4393 3.9147 2.1884 15.4206 0.0000 0.0000 0.0000 16.6394 4.6104 -63.3423 117.6118 -56.9135 83.6647 33.4975 -5.2237 -32.9725 0.0 0.0 0.0 -7.1250 0.0 0.0 1.8411 67.8519 -1.0113 0.0000 0.0000 0.0000 -19.823 29.891 60.3589 -119.7524 -56.3756 -85.4528 -31.2082 -32.3937 -30.9761 0.0 0.0 0.0 7.1250 0.0 -0.0 0.1299 -5.0836 0.1409
-8.9540 16.2766 11.9080 5.4431 -0.1153 -354.6420 0.0000 0.0000 0.0000 -32.2885 5.0351 4.5857 2.1961 9.2632 26.6222 0.0796 -1.1420 5.8789 0.2558 -3.2542 -8.9873 0.0000 0.0000 0.0000 14.6158 9.5364 -37.1192 -7.6237 -15.8354 51.1957 -0.6774 0.8856 -15.2734 -0.8197 5.7769 -16.1383 -5.4215 -3.9866 -0.5600 -0.9239 -5.3105 -0.9340 2.0351 -2.6307 -0.2457 -3.8046 3.4774 -25.4087 4.8055 5.0438 32.8736 3.7339 2.3323 15.6136 -0.0000 -0.0000 0.0000 17.0742 4.199 -63.9788 118.7030 -56.6458 84.5776 33.5576 -5.711 -31.4171 0.0 0.0 0.0 -7.1250 0.0 0.0 2.6781 66.202 -1.3702 -0.0000 -0.0000 0.0000 -20.0517 31.2126 59.9982 -120.9730 -56.045 -86.4672 -30.7744 -32.0044 -31.109 0.0 0.0 0.0 7.1250 0.0 -0.0 0.4004 -5.1018 0.4344
-8.9386 16.3191 12.2877 6.4186 0.5421 -354.5220 0.0000 0.0000 0.0000 -32.9473 5.5355 6.2272 2.0024 8.8711 25.3928 0.1899 1.5295 7.8375 0.1957 -2.8490 -7.8586 0.0000 0.0000 0.0000 13.5046 8.6693 -37.4757 -6.6499 -15.0299 47.5376 -0.5286 1.9724 -13.1970 -0.8233 5.7893 -16.1743 -6.1303 -4.3827 -0.5152 -1.1176 -5.8498 -1.1342 2.2269 -2.8887 -0.3885 -3.7031 3.7542 -25.4490 4.6807 5.4655 33.2205 3.7664 2.4905 15.7693 -0.0000 0.0000 0.0000 17.5084 3.805 -64.5508 119.9039 -56.3355 85.5789 33.0884 -6.0589 -31.2564 0.0 0.0 0.0 -7.1250 0.0 0.0 2.0982 65.8899 -1.0582 -0.0000 0.0000 0.0000 -20.4876 31.8405 60.0009 -121.2114 -55.9784 -86.6649 -30.9692 -32.3998 -31.1421 0.0 0.0 0.0 7.1250 0.0 -0.0 0.2979 -5.1923 0.3236
-8.9557 16.3610 12.6966 7.1501 0.6122 -354.3470 0.0000 0.0000 0.0000 -33.2954 6.4092 7.5083 1.8507 8.5478 24.3909 0.2829 3.5735 9.4537 0.1887 -2.7975 -7.7155 0.0000 0.0000 0.0000 12.6897 9.2296 -37.3076 -5.6683 -14.0990 43.6355 -0.3904 1.8306 -11.3093 -0.7814 5.6437 -15.7540 -7.1359 -4.6037 -0.9826 -1.1406 -6.1057 -1.2372 2.7074 -3.0159 -0.1136 -3.7454 3.9832 -25.5628 4.7197 5.8237 33.6026 3.8870 2.6261 15.9519 -0.0000 -0.0000 0.0000 17.9768 3.4764 -65.1048 121.0963 -56.0107 86.5695 32.0277 -6.3608 -31.6162 0.0 0.0 0.0 -7.1250 0.0 0.0 0.4736 65.9632 -0.2396 -0.0000 -0.0000 0.0000 -21.0372 32.1774 60.2492 -121.2481 -55.9681 -86.6953 -31.5977 -33.7543 -31.3276 0.0 0.0 0.0 7.1250 0.0 -0.0 -0.0154 -5.5704 -0.0168
-8.9872 16.4216 13.1290 6.5737 0.4010 -354.0690 0.0000 0.0000 0.0000 -32.2318 7.4414 8.4271 1.7393 8.3005 23.6306 0.3373 5.6176 10.4664 0.1992 -2.8740 -7.9283 0.0000 0.0000 0.0000 13.1701 11.0565 -36.5704 -4.7048 -13.0434 39.5312 -0.2756 0.4632 -9.7618 -0.5593 4.7903 -13.3114 -7.0025 -4.6472 -1.9979 -0.8219 -6.0767 -1.2768 2.8730 -3.0180 0.4311 -3.5544 4.1533 -25.5818 4.4806 6.0939 33.9757 3.8284 2.7116 16.1412 -0.0000 -0.0000 0.0000 18.5841 3.199 -65.8008 122.2166 -55.6898 87.4966 31.4276 -6.1993 -31.7057 0.0 0.0 0.0 -7.1250 0.0 0.0 -0.3861 65.8821 0.1947 -0.0000 -0.0000 0.0000 -21.5261 32.7411 60.7432 -121.4649 -55.9068 -86.8749 -33.165 -36.777 -31.666 0.0 0.0 0.0 7.1250 0.0 -0.0 -0.8141 -6.4006 -0.8998
-9.0020 16.4811 13.5481 5.9731 0.4283 -353.7200 0.0000 0.0000 0.0000 -31.1499 8.3642 9.2680 1.6392 8.0702 22.9275 0.3229 7.9903 10.8026 0.1403 -2.4141 -6.6516 0.0000 0.0000 0.0000 13.4130 12.6554 -35.9414 -3.8465 -11.9533 35.5670 -0.1576 -1.2629 -8.0717 -0.3947 4.0342 -11.1728 -6.5617 -4.6806 -3.0177 -0.5736 -6.0488 -1.3161 2.8000 -3.0189 0.9396 -3.2876 4.3431 -25.5271 4.1877 6.3790 34.2656 3.7286 2.8083 16.2814 0.0000 -0.0000 0.0000 19.2532 2.7805 -66.5323 123.2145 -55.3907 88.3195 31.2599 -6.0044 -31.5579 0.0 0.0 0.0 -7.1250 0.0 0.0 -0.5340 65.6763 0.2666 0.0000 -0.0000 0.0000 -21.6504 33.5161 60.2206 -122.0322 -55.7436 -87.3443 -33.7685 -37.48 -31.8972 0.0 0.0 0.0 7.1250 0.0 -0.0 -1.0957 -6.836 -1.2185
-8.9929 16.5269 13.9522 6.2543 0.7906 -353.4780 0.0000 0.0000 0.0000 -31.0229 9.1841 10.2857 1.5539 7.8674 22.3121 0.2630 9.9715 10.7521 0.1268 -2.2957 -6.3235 0.0000 0.0000 0.0000 12.5979 13.1497 -35.6581 -3.1454 -10.9267 32.0331 -0.0496 -2.6389 -6.0135 -0.8032 5.7200 -15.9741 -6.6905 -4.8439 -3.7226 -0.5966 -6.2046 -1.3386 2.7742 -3.1067 1.3353 -3.1339 4.5844 -25.4072 4.0037 6.7469 34.4225 3.7001 2.9473 16.3267 -0.0000 -0.0000 0.0000 19.8286 2.3747 -67.1224 124.1515 -55.0982 89.0893 31.0073 -5.9476 -31.2473 0.0 0.0 0.0 -7.1250 0.0 0.0 -0.7093 65.2735 0.3476 -0.0000 -0.0000 0.0000 -21.6242 34.4097 59.4373 -122.9972 -55.4569 -88.1405 -33.2724 -37.4301 -32.0325 0.0 0.0 0.0 7.1250 0.0 -0.0 -0.7917 -6.8257 -0.8802
-8.9890 16.5577 14.3638 6.8964 0.9963 -353.3790 0.0000 0.0000 0.0000 -31.2251 10.3816 11.3003 1.4951 7.7239 21.8786 0.0796 12.6351 9.8805 0.0424 -1.3286 -3.6535 0.0000 0.0000 0.0000 11.4340 13.4710 -35.5350 -2.6253 -10.0622 29.1784 0.0220 -3.7518 -4.2157 -0.4922 4.4982 -12.4826 -7.3098 -5.0335 -4.0617 -0.6356 -6.4134 -1.5749 3.0372 -3.2059 1.3610 -2.9889 4.8409 -25.0590 3.7273 7.1752 34.6883 3.6409 3.0934 16.3770 -0.0000 -0.0000 0.0000 20.164 2.634 -67.5687 125.0070 -54.821 89.7897 30.6959 -5.7226 -30.9499 0.0 0.0 0.0 -7.1250 0.0 0.0 -0.9673 64.8684 0.4649 -0.0000 -0.0000 0.0000 -21.9933 35.4141 59.1997 -123.6978 -55.2412 -88.7169 -32.6003 -36.9925 -31.8269 0.0 0.0 0.0 7.1250 0.0 -0.0 -0.4660 -6.4002 -0.5151
-8.9892 16.5680 14.7827 7.3458 1.1344 -353.3500 0.0000 0.0000 0.0000 -31.0790 11.9420 12.1047 1.5009 7.7382 21.9216 -0.2786 15.5352 7.6143 0.0027 -0.3354 -0.9216 0.0000 0.0000 0.0000 10.7688 13.3883 -35.4852 -2.2504 -9.3692 26.9572 0.0552 -4.2897 -2.6564 -0.5970 4.9465 -13.7560 -7.7907 -5.2237 -4.4330 -0.6158 -6.6215 -1.7836 3.2778 -3.3060 1.4278 -2.8301 5.1220 -24.9232 3.5033 7.6292 35.0663 3.6238 3.2525 16.5330 -0.0000 -0.0000 0.0000 20.3751 3.0153 -67.8116 125.7005 -54.5889 90.3558 30.3635 -5.8053 -30.6145 0.0 0.0 0.0 -7.1250 0.0 0.0 -1.2306 64.4184 0.5786 -0.0000 -0.0000 0.0000 -22.5101 36.1026 59.3404 -124.0185 -55.1404 -88.9802 -32.2299 -36.699 -31.4307 0.0 0.0 0.0 7.1250 0.0 -0.0 -0.3460 -5.8662 -0.3796
-8.9839 16.5612 15.1896 7.5430 1.2172 -353.3260 0.0000 0.0000 0.0000 -30.7200 13.3555 12.3774 1.6319 8.0531 22.8755 -0.6527 17.4152 4.4828 0.0087 -0.6010 -1.6514 0.0000 0.0000 0.0000 10.6086 12.9876 -35.3677 -1.9423 -8.7448 25.0003 0.0645 -4.5019 -1.4867 -0.7230 5.4334 -15.1489 -7.8451 -5.2753 -5.0874 -0.6424 -6.6183 -1.6760 3.2110 -3.3217 1.9063 -2.7625 5.3918 -24.9952 3.4144 8.0513 35.1139 3.6644 3.4191 16.5609 0.0000 0.0000 0.0000 20.6817 2.8256 -68.1112 126.2873 -54.3874 90.8334 30.2593 -6.2907 -29.9199 0.0 0.0 0.0 -7.1250 0.0 0.0 -1.0280 63.651 0.4649 0.0000 0.0000 0.0000 -22.6788 35.8778 59.2705 -123.5346 -55.2921 -88.5827 -32.2972 -36.5884 -31.1031 0.0 0.0 0.0 7.1250 0.0 -0.0 -0.4534 -5.536 -0.495
-8.9768 16.5527 15.5693 7.6137 1.1719 -353.2810 0.0000 0.0000 0.0000 -30.4016 14.4290 11.9613 1.9036 8.6623 24.7447 -0.9502 18.4957 1.0595 0.0002 0.0884 0.2428 0.0000 0.0000 0.0000 10.4315 13.1072 -35.1337 -1.6647 -8.1296 23.1084 0.0961 -5.5756 -0.9985 -0.7713 5.6077 -15.6502 -7.6991 -5.1461 -5.5037 -0.7151 -6.4060 -1.5362 3.0309 -3.2285 2.2355 -2.5766 5.6101 -25.0469 3.1475 8.4034 34.9408 3.5809 3.5545 16.4973 -0.0000 -0.0000 0.0000 21.1324 2.3722 -68.6109 126.7119 -54.2385 91.1783 30.3975 -6.9869 -28.7573 0.0 0.0 0.0 -7.1250 0.0 0.0 -0.3425 62.4458 0.1452 -0.0000 -0.0000 0.0000 -22.5093 35.6262 58.7231 -122.9692 -55.4654 -88.1175 -32.4124 -36.2895 -30.9711 0.0 0.0 0.0 7.1250 0.0 -0.0 -0.5457 -5.4289 -0.595
-8.9724 16.5390 15.9321 7.5451 1.2106 -353.2070 0.0000 0.0000 0.0000 -29.9202 15.2453 11.1690 2.2923 9.4501 27.2138 -1.0758 18.4942 -2.3346 0.1115 2.1532 5.9292 0.0000 0.0000 0.0000 10.3367 13.3174 -34.8451 -1.4135 -7.5195 21.2637 0.1579 -7.3484 -0.3912 -0.8171 5.7681 -16.1131 -7.5198 -5.0508 -5.4081 -0.6899 -6.3065 -1.6930 2.9876 -3.1674 1.9920 -2.3373 5.8009 -24.8292 2.7893 8.7185 34.8201 3.4325 3.6691 16.4117 -0.0000 0.0000 0.0000 21.4783 2.3663 -69.0352 127.0157 -54.1305 91.4246 30.554 -7.5566 -27.7991 0.0 0.0 0.0 -7.1250 0.0 0.0 0.2261 61.4557 -0.0906 -0.0000 0.0000 0.0000 -22.2474 36.6911 57.6929 -123.8822 -55.1834 -88.8683 -31.7017 -35.2424 -31.1439 0.0 0.0 0.0 7.1250 0.0 -0.0 -0.1118 -5.4048 -0.1219
-8.9680 16.5051 16.3065 7.5032 1.4107 -353.3220 0.0000 0.0000 0.0000 -29.2720 16.0536 10.5276 2.7834 10.3359 30.0716 -1.0166 17.5763 -4.9704 0.3627 3.8685 10.7071 0.0000 0.0000 0.0000 10.4350 12.8780 -34.2013 -1.1958 -6.9387 19.5339 0.1986 -8.7086 0.7810 -0.7027 5.3581 -14.9328 -7.3620 -4.9901 -5.1737 -0.6451 -6.2680 -1.9339 2.9866 -3.1306 1.5954 -2.4402 5.8878 -24.3221 2.7032 8.9126 34.7227 3.4194 3.7366 16.2360 -0.0000 -0.0000 0.0000 21.692 2.7567 -69.433 127.2642 -54.041 91.6259 30.5454 -7.8061 -27.4216 0.0 0.0 0.0 -7.1250 0.0 0.0 0.3533 61.0454 -0.1381 -0.0000 -0.0000 0.0000 -22.9 36.793 58.1755 -123.1804 -55.4011 -88.2914 -32.0247 -35.3658 -31.1703 0.0 0.0 0.0 7.1250 0.0 -0.0 -0.2869 -5.5274 -0.3132
-8.9607 16.4564 16.6980 7.5550 1.6551 -353.7890 0.0000 0.0000 0.0000 -28.5815 16.9585 10.1700 3.3525 11.2449 33.1103 -0.9489 16.9434 -6.6853 0.4972 4.5205 12.5457 0.0000 0.0000 0.0000 10.5146 12.2202 -33.1028 -1.0430 -6.4948 18.2270 0.2046 -9.5347 2.0618 -0.9214 6.1156 -17.1202 -7.2368 -4.8551 -5.0404 -0.6962 -6.0944 -1.6859 2.8802 -3.0543 1.7423 -2.5705 5.8694 -24.8213 2.6712 8.9854 34.8169 3.4727 3.7326 16.3912 -0.0000 -0.0000 0.0000 21.9571 2.5922 -69.7063 127.3800 -53.999 91.7196 30.2382 -7.9671 -27.2965 0.0 0.0 0.0 -7.1250 0.0 0.0 0.0274 60.8312 -0.0106 -0.0000 -0.0000 0.0000 -22.3222 37.783 56.5705 -124.9302 -54.8463 -89.7269 -30.9365 -33.8882 -31.0313 0.0 0.0 0.0 7.1250 0.0 -0.0 0.2937 -5.0651 0.3185
-8.9574 16.3962 17.0735 7.6564 1.7639 -354.3130 0.0000 0.0000 0.0000 -27.9982 17.8181 9.5843 3.9885 12.1450 36.2470 -0.9434 16.9417 -7.7396 0.4404 4.2583 11.8045 0.0000 0.0000 0.0000 10.3554 12.1097 -32.1122 -0.9834 -6.3121 17.6928 0.2141 -10.4545 3.1353 -0.8508 5.8829 -16.4450 -7.2827 -4.6361 -4.6561 -0.7456 -5.8073 -1.0918 2.8815 -2.9367 2.1149 -2.5673 5.9584 -26.5026 2.5972 9.2323 35.0420 3.5909 3.7811 16.8958 -0.0000 -0.0000 0.0000 22.2703 1.7445 -69.7734 127.3815 -53.9985 91.7208 30.2581 -7.9364 -27.2276 0.0 0.0 0.0 -7.1250 0.0 0.0 0.0759 60.7617 -0.0292 -0.0000 -0.0000 0.0000 -21.8053 36.7597 55.4978 -124.3833 -55.024 -89.2793 -31.2048 -34.2306 -31.1802 0.0 0.0 0.0 7.1250 0.0 -0.0 0.1737 -5.3 0.189
-8.9551 16.3167 17.4394 7.9132 1.9065 -354.8600 0.0000 0.0000 0.0000 -27.5351 18.5999 8.9360 4.6941 13.0308 39.4837 -0.9265 16.9134 -8.8978 0.4510 4.3084 11.9459 0.0000 0.0000 0.0000 10.0995 11.6889 -31.6613 -1.0405 -6.4874 18.2053 0.1570 -10.6187 4.6353 -1.1496 6.8079 -19.1474 -7.5252 -4.5047 -4.1229 -0.8538 -5.6680 -1.0913 2.9593 -2.8594 1.8150 -2.5286 6.2710 -25.7516 2.6582 9.6212 34.7532 3.6327 3.9871 16.5503 -0.0000 -0.0000 0.0000 22.6087 2.3696 -70.1423 127.4769 -53.9638 91.798 30.642 -7.5218 -27.1716 0.0 0.0 0.0 -7.1250 0.0 0.0 0.5580 60.7996 -0.2149 -0.0000 -0.0000 0.0000 -22.32 36.0143 56.1337 -122.8337 -55.5063 -88.0058 -32.5007 -35.1088 -31.2147 0.0 0.0 0.0 7.1250 0.0 -0.0 -0.5432 -5.716 -0.5946
-8.9486 16.2278 17.8193 8.0940 2.1716 -355.5000 0.0000 0.0000 0.0000 -26.8647 19.3474 8.3827 5.4831 13.9080 42.8701 -0.8400 16.5566 -10.8797 0.7176 5.4134 15.0915 0.0000 0.0000 0.0000 9.9909 10.9181 -31.7089 -1.2429 -7.0690 19.9199 0.0052 -8.5075 5.8602 -1.1088 6.6901 -18.8004 -7.5827 -4.3444 -3.5573 -0.9790 -5.4980 -0.9740 2.9158 -2.7709 1.5953 -2.6563 6.3248 -25.7034 2.7811 9.7140 34.7267 3.7204 4.0327 16.5021 0.0000 -0.0000 0.0000 22.8658 2.8188 -70.4006 127.3294 -54.0174 91.6786 30.7141 -7.1817 -27.2966 0.0 0.0 0.0 -7.1250 0.0 0.0 0.6017 60.9536 -0.2339 0.0000 -0.0000 0.0000 -22.0637 36.1198 55.8017 -122.8991 -55.4866 -88.0597 -31.9092 -34.979 -30.663 0.0 0.0 0.0 7.1250 0.0 -0.0 -0.3281 -4.9511 -0.3552
-8.9363 16.1320 18.1959 8.2143 2.5970 -356.1680 0.0000 0.0000 0.0000 -26.1053 19.9193 7.7835 6.3625 14.7706 46.4196 -0.7097 16.0714 -12.9026 1.0257 6.4425 18.0738 0.0000 0.0000 0.0000 10.0282 9.8472 -32.1389 -1.6195 -8.0239 22.7867 -0.0804 -4.5879 5.5781 -0.6343 5.0957 -14.1816 -7.5434 -4.2342 -3.0464 -1.0931 -5.3908 -0.8014 2.8170 -2.7174 1.4626 -2.6789 6.2754 -25.7666 2.7691 9.6678 34.8163 3.7193 4.0044 16.5641 0.0000 0.0000 0.0000 23.0714 3.2919 -70.5032 127.0127 -54.1315 91.4222 30.868 -6.9815 -27.4736 0.0 0.0 0.0 -7.1250 0.0 0.0 0.7266 61.1854 -0.2864 0.0000 0.0000 0.0000 -21.7782 36.1627 55.0677 -123.4250 -55.326 -88.4926 -31.5596 -33.9924 -30.4616 0.0 0.0 0.0 7.1250 0.0 -0.0 -0.1727 -4.6347 -0.1861
-8.9228 16.0254 18.5594 8.2800 3.1746 -356.8670 0.0000 0.0000 0.0000 -25.3055 20.1872 7.1359 7.3229 15.5979 50.0854 -0.5119 15.3216 -15.0543 1.2795 7.1683 20.2150 0.0000 0.0000 0.0000 10.4376 8.2087 -32.7926 -2.1782 -9.2279 26.5108 -0.0596 -0.8412 4.3898 -0.7323 5.4672 -15.2462 -7.5182 -4.2063 -2.8724 -1.1917 -5.3428 -0.2839 2.6932 -2.7187 1.8856 -2.7764 6.3132 -25.7679 2.8201 9.7263 34.4296 3.7441 4.0445 16.3560 0.0000 -0.0000 0.0000 23.2573 3.4298 -70.2419 126.4169 -54.3422 90.9388 31.029 -6.7977 -27.6605 0.0 0.0 0.0 -7.1250 0.0 0.0 0.8574 61.4301 -0.343 0.0000 -0.0000 0.0000 -21.5812 35.1231 54.8883 -122.9116 -55.4828 -88.07 -31.2859 -33.945 -29.9382 0.0 0.0 0.0 7.1250 0.0 -0.0 -0.1229 -3.9966 -0.1312
-8.9127 15.9336 18.9149 8.0631 3.5465 -357.4550 0.0000 0.0000 0.0000 -24.2908 20.3449 5.9464 8.3873 16.3969 53.9462 -0.3559 14.8550 -16.6579 1.1689 6.8629 19.3099 0.0000 0.0000 0.0000 11.1750 6.9278 -33.6695 -2.8872 -10.5102 30.6451 -0.0040 1.5206 2.5608 -1.0285 6.4510 -18.0988 -7.2744 -4.0582 -2.5001 -1.2133 -5.1672 0.1259 2.5584 -2.6445 2.0605 -2.8609 6.3747 -25.7545 2.8063 9.8266 33.8265 3.7331 4.1046 16.0452 0.0000 0.0000 0.0000 23.3496 3.6384 -69.8559 125.4737 -54.6655 90.1708 30.867 -6.7538 -27.8242 0.0 0.0 0.0 -7.1250 0.0 0.0 0.5999 61.5648 -0.2419 0.0000 0.0000 0.0000 -21.2312 33.6213 54.7728 -121.5094 -55.8941 -86.9118 -31.1536 -34.1217 -29.3648 0.0 0.0 0.0 7.1250 0.0 -0.0 -0.1602 -3.3443 -0.1692
-8.8967 15.8637 19.2723 7.6267 3.7035 -358.0020 0.0000 0.0000 0.0000 -23.1748 20.4574 4.5094 9.5116 17.1259 57.8430 -0.2744 14.6487 -17.4658 0.9637 6.2506 17.5133 0.0000 0.0000 0.0000 11.8289 6.0811 -34.3992 -3.6296 -11.6506 34.5067 0.0289 3.0815 0.4488 -0.9183 6.1056 -17.0912 -6.6242 -3.7360 -1.6105 -1.2164 -4.8340 0.1164 2.2844 -2.4567 1.4637 -2.8756 6.4114 -25.3446 2.6807 9.8936 33.3007 3.6421 4.1462 15.7041 -0.0000 -0.0000 0.0000 23.2752 4.3817 -69.8815 124.1072 -55.1123 89.053 30.6938 -6.8126 -27.8907 0.0 0.0 0.0 -7.1250 0.0 0.0 0.3630 61.5913 -0.1466 -0.0000 -0.0000 0.0000 -20.8621 32.5445 54.6223 -119.6986 -56.3897 -85.408 -30.8656 -33.8528 -28.9679 0.0 0.0 0.0 7.1250 0.0 -0.0 -0.0713 -2.8387 -0.0748
-8.8808 15.7758 19.6158 6.4914 3.6592 -358.6570 0.0000 0.0000 0.0000 -21.4400 20.4377 3.1690 10.7086 17.7895 61.8315 -0.1208 13.6435 -17.8989 1.0035 6.3744 17.8747 0.0000 0.0000 0.0000 13.0150 5.8107 -34.4985 -4.3003 -12.5497 37.7054 0.0310 4.4701 -1.7766 -0.6914 5.3156 -14.8108 -5.2758 -3.3229 -0.9396 -0.9892 -4.3531 0.2881 1.8332 -2.2050 1.1380 -2.9372 6.3975 -24.9019 2.4082 9.9535 32.6906 3.4919 4.1596 15.3322 -0.0000 -0.0000 0.0000 22.8182 5.0777 -69.9516 121.9406 -55.7703 87.2686 30.8347 -6.3955 -27.8404 0.0 0.0 0.0 -7.1250 0.0 0.0 0.5543 61.5739 -0.2236 -0.0000 -0.0000 0.0000 -20.4834 31.2471 54.4481 -117.5698 -56.9235 -83.6296 -30.4318 -33.2777 -28.2583 0.0 0.0 0.0 7.1250 0.0 -0.0 0.0467 -1.9591 0.0482
-8.8594 15.7015 19.9373 4.1263 3.4425 -359.2300 0.0000 0.0000 0.0000 -18.4860 20.2621 1.4816 11.9736 18.3795 65.9052 -0.0645 12.6634 -17.1635 0.7940 5.6877 15.8808 0.0000 0.0000 0.0000 15.5468 5.9574 -33.9623 -4.8250 -13.1840 40.0611 0.0046 5.6608 -3.8290 -0.6395 5.1163 -14.2406 -2.6875 -2.8973 -0.6055 -0.3872 -3.8308 0.6301 1.0393 -1.9338 1.1344 -2.9038 6.4370 -24.6300 1.9511 10.1294 32.1779 3.2912 4.1961 15.0670 -0.0000 -0.0000 0.0000 22.0487 5.7931 -69.4574 118.9440 -56.5848 84.7789 30.9032 -5.3365 -27.9329 0.0 0.0 0.0 -7.1250 0.0 0.0 0.6045 61.692 -0.2456 -0.0000 -0.0000 0.0000 -20.0084 29.5485 54.2984 -115.3315 -57.4308 -81.7485 -29.5023 -32.1354 -27.0407 0.0 0.0 0.0 7.1250 0.0 -0.0 0.3748 -0.4097 0.3775
-8.8247 15.6433 20.2520 1.5354 3.2532 -359.5560 0.0000 0.0000 0.0000 -15.5186 19.7914 -0.6594 13.2300 18.8636 69.8384 -0.0387 11.8085 -16.2612 0.4819 4.4517 12.3510 0.0000 0.0000 0.0000 18.3714 5.6135 -33.2526 -5.1939 -13.5989 41.6539 -0.0054 6.9193 -4.9775 -0.6391 5.1145 -14.2354 0.3217 -2.4540 -0.3227 0.2691 -3.2777 0.8673 0.0547 -1.6368 1.0661 -2.8800 6.4877 -24.4625 1.4937 10.3391 31.8274 3.1153 4.2370 14.9020 -0.0000 0.0000 0.0000 21.1851 6.7295 -68.7093 115.4814 -57.3985 81.8748 30.729 -3.9202 -28.6848 0.0 0.0 0.0 -7.1250 0.0 0.0 0.0998 62.4569 -0.0423 -0.0000 0.0000 0.0000 -19.4882 27.6784 54.0605 -112.7260 -57.9556 -79.5462 -28.3666 -30.8599 -26.1202 0.0 0.0 0.0 7.1250 0.0 -0.0 0.8973 0.8545 0.8839
-8.7850 15.5892 20.5578 0.3395 3.2860 -359.5800 0.0000 0.0000 0.0000 -14.6981 18.6596 -3.1475 14.3987 19.2305 73.4184 0.0433 10.9713 -16.2430 0.2951 3.4933 9.6552 0.0000 0.0000 0.0000 19.6542 4.4631 -32.9956 -5.4890 -13.9142 42.8948 -0.0019 8.2874 -5.8468 -0.1223 2.2541 -6.2085 1.8574 -2.0688 -0.2344 0.6044 -2.7805 1.0364 -0.4528 -1.3751 1.1345 -2.9546 6.5537 -24.5440 1.2319 10.5635 31.6744 3.0605 4.2896 14.8601 -0.0000 -0.0000 0.0000 20.3905 7.6547 -68.03 111.5124 -58.177 78.5163 30.8732 -2.557 -29.9659 0.0 0.0 0.0 -7.1250 0.0 0.0 -0.2650 63.8704 0.1212 -0.0000 -0.0000 0.0000 -19.3306 25.3387 54.2665 -109.0304 -58.5864 -76.4026 -27.4388 -30.1244 -26.066 0.0 0.0 0.0 7.1250 0.0 -0.0 1.4432 1.1259 1.415
-8.7558 15.5780 20.8494 0.5252 3.5574 -359.3020 0.0000 0.0000 0.0000 -15.9134 16.8556 -6.0474 15.4004 19.4850 76.4397 0.1254 10.4241 -16.6526 0.1887 2.7977 7.7159 0.0000 0.0000 0.0000 19.3867 3.2471 -32.9890 -5.7309 -14.1624 43.8920 0.0235 9.3325 -6.1110 -0.0000 -0.0182 0.0500 1.5935 -1.7907 -0.2309 0.6769 -2.4086 1.0645 -0.2285 -1.1916 1.1828 -2.3718 6.6468 -24.5487 0.4345 10.7496 31.5972 2.6813 4.3176 14.9291 0.0000 0.0000 0.0000 19.7299 8.5883 -67.2892 106.8491 -58.8997 74.5379 30.9893 -1.1899 -31.6227 0.0 0.0 0.0 -7.1250 0.0 0.0 -0.9305 65.6661 0.4644 0.0000 0.0000 0.0000 -18.9951 23.708 53.919 -106.0689 -59.0015 -73.8694 -26.0207 -28.6523 -26.8862 0.0 0.0 0.0 7.1250 0.0 -0.0 2.4109 0.5703 2.3889
-8.7519 15.5551 21.1040 0.7504 3.9243 -358.9090 0.0000 0.0000 0.0000 -17.1135 14.6422 -9.5675 16.3899 19.6846 79.3913 0.1903 9.9270 -16.9012 0.1539 2.5282 6.9679 0.0000 0.0000 0.0000 19.1353 2.8168 -32.9626 -5.9468 -14.3766 44.7677 -0.0879 10.4588 -8.6609 -0.1505 2.5000 -6.8897 0.8316 -1.5002 0.0671 0.9270 -2.0120 1.0008 0.4669 -1.0028 0.9914 -1.6047 6.5065 -24.2121 -0.8790 10.6576 31.1098 1.9819 4.1968 14.8017 0.0000 -0.0000 0.0000 18.9073 9.3321 -66.445 101.6092 -59.4846 70.0365 30.8436 0.4252 -33.7418 0.0 0.0 0.0 -7.1250 0.0 0.0 -2.4096 67.8484 1.3235 0.0000 -0.0000 0.0000 -19.2908 22.1732 53.9699 -102.7078 -59.3809 -70.9824 -26.4097 -28.2102 -28.0562 0.0 0.0 0.0 7.1250 0.0 -0.0 2.3581 -0.7528 2.3909
-8.7415 15.5416 21.3595 0.5347 4.2899 -358.8570 0.0000 0.0000 0.0000 -17.7787 12.4413 -12.6171 17.2341 19.8156 81.8891 0.2407 9.5234 -17.0817 0.0965 2.0038 5.5162 0.0000 0.0000 0.0000 19.4295 2.1827 -32.3747 -6.0772 -14.5028 45.2909 -0.0307 10.1269 -7.5963 -0.0074 -0.5545 1.5236 0.5333 -1.1635 0.4952 1.3798 -1.5613 1.1450 1.1084 -0.7825 0.9187 -1.8018 6.2759 -23.9699 -1.4659 10.5631 30.5778 1.7337 4.0755 14.5498 0.0000 0.0000 0.0000 17.766 9.8166 -65.3144 96.2743 -59.8507 65.431 30.5927 2.1582 -36.2595 0.0 0.0 0.0 -7.1250 0.0 0.0 -4.7525 70.3617 2.881 0.0000 0.0000 0.0000 -19.7318 20.6874 53.7566 -100.2066 -59.6027 -68.8274 -27.5309 -28.0289 -29.2298 0.0 0.0 0.0 7.1250 0.0 -0.0 1.8969 -2.2572 1.9712
-8.7153 15.5408 21.6471 0.3049 4.1973 -359.5070 0.0000 0.0000 0.0000 -18.4197 11.0843 -14.2586 17.7758 19.8810 83.4843 0.3368 8.8614 -17.5554 0.0650 1.6448 4.5250 0.0000 0.0000 0.0000 19.6991 1.1815 -30.7275 -6.1446 -14.5671 45.5595 -0.0675 11.3258 -8.9021 -0.0258 1.0372 -2.8512 0.5286 -0.7189 1.0281 1.6625 -0.9687 1.5358 1.4074 -0.4885 1.0163 -2.0252 6.1566 -23.8159 -1.7239 10.5647 30.4910 1.6588 4.0210 14.4873 0.0000 0.0000 0.0000 16.79 10.5686 -63.9463 91.4969 -59.9915 61.2964 30.5297 3.9135 -38.8612 0.0 0.0 0.0 -7.1250 0.0 0.0 -7.6219 72.9483 5.0598 0.0000 0.0000 0.0000 -19.9081 19.6386 53.6427 -98.7485 -59.7088 -67.569 -28.8679 -27.6438 -30.1079 0.0 0.0 0.0 7.1250 0.0 -0.0 1.2852 -3.5231 1.362
-8.6794 15.5397 21.9319 0.0072 4.9594 -359.8370 0.0000 0.0000 0.0000 -19.1156 8.7127 -16.1457 18.2157 19.9235 84.7768 0.4340 8.2494 -18.0930 0.0933 1.9698 5.4223 0.0000 0.0000 0.0000 19.9618 0.0913 -29.2771 -6.1731 -14.5940 45.6726 -0.2431 11.9629 -11.4353 -0.2523 3.2321 -8.9257 0.9298 -0.5909 1.1650 1.7597 -0.7994 1.7914 1.2821 -0.4001 1.1942 -1.8073 6.0922 -23.5816 -2.1420 10.5299 30.4981 1.4431 3.9753 14.4900 0.0000 -0.0000 0.0000 16.1888 11.493 -62.5072 87.2386 -59.9712 57.6088 30.578 5.6093 -41.3508 0.0 0.0 0.0 -7.1250 0.0 0.0 -11.1921 75.3755 8.0259 0.0000 -0.0000 0.0000 -19.729 18.8166 53.6431 -98.1275 -59.7489 -67.0327 -29.9521 -27.0335 -30.2431 0.0 0.0 0.0 7.1250 0.0 -0.0 0.6938 -3.9542 0.7401
-8.6594 15.5432 22.1890 -0.1698 5.5601 -359.6160 0.0000 0.0000 0.0000 -19.9154 6.1933 -18.7988 18.5499 19.9495 85.7569 0.5409 7.5308 -18.6389 0.1075 2.1139 5.8206 0.0000 0.0000 0.0000 20.1907 0.0114 -28.2693 -6.1666 -14.5879 45.6468 -0.4063 11.5449 -13.0272 -0.2850 3.4331 -9.4870 1.0887 -0.3295 1.1243 1.8407 -0.4543 1.9171 1.2754 -0.2258 1.3400 -1.9755 5.9785 -23.6755 -2.1706 10.4585 30.5776 1.4515 3.9168 14.5387 -0.0000 0.0000 0.0000 15.6963 12.3295 -61.0612 83.8543 -59.8568 54.6803 30.4039 7.3048 -43.9713 0.0 0.0 0.0 -7.1250 0.0 0.0 -16.9305 77.7162 13.0054 -0.0000 0.0000 0.0000 -19.4583 17.803 53.2363 -98.0463 -59.7539 -66.9626 -29.7736 -26.4148 -30.51 0.0 0.0 0.0 7.1250 0.0 -0.0 0.8462 -4.1894 0.9059
-8.6332 15.5619 22.4514 -0.2485 5.5218 -358.8740 0.0000 0.0000 0.0000 -20.8835 4.0689 -21.9065 18.7251 19.9610 86.2702 0.6770 6.7895 -19.4698 0.0510 1.4567 4.0063 0.0000 0.0000 0.0000 20.3081 0.4806 -27.6625 -6.1214 -14.5449 45.4669 -0.4815 11.2727 -13.6992 -0.2072 2.9307 -8.0859 1.1639 0.1860 0.6788 1.8884 0.2245 1.8052 1.2840 0.1144 1.4656 -2.3064 5.7421 -24.0213 -2.0005 10.2518 31.0452 1.5598 3.7873 14.7915 -0.0000 0.0000 0.0000 15.3443 13.443 -59.9094 81.3348 -59.7144 52.5029 30.9852 9.0829 -46.6881 0.0 0.0 0.0 -7.1250 0.0 0.0 -24.4035 80.2421 20.0656 -0.0000 0.0000 0.0000 -19.2387 17.1983 53.0827 -98.8049 -59.705 -67.6177 -29.6571 -27.0256 -30.294 0.0 0.0 0.0 7.1250 0.0 -0.0 0.8710 -3.9289 0.9287
-8.5849 15.5946 22.7380 -0.6422 5.5990 -359.0620 0.0000 0.0000 0.0000 -21.4499 2.3525 -23.6249 18.6818 19.9583 86.1432 0.8295 6.0779 -20.4535 0.0146 0.7796 2.1425 0.0000 0.0000 0.0000 20.7708 0.0067 -25.8886 -5.9921 -14.4207 44.9500 -0.5543 11.3236 -14.4404 -0.1804 2.7359 -7.5444 1.7997 0.6001 0.8370 1.9256 0.7774 1.9013 0.9684 0.3997 1.4762 -2.4187 5.4448 -24.3385 -1.9251 9.9113 31.6384 1.5713 3.6073 15.1226 -0.0000 -0.0000 0.0000 15.1731 14.8878 -58.8423 79.2621 -59.5598 50.7145 31.8744 10.2383 -48.7003 0.0 0.0 0.0 -7.1250 0.0 0.0 -32.3422 82.1158 27.8771 -0.0000 -0.0000 0.0000 -19.0762 16.7873 53.1513 -99.5163 -59.655 -68.2318 -29.8147 -27.7175 -30.3802 0.0 0.0 0.0 7.1250 0.0 -0.0 0.7981 -4.0628 0.8527
-8.5465 15.6226 23.0160 -1.4314 5.5762 -359.2100 0.0000 0.0000 0.0000 -21.3727 0.8508 -25.5499 18.5748 19.9512 85.8297 1.0302 4.7503 -21.4464 0.0773 1.7931 4.9341 0.0000 0.0000 0.0000 21.7832 -0.2114 -24.0556 -5.8231 -14.2547 44.2674 -0.6478 11.0577 -15.2536 -0.1600 2.5772 -7.1036 2.6618 0.9806 1.0451 2.0556 1.2909 1.9076 0.6184 0.6669 1.3815 -2.3259 5.2808 -24.2656 -1.9523 9.6653 31.8752 1.5011 3.5038 15.2257 0.0000 -0.0000 0.0000 15.1766 16.5686 -57.6745 77.8521 -59.435 49.4995 33.1612 11.1606 -50.2137 0.0 0.0 0.0 -7.1250 0.0 0.0 -40.7048 83.6366 36.3738 0.0000 -0.0000 0.0000 -18.9671 16.2457 53.5214 -99.8689 -59.6288 -68.536 -30.1827 -28.6557 -30.8973 0.0 0.0 0.0 7.1250 0.0 -0.0 0.6906 -4.712 0.7451
-8.5159 15.6438 23.2829 -2.4798 5.6512 -359.3920 0.0000 0.0000 0.0000 -20.8242 -0.6640 -27.7125 18.4000 19.9385 85.3173 1.1725 3.5771 -22.0302 0.1624 2.5965 7.1572 0.0000 0.0000 0.0000 23.1622 -0.2456 -22.1868 -5.6471 -14.0774 43.5483 -0.7390 10.4833 -15.9505 -0.1613 2.5873 -7.1317 3.6954 1.2662 1.3911 2.2232 1.6929 1.8424 0.2053 0.8772 1.1511 -2.1296 5.2655 -23.8515 -1.9606 9.5501 31.8705 1.4288 3.4909 15.1434 0.0000 -0.0000 0.0000 15.3504 18.2955 -56.6186 76.6169 -59.3123 48.4366 35.3907 12.2548 -51.0765 0.0 0.0 0.0 -7.1250 0.0 0.0 -47.0416 85.1231 43.3638 0.0000 -0.0000 0.0000 -18.8119 15.7662 54.1167 -99.9064 -59.6259 -68.5684 -30.82 -29.6665 -31.6393 0.0 0.0 0.0 7.1250 0.0 -0.0 0.4830 -5.6774 0.5285
-8.4780 15.6784 23.5509 -2.8487 6.6791 -359.3890 0.0000 0.0000 0.0000 -21.1560 -3.1903 -29.6736 18.0275 19.9065 84.2242 1.1861 3.6149 -22.1656 0.0793 1.8161 4.9977 0.0000 0.0000 0.0000 23.6758 -1.0711 -20.8392 -5.5216 -13.9482 43.0302 -0.7990 9.8240 -16.3565 -0.1868 2.7837 -7.6771 4.3782 1.3524 1.6178 2.0457 1.8313 1.7438 -0.3648 0.9516 0.9546 -2.2217 5.0823 -23.8113 -1.4788 9.1630 32.1282 1.5713 3.3828 15.2123 -0.0000 -0.0000 0.0000 15.9055 19.7628 -56.0913 75.4443 -59.1841 47.4289 36.4522 11.4184 -49.7228 0.0 0.0 0.0 -7.1250 0.0 0.0 -32.4974 84.9428 29.6787 -0.0000 -0.0000 0.0000 -18.3431 15.3614 54.3407 -99.6205 -59.6474 -68.3217 -31.2401 -30.1409 -32.2608 0.0 0.0 0.0 7.1250 0.0 -0.0 0.3799 -6.4567 0.4202
-8.4361 15.7171 23.8191 -2.5362 8.4231 -359.4510 0.0000 0.0000 0.0000 -22.3512 -6.2049 -30.9990 17.4717 19.8460 82.5895 1.2142 3.5669 -22.3785 0.1123 2.1603 5.9489 0.0000 0.0000 0.0000 23.3511 -2.7261 -19.6354 -5.4128 -13.8341 42.5771 -0.8116 9.1619 -16.3515 -0.2447 3.1833 -8.7894 4.6372 1.3482 2.0860 1.6023 1.8649 1.6135 -0.9788 0.9654 0.5833 -2.5060 4.7143 -23.9380 -0.8125 8.5392 32.6061 1.7896 3.1685 15.4056 -0.0000 -0.0000 0.0000 16.8879 21.0035 -56.2602 74.4410 -59.0652 46.5678 35.8656 9.2032 -47.4144 0.0 0.0 0.0 -7.1250 0.0 0.0 -18.1986 82.9715 15.879 -0.0000 -0.0000 0.0000 -17.6986 15.4249 54.0804 -99.9436 -59.6231 -68.6005 -31.2822 -30.0337 -32.5408 0.0 0.0 0.0 7.1250 0.0 -0.0 0.4164 -6.765 0.4626
-8.4075 15.7463 24.0977 -2.8248 9.0062 -359.7760 0.0000 0.0000 0.0000 -22.7138 -7.6551 -32.3686 16.8052 19.7535 80.6221 1.2581 3.1478 -22.5326 0.2120 2.9640 8.1785 0.0000 0.0000 0.0000 23.6771 -3.5487 -18.1514 -5.3421 -13.7590 42.2805 -0.7827 8.5862 -15.9903 -0.3884 4.0021 -11.0824 5.1276 1.6702 2.6614 1.4782 2.3429 1.5460 -1.4048 1.2006 0.2422 -2.6264 4.4058 -23.7115 -0.6043 8.0743 32.8721 1.8061 2.9885 15.4669 0.0000 -0.0000 0.0000 17.7534 22.2165 -56.3977 73.4828 -58.9436 45.7464 34.8637 7.7805 -46.2524 0.0 0.0 0.0 -7.1250 0.0 0.0 -15.4378 81.5531 13.0355 0.0000 -0.0000 0.0000 -17.3595 15.8178 54.0021 -100.9738 -59.54 -69.4889 -31.5512 -29.863 -32.4915 0.0 0.0 0.0 7.1250 0.0 -0.0 0.2577 -6.7921 0.2864
-8.4232 15.7686 24.4037 -5.1680 8.1906 -361.0300 0.0000 0.0000 0.0000 -20.2960 -6.9697 -33.7924 16.1306 19.6372 78.6206 1.2408 2.0963 -21.8933 0.1735 2.6832 7.3980 0.0000 0.0000 0.0000 26.5448 -2.6488 -15.5812 -5.2789 -13.6912 42.0141 -0.7504 7.2222 -15.5129 -0.4419 4.2655 -11.8249 6.1673 1.9615 2.6353 2.5177 2.7077 2.3985 -0.8968 1.4228 1.1601 -2.2404 4.6864 -23.6193 -1.3050 8.5639 32.5249 1.5349 3.1502 15.3462 -0.0000 0.0000 0.0000 17.1533 23.0556 -54.665 72.4903 -58.8093 44.8968 34.2226 6.6947 -45.0702 0.0 0.0 0.0 -7.1250 0.0 0.0 -12.8421 80.242 10.502 -0.0000 0.0000 0.0000 -18.1331 14.6547 55.1689 -101.4703 -59.497 -69.9168 -32.1005 -29.7664 -32.1941 0.0 0.0 0.0 7.1250 0.0 -0.0 -0.1097 -6.6404 -0.1216
-8.3963 15.8062 24.6908 -5.8807 8.4699 -361.1000 0.0000 0.0000 0.0000 -20.1667 -7.7495 -35.1145 15.1706 19.4314 75.7501 1.2520 1.3198 -21.6583 0.1485 2.4833 6.8432 0.0000 0.0000 0.0000 27.1790 -3.2176 -14.6453 -5.2418 -13.6510 41.8569 -0.6022 6.8858 -13.9265 -0.3534 3.8194 -10.5692 6.3606 1.9377 2.1420 2.7832 2.6268 2.5393 -0.7065 1.3955 1.5746 -1.6127 5.0536 -22.8624 -1.8828 9.0164 32.2169 1.2487 3.3615 15.1065 0.0000 0.0000 0.0000 16.9684 24.5583 -53.2237 71.7955 -58.71 44.3027 34.1113 5.5516 -43.6564 0.0 0.0 0.0 -7.1250 0.0 0.0 -9.3598 78.8996 7.3925 0.0000 0.0000 0.0000 -18.6765 14.1339 56.5005 -102.0717 -59.4421 -70.4348 -32.3773 -29.8081 -32.0319 0.0 0.0 0.0 7.1250 0.0 -0.0 -0.2979 -6.5512 -0.33
-8.3201 15.8609 24.9618 -4.7611 9.8339 -359.9660 0.0000 0.0000 0.0000 -22.4875 -9.8523 -36.2853 13.9161 19.0884 71.9480 1.2721 1.2069 -21.7816 0.1576 2.5580 7.0504 0.0000 0.0000 0.0000 25.2831 -5.4680 -15.2203 -5.2364 -13.6452 41.8342 -0.4106 7.6326 -11.8239 -0.4841 4.4614 -12.3786 5.8394 1.9526 1.3640 2.2385 2.6054 2.1067 -0.9590 1.3734 1.5624 -1.7747 4.9515 -22.5401 -1.7348 8.8875 32.3644 1.3043 3.3150 15.0835 -0.0000 -0.0000 0.0000 17.5922 25.8151 -53.1815 71.2763 -58.633 43.8592 34.5549 4.7388 -42.9026 0.0 0.0 0.0 -7.1250 0.0 0.0 -6.8374 78.3595 5.3212 -0.0000 -0.0000 0.0000 -18.8127 14.4046 56.7331 -103.2393 -59.3272 -71.4397 -32.0854 -30.1586 -32.4812 0.0 0.0 0.0 7.1250 0.0 -0.0 -0.0386 -6.9406 -0.043
-8.2809 15.9001 25.2604 -5.2198 10.1330 -360.2480 0.0000 0.0000 0.0000 -22.8023 -10.0851 -36.8535 12.6642 18.6575 68.0792 1.2398 0.7905 -21.3466 0.1033 2.0721 5.7050 0.0000 0.0000 0.0000 25.3715 -6.6376 -13.9415 -5.2033 -13.6092 41.6940 -0.2694 7.5455 -9.9393 -0.4313 4.2145 -11.6809 6.4891 2.4050 1.8613 2.2435 3.2614 1.9618 -1.3353 1.6987 1.2118 -2.2729 4.6656 -22.7770 -1.3129 8.5918 33.0444 1.5297 3.1650 15.4008 0.0000 -0.0000 0.0000 18.6126 26.9325 -53.9436 71.1053 -58.6071 43.7133 35.1109 4.4092 -42.9039 0.0 0.0 0.0 -7.1250 0.0 0.0 -5.6914 78.5759 4.4537 0.0000 -0.0000 0.0000 -18.7441 15.0649 56.3502 -104.4164 -59.1999 -72.4514 -31.7064 -30.32 -32.9732 0.0 0.0 0.0 7.1250 0.0 -0.0 0.2775 -7.3472 0.3107
-8.2391 15.9261 25.5568 -5.4911 10.4663 -360.4570 0.0000 0.0000 0.0000 -23.4230 -10.2214 -37.1294 11.2841 18.0713 63.7009 1.1754 0.2389 -20.5894 0.0601 1.5817 4.3509 0.0000 0.0000 0.0000 25.1700 -7.9445 -12.8049 -5.1775 -13.5809 41.5840 -0.1509 7.4936 -8.1151 -0.5446 4.7279 -13.1340 6.6601 2.6900 2.0044 2.3995 3.6567 1.9320 -1.2767 1.8944 1.1302 -2.4547 4.5716 -22.9031 -1.4135 8.6432 33.6521 1.5496 3.1250 15.7198 0.0000 0.0000 0.0000 19.0847 28.028 -54.2453 70.6983 -58.5444 43.3659 35.3783 4.4225 -43.2669 0.0 0.0 0.0 -7.1250 0.0 0.0 -5.8587 79.0288 4.639 0.0000 0.0000 0.0000 -19.065 15.3926 56.3813 -105.2969 -59.0971 -73.2073 -31.5333 -30.1641 -32.8754 0.0 0.0 0.0 7.1250 0.0 -0.0 0.3509 -7.1924 0.392
-8.2035 15.9508 25.8532 -6.3287 10.7440 -360.6800 0.0000 0.0000 0.0000 -23.3954 -10.0831 -37.4187 9.8749 17.3389 59.0695 1.0705 -0.7350 -19.3290 0.1967 2.8561 7.8784 0.0000 0.0000 0.0000 25.6107 -8.8753 -11.7484 -5.1154 -13.5126 41.3189 -0.0588 6.9899 -6.1937 -0.6768 5.2603 -14.6524 7.1581 2.8431 1.9172 2.7808 3.8580 1.9191 -1.1536 1.9997 1.1886 -2.3492 4.6000 -22.5986 -1.8812 8.8397 33.8142 1.3694 3.1534 15.7702 -0.0000 0.0000 0.0000 19.2179 29.073 -54.1303 69.7292 -58.389 42.5399 35.7833 4.6852 -43.5819 0.0 0.0 0.0 -7.1250 0.0 0.0 -5.6434 79.4893 4.5213 -0.0000 0.0000 0.0000 -19.6094 15.3953 56.7869 -106.0995 -58.9976 -73.8956 -31.2085 -29.9808 -32.7154 0.0 0.0 0.0 7.1250 0.0 -0.0 0.4946 -6.9276 0.5506
-8.1707 15.9974 26.1738 -6.4672 10.9078 -361.0540 0.0000 0.0000 0.0000 -24.2195 -9.4599 -36.9965 8.3765 16.3893 53.9077 0.9154 -1.4358 -17.6543 0.4278 4.1976 11.6333 0.0000 0.0000 0.0000 25.1813 -9.7286 -10.3028 -5.0697 -13.4619 41.1229 0.0102 6.6048 -4.3653 -0.7002 5.3486 -14.9055 7.1472 3.0509 2.2008 2.7467 4.1658 1.8664 -1.2008 2.1472 0.9993 -2.1376 4.6150 -22.1208 -2.0403 8.8356 33.8859 1.2533 3.1677 15.7182 0.0000 0.0000 0.0000 20.0086 30.3579 -54.3749 69.3564 -58.3269 42.2226 36.0941 4.9086 -43.7627 0.0 0.0 0.0 -7.1250 0.0 0.0 -5.3409 79.7848 4.3107 0.0000 0.0000 0.0000 -19.687 15.6591 57.0389 -106.9505 -58.886 -74.6246 -30.7757 -30.0109 -32.875 0.0 0.0 0.0 7.1250 0.0 -0.0 0.7666 -6.9694 0.854
-8.1384 16.0535 26.5017 -6.2543 11.0820 -361.3750 0.0000 0.0000 0.0000 -25.4507 -8.6885 -36.3041 6.9217 15.2656 48.5776 0.7138 -1.8182 -15.4461 0.5321 4.6743 12.9819 0.0000 0.0000 0.0000 24.3323 -10.5088 -8.8457 -5.0169 -13.4028 40.8955 0.0538 6.3704 -2.8608 -0.9919 6.3386 -17.7701 6.7569 3.2854 2.5028 2.6362 4.4995 1.8908 -1.1191 2.3071 0.8576 -2.0588 4.6506 -22.2558 -2.0188 8.9053 34.2658 1.2769 3.1948 15.9376 0.0000 0.0000 0.0000 20.8648 31.5304 -54.7578 69.4971 -58.3505 42.3423 36.0873 4.4529 -42.9125 0.0 0.0 0.0 -7.1250 0.0 0.0 -3.6013 78.9612 2.8457 0.0000 0.0000 0.0000 -19.7326 15.8387 57.0461 -107.8645 -58.7591 -75.4066 -30.4581 -30.1879 -33.0748 0.0 0.0 0.0 7.1250 0.0 -0.0 0.9834 -7.0874 1.0974
-8.1026 16.1086 26.8191 -7.3438 11.3495 -361.5370 0.0000 0.0000 0.0000 -25.2050 -8.1535 -36.0552 5.6091 14.0385 43.3919 0.4963 -1.9209 -12.7834 0.6849 5.2910 14.7405 0.0000 0.0000 0.0000 25.0007 -10.9645 -8.0257 -4.9802 -13.3615 40.7372 0.0705 5.9049 -1.6513 -1.5748 7.9177 -22.4644 7.4838 3.3499 2.3488 2.9438 4.5894 1.7923 -1.1946 2.3563 0.8822 -1.8648 4.8659 -22.7641 -2.2074 9.3249 34.8815 1.2812 3.3286 16.3914 0.0000 0.0000 0.0000 21.4207 32.8693 -54.8518 69.7573 -58.3936 42.5638 36.2604 4.0527 -42.0442 0.0 0.0 0.0 -7.1250 0.0 0.0 -1.7004 78.174 1.3159 0.0000 0.0000 0.0000 -20.0545 15.9111 57.4397 -108.9114 -58.6046 -76.301 -30.2312 -30.3304 -32.994 0.0 0.0 0.0 7.1250 0.0 -0.0 1.0909 -6.9376 1.2149
-8.0646 16.1215 27.1410 -8.4772 11.7847 -361.5620 0.0000 0.0000 0.0000 -25.0166 -7.7239 -35.9606 4.4834 12.7773 38.5406 0.3074 -1.4574 -10.0639 0.5963 4.9436 13.7477 0.0000 0.0000 0.0000 25.7121 -11.8983 -7.2716 -4.9801 -13.3613 40.7366 0.0919 5.7558 -0.1124 -1.4410 7.5891 -21.4729 8.3000 3.3152 1.8923 3.1541 4.5223 1.5587 -1.4027 2.3261 0.9394 -1.5858 5.1177 -22.9207 -2.3762 9.7195 35.2675 1.2583 3.4833 16.6583 -0.0000 -0.0000 0.0000 22.2458 34.4391 -55.0071 70.2974 -58.4812 43.0241 36.4627 4.4783 -42.6937 0.0 0.0 0.0 -7.1250 0.0 0.0 -2.3577 78.8913 1.8594 -0.0000 -0.0000 0.0000 -20.2681 16.1194 58.0558 -109.9213 -58.446 -77.1624 -30.0429 -30.5047 -32.6717 0.0 0.0 0.0 7.1250 0.0 -0.0 1.1272 -6.5457 1.2486
-8.0284 16.1340 27.4628 -9.4361 12.0930 -361.5670 0.0000 0.0000 0.0000 -24.9960 -7.2914 -35.7034 3.5274 11.5034 33.9970 0.1743 -0.6767 -7.6734 0.4635 4.3670 12.1115 0.0000 0.0000 0.0000 26.2278 -12.3550 -6.8146 -5.0800 -13.4734 41.1673 0.1004 5.6877 1.0753 -1.2972 7.2160 -20.3568 8.9654 3.3860 1.4195 3.3060 4.5783 1.4189 -1.5811 2.3616 1.1060 -1.1107 5.3403 -22.7851 -2.7036 9.9875 35.2138 1.0883 3.6146 16.6590 -0.0000 -0.0000 0.0000 23.1648 35.5833 -55.3442 70.5636 -58.5233 43.251 36.4461 4.5726 -43.1695 0.0 0.0 0.0 -7.1250 0.0 0.0 -3.2894 79.35 2.6252 -0.0000 -0.0000 0.0000 -20.3552 16.1521 58.3332 -110.7525 -58.3085 -77.8701 -29.8069 -30.5403 -32.3599 0.0 0.0 0.0 7.1250 0.0 -0.0 1.1936 -6.1519 1.3149
-7.9893 16.1343 27.7679 -10.4780 12.4611 -361.5190 0.0000 0.0000 0.0000 -24.6948 -7.4675 -35.3283 2.7481 10.2756 29.8740 0.0966 0.5937 -6.1185 0.4616 4.3580 12.0860 0.0000 0.0000 0.0000 26.8716 -12.5213 -6.7900 -5.2776 -13.6898 42.0088 0.1116 5.9142 2.0596 -1.3308 7.3051 -20.6225 9.7761 3.4041 0.9797 3.4571 4.5651 1.2427 -1.8423 2.3613 1.2217 -0.5629 5.6018 -22.5619 -3.0547 10.2824 35.0830 0.8973 3.7685 16.6097 -0.0000 -0.0000 0.0000 24.0325 36.6014 -55.7158 70.3361 -58.4873 43.057 36.2585 3.694 -42.4655 0.0 0.0 0.0 -7.1250 0.0 0.0 -2.4091 78.5893 1.8851 -0.0000 -0.0000 0.0000 -20.411 16.1023 58.6021 -111.4261 -58.1923 -78.4429 -29.5131 -30.5391 -32.1928 0.0 0.0 0.0 7.1250 0.0 -0.0 1.3228 -5.8947 1.452
-7.9320 16.1293 28.0766 -10.9325 13.3456 -361.2790 0.0000 0.0000 0.0000 -25.0280 -8.2295 -34.7011 2.1363 9.1443 26.2477 0.0414 2.0916 -5.1981 0.4065 4.0929 11.3381 0.0000 0.0000 0.0000 26.7355 -13.2629 -7.1788 -5.5692 -13.9975 43.2274 0.0999 5.9051 4.1646 -1.1645 6.8506 -19.2734 10.0947 3.2525 0.1171 3.4561 4.2584 1.1187 -1.9721 2.2219 1.5698 -0.5428 5.7924 -22.6050 -3.0076 10.5586 35.1320 0.9745 3.8890 16.6465 -0.0000 -0.0000 0.0000 24.7872 37.5717 -56.0176 70.0838 -58.4469 42.842 35.9564 2.7644 -41.745 0.0 0.0 0.0 -7.1250 0.0 0.0 -1.8775 77.7632 1.437 -0.0000 -0.0000 0.0000 -20.5214 16.1873 58.8473 -112.3505 -58.0257 -79.2278 -29.1337 -31.006 -32.1953 0.0 0.0 0.0 7.1250 0.0 -0.0 1.5342 -5.7932 1.6817
-7.8769 16.1175 28.3903 -11.6054 13.4545 -361.3620 0.0000 0.0000 0.0000 -24.9069 -8.4131 -34.1054 1.7187 8.2539 23.4879 0.0015 3.4443 -4.9879 0.3651 3.8813 10.7428 0.0000 0.0000 0.0000 26.7199 -13.4099 -7.2425 -5.9376 -14.3676 44.7308 0.1359 6.8231 4.6324 -1.3942 7.4701 -21.1157 10.5669 3.3043 -0.4156 3.5975 4.2449 1.1532 -2.0452 2.2350 1.9298 -0.5160 5.9509 -22.7390 -3.0811 10.8252 35.1155 0.9992 3.9872 16.6838 0.0000 0.0000 0.0000 25.4771 38.4521 -56.3819 70.3794 -58.4942 43.094 35.9133 2.0768 -41.0566 0.0 0.0 0.0 -7.1250 0.0 0.0 -0.9581 77.0605 0.7192 0.0000 0.0000 0.0000 -20.6359 16.4907 58.9447 -113.7101 -57.7654 -80.3795 -28.7664 -31.6423 -32.2139 0.0 0.0 0.0 7.1250 0.0 -0.0 1.7420 -5.7132 1.9076
-7.8584 16.0961 28.7053 -13.0720 12.9798 -362.1220 0.0000 0.0000 0.0000 -23.7283 -7.8157 -33.2969 1.4320 7.5664 21.4048 -0.0135 4.3817 -5.7083 0.2463 3.1938 8.8186 0.0000 0.0000 0.0000 27.7992 -12.7113 -6.7011 -6.3638 -14.7719 46.4250 0.1216 6.4510 4.3587 -1.4121 7.5158 -21.2528 11.3991 3.4248 -0.1089 4.0698 4.4350 1.1979 -2.0151 2.3353 1.8538 -0.3918 6.1251 -22.6699 -3.2266 11.0848 34.9922 0.9655 4.0956 16.6319 -0.0000 0.0000 0.0000 26.3182 39.4742 -56.9876 71.0236 -58.5946 43.6435 35.9261 1.5848 -40.8011 0.0 0.0 0.0 -7.1250 0.0 0.0 -0.5862 76.8085 0.4369 -0.0000 0.0000 0.0000 -20.8544 16.7605 59.2475 -114.8661 -57.5296 -81.356 -28.5651 -32.0511 -31.9929 0.0 0.0 0.0 7.1250 0.0 -0.0 1.8112 -5.4278 1.9753
-7.8320 16.0438 28.9924 -14.8942 12.7344 -362.8130 0.0000 0.0000 0.0000 -22.1503 -7.6907 -32.6092 1.2293 7.0316 19.8091 -0.0127 5.2869 -7.1317 0.1808 2.7388 7.5523 0.0000 0.0000 0.0000 29.2644 -12.0400 -6.8442 -6.8891 -15.2378 48.4535 0.0853 5.4384 3.7704 -1.4402 7.5871 -21.4668 12.8473 3.4965 0.2805 4.5533 4.5906 1.1210 -2.3124 2.4144 1.6502 -0.7462 6.2472 -22.7684 -2.8882 11.2955 35.0380 1.2172 4.1825 16.6225 -0.0000 -0.0000 0.0000 27.2805 40.3127 -57.8431 71.2195 -58.6244 43.8107 35.59 0.9654 -40.6799 0.0 0.0 0.0 -7.1250 0.0 0.0 -1.1018 76.5639 0.8156 -0.0000 -0.0000 0.0000 -21.155 16.8788 59.4607 -115.7840 -57.3325 -82.1297 -28.4151 -32.3665 -31.8833 0.0 0.0 0.0 7.1250 0.0 -0.0 1.8739 -5.2732 2.0392
-7.7947 15.9763 29.2857 -15.6471 12.9557 -363.3190 0.0000 0.0000 0.0000 -21.9311 -7.6151 -31.6732 1.0769 6.5962 18.5245 -0.0367 5.9573 -7.3767 0.3070 3.5624 9.8488 0.0000 0.0000 0.0000 29.3268 -12.0660 -7.2538 -7.4978 -15.7372 50.7329 0.0636 4.6484 3.0580 -1.5135 7.7691 -22.0151 13.3005 3.4635 0.2699 4.7486 4.5344 1.2014 -2.3478 2.3991 1.7543 -1.1037 6.3646 -23.0585 -2.5735 11.5229 35.1329 1.4720 4.2633 16.6842 0.0000 0.0000 0.0000 28.168 40.8468 -58.7248 70.9913 -58.5897 43.616 35.2933 0.1404 -39.8257 0.0 0.0 0.0 -7.1250 0.0 0.0 -0.6140 75.5944 0.4419 0.0000 0.0000 0.0000 -21.3746 16.991 59.4588 -116.7650 -57.1121 -82.9544 -28.544 -32.6537 -32.0806 0.0 0.0 0.0 7.1250 0.0 -0.0 1.8399 -5.514 2.0092
-7.7502 15.9178 29.6005 -14.9387 13.5058 -363.8450 0.0000 0.0000 0.0000 -23.2955 -7.5295 -29.9408 0.9636 6.2503 17.5123 -0.0777 6.3341 -6.5366 0.3041 3.5453 9.8007 0.0000 0.0000 0.0000 27.4506 -12.8120 -7.3878 -8.1626 -16.2375 53.1462 0.0586 4.3158 2.0799 -1.5208 7.7872 -22.0695 12.2568 3.3698 0.2518 4.5600 4.3901 1.4325 -1.9816 2.3333 1.9210 -1.0577 6.4579 -23.2518 -2.6463 11.6969 35.1942 1.4804 4.3205 16.7750 -0.0000 0.0000 0.0000 29.3084 41.2332 -59.9046 70.8263 -58.5643 43.4752 35.2722 -0.4483 -39.1537 0.0 0.0 0.0 -7.1250 0.0 0.0 0.0977 74.903 -0.0689 -0.0000 0.0000 0.0000 -21.3763 17.3399 59.2837 -117.8781 -56.8494 -83.8878 -28.7662 -32.5258 -32.0009 0.0 0.0 0.0 7.1250 0.0 -0.0 1.7006 -5.49 1.8563
-7.7093 15.8434 29.9193 -14.2017 13.9985 -364.6210 0.0000 0.0000 0.0000 -24.4681 -7.6139 -28.0352 0.9423 6.1826 17.3153 -0.0967 6.1156 -5.0679 0.1022 2.0613 5.6751 0.0000 0.0000 0.0000 25.3780 -13.5973 -7.2659 -8.8336 -16.6994 55.5129 0.0513 4.1321 0.4642 -1.9686 8.8003 -25.1727 11.1659 3.2472 0.6313 4.3540 4.2755 1.6328 -1.6317 2.2669 1.8339 -0.9239 6.5815 -23.3454 -2.7318 11.8969 35.3485 1.4734 4.3970 16.8991 -0.0000 0.0000 0.0000 30.5406 41.705 -61.2003 70.7229 -58.5482 43.3869 35.2674 -0.7995 -39.1976 0.0 0.0 0.0 -7.1250 0.0 0.0 0.0420 74.9461 -0.0297 -0.0000 0.0000 0.0000 -21.3775 17.8358 59.0908 -118.9836 -56.5747 -84.8119 -28.7974 -32.3486 -31.7323 0.0 0.0 0.0 7.1250 0.0 -0.0 1.6311 -5.2166 1.7733
-7.6840 15.7357 30.2189 -14.9003 13.9419 -365.5070 0.0000 0.0000 0.0000 -23.6340 -8.1046 -27.3220 1.0940 6.6467 18.6729 -0.0950 5.5053 -2.7878 0.0645 1.6390 4.5090 0.0000 0.0000 0.0000 25.1999 -13.4272 -7.4863 -9.4707 -17.1012 57.7040 0.0084 3.0115 -1.6021 -2.4995 9.8370 -28.4506 11.4181 3.1907 1.1237 4.5500 4.2692 1.7175 -1.5932 2.2616 1.6488 -0.7576 6.7889 -23.3223 -2.8412 12.1919 35.3369 1.4609 4.5240 16.9159 0.0000 -0.0000 0.0000 31.5025 42.2851 -62.187 70.8102 -58.5618 43.4614 35.0623 -0.9855 -39.5782 0.0 0.0 0.0 -7.1250 0.0 0.0 -0.7624 75.2609 0.5434 0.0000 -0.0000 0.0000 -21.605 18.2898 59.0567 -119.9949 -56.3113 -85.6547 -28.9483 -32.3627 -31.7257 0.0 0.0 0.0 7.1250 0.0 -0.0 1.5454 -5.2501 1.6809
-7.6598 15.6230 30.4916 -16.3200 13.3921 -366.3230 0.0000 0.0000 0.0000 -21.9690 -8.2534 -28.1594 1.4913 7.7146 21.8504 -0.0812 5.2025 -0.5549 0.4291 4.2037 11.6504 0.0000 0.0000 0.0000 26.0248 -12.6535 -8.0773 -10.0331 -17.4284 59.5988 -0.0394 1.1419 -3.5265 -2.2272 9.3240 -26.8142 12.5636 3.2746 1.8211 4.8555 4.5056 1.6976 -1.9309 2.3761 1.3301 -0.5980 6.9484 -23.2903 -2.8584 12.3697 35.2832 1.4626 4.6189 16.8966 0.0000 -0.0000 0.0000 32.6383 42.5941 -63.3793 70.7313 -58.5496 43.3941 34.8629 -1.3011 -39.6431 0.0 0.0 0.0 -7.1250 0.0 0.0 -1.2099 75.2556 0.8622 0.0000 -0.0000 0.0000 -21.7132 18.8809 58.9603 -121.1267 -56.0022 -86.5947 -28.907 -32.1852 -32.2077 0.0 0.0 0.0 7.1250 0.0 -0.0 1.6627 -5.7447 1.8215
-7.6250 15.5242 30.7542 -17.3915 12.8122 -367.0490 0.0000 0.0000 0.0000 -21.1248 -7.5126 -29.9119 2.0980 9.0672 26.0058 -0.0621 5.0359 0.7417 1.1301 6.7519 18.9825 0.0000 0.0000 0.0000 26.3878 -11.9953 -8.6920 -10.5273 -17.6959 61.2366 -0.0656 -0.7573 -5.1784 -1.6934 8.1960 -23.3110 13.4989 3.3448 2.6809 5.0153 4.7709 1.6650 -2.3194 2.4940 0.9108 -0.4306 7.0970 -23.3196 -2.7272 12.4894 35.3911 1.5222 4.7039 16.9593 0.0000 -0.0000 0.0000 33.7546 42.6632 -64.5769 70.3480 -58.4892 43.0672 34.7583 -1.6948 -39.5455 0.0 0.0 0.0 -7.1250 0.0 0.0 -1.2898 75.1194 0.9154 0.0000 -0.0000 0.0000 -21.7361 19.327 58.8401 -122.1378 -55.7128 -87.4316 -28.7247 -32.0615 -32.6317 0.0 0.0 0.0 7.1250 0.0 -0.0 1.8475 -6.1389 2.0354
-7.5916 15.4325 31.0119 -18.7414 12.1827 -367.9490 0.0000 0.0000 0.0000 -19.8747 -6.8875 -31.4397 2.7638 10.3025 29.9620 -0.0395 4.3463 1.1264 0.9855 6.3188 17.7122 0.0000 0.0000 0.0000 27.1874 -11.1736 -9.2937 -10.9876 -17.9290 62.7413 -0.0598 -2.9772 -6.6772 -1.3650 7.3945 -20.8896 14.6261 3.3297 3.5967 5.2768 4.9539 1.6959 -2.7058 2.5726 0.5288 0.0770 7.3486 -23.0745 -2.9779 12.7255 35.1689 1.3657 4.8471 16.8585 0.0000 -0.0000 0.0000 34.4632 42.6991 -65.3218 69.8485 -58.4086 42.6415 34.3557 -2.0055 -39.5714 0.0 0.0 0.0 -7.1250 0.0 0.0 -2.0579 75.0022 1.4554 0.0000 -0.0000 0.0000 -21.8049 19.5835 58.7707 -122.9396 -55.4743 -88.0931 -28.7704 -31.7738 -32.282 0.0 0.0 0.0 7.1250 0.0 -0.0 1.7532 -5.7856 1.9219
-7.5404 15.3396 31.2907 -18.7806 12.2614 -368.3930 0.0000 0.0000 0.0000 -19.9310 -7.2248 -32.1535 3.4335 11.3658 33.5236 -0.0227 3.0641 0.4821 0.4102 4.1115 11.3905 0.0000 0.0000 0.0000 26.3305 -10.7848 -10.2410 -11.5484 -18.1932 64.5501 -0.0712 -4.2607 -8.3155 -1.1082 6.6883 -18.7950 14.4694 3.2642 3.7718 5.1665 4.8836 1.7942 -2.7465 2.5410 0.5203 0.5748 7.5616 -22.5148 -3.5136 12.9325 34.3372 1.0532 4.9724 16.4074 -0.0000 0.0000 0.0000 34.9547 42.3714 -66.0904 68.4486 -58.1701 41.4506 34.0222 -2.4638 -38.9205 0.0 0.0 0.0 -7.1250 0.0 0.0 -1.9091 74.2256 1.3183 -0.0000 0.0000 0.0000 -21.7753 19.7697 58.7066 -123.5685 -55.2815 -88.6106 -28.8744 -31.3463 -31.7817 0.0 0.0 0.0 7.1250 0.0 -0.0 1.5976 -5.2892 1.7387
-7.4439 15.2540 31.6240 -15.0199 13.6033 -368.0030 0.0000 0.0000 0.0000 -24.2938 -8.4660 -31.2273 4.0196 12.1864 36.3947 -0.0094 1.8465 -1.3838 0.3120 3.5910 9.9287 0.0000 0.0000 0.0000 20.3298 -11.4636 -10.9784 -12.2664 -18.5010 66.8309 -0.2249 -2.9024 -10.5115 -1.1134 6.7037 -18.8404 10.6641 3.1076 2.8925 4.0117 4.3759 2.1711 -1.8392 2.3020 1.1236 1.0508 7.7502 -21.7512 -4.1499 13.1178 33.2713 0.6901 5.0876 15.8188 -0.0000 0.0000 0.0000 35.1776 41.5936 -66.8437 66.1654 -57.7407 39.5152 34.3197 -2.6749 -37.7904 0.0 0.0 0.0 -7.1250 0.0 0.0 -0.2505 73.1736 0.1673 -0.0000 0.0000 0.0000 -21.492 19.7499 58.603 -123.6655 -55.2513 -88.6904 -28.9555 -30.9365 -31.4893 0.0 0.0 0.0 7.1250 0.0 -0.0 1.4957 -5.0037 1.621
-7.3972 15.1334 31.8660 -11.7013 14.1333 -367.4290 0.0000 0.0000 0.0000 -27.5750 -9.8638 -31.0802 4.6036 12.9230 39.0809 0.0138 1.3415 -3.1250 0.5229 4.6343 12.8684 0.0000 0.0000 0.0000 15.4944 -10.0503 -12.8515 -13.2199 -18.8601 69.8072 -0.4771 -1.7469 -13.7991 -1.3323 7.3092 -20.6346 7.3603 3.0245 3.0117 2.9819 4.1898 2.4240 -1.1035 2.1801 1.1228 1.4339 8.0753 -21.6272 -4.5624 13.5751 32.9667 0.5416 5.2791 15.7384 0.0000 0.0000 0.0000 34.5984 40.4216 -66.7778 63.5790 -57.1906 37.3345 34.9722 -2.1753 -37.4678 0.0 0.0 0.0 -7.1250 0.0 0.0 1.1613 73.0629 -0.7726 0.0000 0.0000 0.0000 -20.986 19.3006 58.2788 -122.9443 -55.4729 -88.0969 -28.9433 -30.444 -31.5134 0.0 0.0 0.0 7.1250 0.0 -0.0 1.5072 -5.0257 1.634
-7.3925 15.0286 32.0410 -10.3430 13.5239 -366.8770 0.0000 0.0000 0.0000 -28.5455 -9.9790 -32.3490 5.1499 13.5507 41.4664 0.0363 0.7702 -3.9685 0.4155 4.1376 11.4642 0.0000 0.0000 0.0000 13.9406 -6.5767 -15.7695 -14.1759 -19.1665 72.7408 -0.6205 -2.3157 -15.8974 -0.8660 5.9338 -16.5924 5.9398 3.2458 3.6055 2.5456 4.4988 2.5013 -0.8119 2.3123 0.8132 1.5025 8.4288 -22.3136 -4.5865 14.1778 33.4850 0.6910 5.4801 16.1837 -0.0000 -0.0000 0.0000 33.5398 38.6399 -66.3973 60.3148 -56.3932 34.6032 35.5485 -1.4321 -37.4308 0.0 0.0 0.0 -7.1250 0.0 0.0 2.2011 73.2207 -1.4722 -0.0000 -0.0000 0.0000 -20.395 18.9046 57.5586 -121.9659 -55.7629 -87.2895 -28.992 -30.1441 -32.2577 0.0 0.0 0.0 7.1250 0.0 -0.0 1.6253 -5.8202 1.7824
-7.3984 14.9416 32.1760 -11.3318 11.9252 -367.1790 0.0000 0.0000 0.0000 -27.0585 -8.5031 -34.1059 5.6927 14.1238 43.7355 0.0517 -0.0212 -4.2845 0.2022 2.8956 7.9883 0.0000 0.0000 0.0000 15.5739 -1.9672 -18.3374 -14.9316 -19.3726 75.0305 -0.6856 -4.3835 -17.8420 -0.7230 5.4333 -15.1486 7.0146 3.7430 5.0795 2.7751 5.3262 2.5615 -1.2855 2.7204 0.1823 1.6928 8.6718 -22.5809 -4.9010 14.6217 33.6014 0.6418 5.6210 16.3803 0.0000 -0.0000 0.0000 32.5854 36.2977 -66.5042 56.0790 -55.1712 31.0999 35.753 -0.9417 -35.8059 0.0 0.0 0.0 -7.1250 0.0 0.0 3.7210 71.5829 -2.3558 0.0000 -0.0000 0.0000 -19.7608 19.1554 56.385 -121.4553 -55.9095 -86.867 -29.1952 -29.7804 -32.8377 0.0 0.0 0.0 7.1250 0.0 -0.0 1.6288 -6.4828 1.803
-7.3513 14.8963 32.3480 -11.6980 10.8836 -367.7160 0.0000 0.0000 0.0000 -26.6453 -7.1185 -34.3033 6.0692 14.4951 45.2590 0.0783 -0.9010 -5.0422 0.2074 2.9325 8.0910 0.0000 0.0000 0.0000 16.0454 1.6478 -19.6484 -15.3596 -19.4757 76.3174 -0.7386 -5.6761 -19.2721 -0.6591 5.1925 -14.4583 7.8279 4.1548 6.1221 2.8014 5.9948 2.9046 -1.7881 3.0664 0.0928 1.5672 8.7136 -22.5445 -5.0814 14.7530 33.2517 0.6055 5.6510 16.2148 -0.0000 0.0000 0.0000 31.555 33.5329 -66.1051 53.5632 -54.3353 29.0451 34.6965 -0.4518 -38.3905 0.0 0.0 0.0 -7.1250 0.0 0.0 -0.1664 73.9202 0.1138 -0.0000 0.0000 0.0000 -19.0392 19.6114 54.7736 -120.8832 -56.07 -86.3927 -29.3166 -29.2705 -32.6497 0.0 0.0 0.0 7.1250 0.0 -0.0 1.5237 -6.3196 1.6827
-7.2662 14.8932 32.5487 -10.4417 10.7705 -367.7950 0.0000 0.0000 0.0000 -28.2012 -6.7847 -33.1883 6.2153 14.6338 45.8399 0.1218 -1.5301 -6.2348 0.3647 3.8792 10.7370 0.0000 0.0000 0.0000 14.3193 4.4552 -20.6317 -15.5988 -19.5291 77.0340 -0.8122 -6.2581 -20.4160 -0.5325 4.6761 -12.9871 7.1935 4.4537 6.4648 2.3069 6.3647 3.2352 -1.9759 3.2614 0.2644 1.0464 8.6347 -22.5217 -4.7256 14.6553 32.9777 0.8043 5.6165 15.9768 -0.0000 -0.0000 0.0000 30.4938 30.7818 -64.9353 52.4430 -53.9345 28.1372 32.0917 -1.0592 -45.0336 0.0 0.0 0.0 -7.1250 0.0 0.0 -16.8733 79.3306 13.5128 -0.0000 -0.0000 0.0000 -18.2666 20.117 53.1517 -119.6039 -56.4146 -85.3291 -29.7966 -29.0506 -32.0376 0.0 0.0 0.0 7.1250 0.0 -0.0 1.1340 -5.81 1.2432
-7.1833 14.8916 32.7395 -8.5832 10.8567 -367.7040 0.0000 0.0000 0.0000 -30.4065 -6.7366 -31.6330 6.1800 14.6005 45.6999 0.1651 -1.9109 -7.2472 0.6756 5.2560 14.6401 0.0000 0.0000 0.0000 11.8892 7.2736 -21.7729 -15.7886 -19.5693 77.6012 -0.7262 -6.7121 -19.9082 -0.2826 3.4189 -9.4474 6.0062 4.7158 6.9677 1.5959 6.6708 3.3757 -2.1119 3.4047 0.1036 0.7549 8.6008 -22.1962 -4.5243 14.5948 32.6973 0.8949 5.6159 15.7123 -0.0000 -0.0000 0.0000 29.5107 28.579 -64.0742 50.3535 -53.1371 26.4567 30.1354 -1.5294 -47.6201 0.0 0.0 0.0 -7.1250 0.0 0.0 -29.5431 80.581 24.567 -0.0000 -0.0000 0.0000 -17.5857 20.593 51.8204 -117.4169 -56.9599 -83.5014 -30.8396 -29.059 -30.8151 0.0 0.0 0.0 7.1250 0.0 -0.0 0.3044 -4.8078 0.3289
-7.1100 14.8904 32.9246 -7.2660 10.8650 -367.7130 0.0000 0.0000 0.0000 -32.0589 -6.4139 -30.2356 6.1006 14.5252 45.3843 0.1967 -2.3189 -7.8956 0.9392 6.1729 17.2869 0.0000 0.0000 0.0000 10.2506 10.1998 -22.8530 -15.8898 -19.5901 77.9033 -0.5942 -7.5532 -19.2297 -0.4248 4.1832 -11.5927 5.2516 4.9052 7.3279 1.0599 6.8873 3.5546 -2.2844 3.5119 0.0831 0.8273 8.6688 -21.6651 -4.7637 14.7179 32.4230 0.7781 5.6768 15.5015 0.0000 -0.0000 0.0000 28.3474 26.735 -63.0771 48.6567 -52.4391 25.1053 29.9266 -1.0015 -47.9639 0.0 0.0 0.0 -7.1250 0.0 0.0 -31.3747 80.7353 26.2161 0.0000 -0.0000 0.0000 -16.9804 20.6094 50.569 -114.4731 -57.6113 -81.0244 -31.1919 -29.2082 -30.1049 0.0 0.0 0.0 7.1250 0.0 -0.0 -0.0365 -4.1487 -0.039
-7.0451 14.9103 33.1064 -6.9713 11.1634 -367.6810 0.0000 0.0000 0.0000 -32.7116 -6.2119 -29.4110 6.1338 14.5567 45.5163 0.2215 -2.7033 -8.3665 0.6642 5.2120 14.5143 0.0000 0.0000 0.0000 9.9874 13.0220 -23.7663 -15.8386 -19.5796 77.7506 -0.4604 -8.7091 -18.8299 -0.6006 4.9611 -13.7977 5.2070 4.8373 7.0619 0.8476 6.7665 3.8651 -2.4243 3.4722 0.5636 1.3378 8.9117 -21.2596 -5.3531 15.1034 32.3345 0.5183 5.8315 15.5041 -0.0000 0.0000 0.0000 26.9079 24.9401 -61.6297 47.9488 -52.134 24.5453 31.0317 0.0354 -48.0746 0.0 0.0 0.0 -7.1250 0.0 0.0 -30.3192 81.3034 25.6409 -0.0000 0.0000 0.0000 -16.3575 20.0935 49.4391 -111.1720 -58.2366 -78.2269 -30.625 -29.4871 -30.3448 0.0 0.0 0.0 7.1250 0.0 -0.0 0.3321 -4.2467 0.3558
-6.9963 14.9336 33.2495 -7.7273 11.7153 -367.4800 0.0000 0.0000 0.0000 -32.2875 -6.3389 -28.9162 5.9988 14.4272 44.9768 0.2029 -2.5025 -8.0111 0.2748 3.3719 9.3159 0.0000 0.0000 0.0000 10.9786 15.9528 -25.0302 -15.6661 -19.5436 77.2354 -0.3734 -9.7676 -18.9250 -0.4747 4.4187 -12.2576 6.0472 4.5343 6.8467 0.8819 6.3937 3.9988 -2.8008 3.3117 0.8847 2.1183 9.2451 -20.9082 -6.0877 15.5763 32.2113 0.1797 6.0324 15.5577 0.0000 -0.0000 0.0000 25.4062 23.1094 -60.1673 47.7112 -52.0296 24.3579 32.8537 0.9641 -47.3928 0.0 0.0 0.0 -7.1250 0.0 0.0 -24.1675 81.6088 20.5067 0.0000 -0.0000 0.0000 -15.8481 19.1923 48.5461 -107.4071 -58.8235 -75.0154 -30.4706 -30.4977 -31.0812 0.0 0.0 0.0 7.1250 0.0 -0.0 0.5652 -4.987 0.6122
-6.9683 14.9388 33.3259 -9.9924 11.8680 -367.6130 0.0000 0.0000 0.0000 -29.8615 -6.7755 -29.0628 5.9342 14.3643 44.7171 0.1636 -2.3702 -7.1872 0.4902 4.4890 12.4567 0.0000 0.0000 0.0000 13.6539 19.4575 -26.6419 -15.3700 -19.4781 76.3486 -0.3694 -10.4821 -19.6407 -0.4015 4.0683 -11.2689 8.5607 4.1825 7.8703 1.2632 6.1869 3.7242 -3.8779 3.2149 0.2558 2.5219 9.4850 -20.6867 -6.2528 15.8801 32.3708 0.1054 6.1830 15.6623 -0.0000 0.0000 0.0000 24.0846 21.3985 -59.2039 47.5697 -51.967 24.2463 35.4998 2.8794 -47.5666 0.0 0.0 0.0 -7.1250 0.0 0.0 -19.7864 82.9304 17.2576 -0.0000 0.0000 0.0000 -15.6089 18.1686 47.8643 -102.8413 -59.3677 -71.0973 -31.4209 -32.3536 -31.1495 0.0 0.0 0.0 7.1250 0.0 -0.0 0.0464 -5.3294 0.0505
-6.8245 15.0463 33.5619 -5.8070 15.3958 -368.6340 0.0000 0.0000 0.0000 -35.6927 -6.4682 -23.3967 5.4571 13.8808 42.7619 0.1476 -3.5356 -6.8913 1.2049 6.9642 19.6092 0.0000 0.0000 0.0000 8.7260 17.6794 -24.0860 -14.8572 -19.3537 74.8061 -0.8634 -7.2694 -21.6412 -0.4503 4.3054 -11.9374 4.7769 3.2754 8.4389 0.1060 4.7200 4.7165 -2.9121 2.4716 0.5542 2.4084 9.5608 -20.7852 -5.8320 15.9887 33.0354 0.3330 6.2385 15.9457 -0.0000 0.0000 0.0000 22.9031 19.8849 -58.657 47.9502 -52.1346 24.5464 39.1564 6.3057 -49.4405 0.0 0.0 0.0 -7.1250 0.0 0.0 -23.9151 86.0837 22.2783 -0.0000 0.0000 0.0000 -15.4516 17.4998 47.1659 -98.3583 -59.7344 -67.232 -32.3815 -33.2064 -29.2587 0.0 0.0 0.0 7.1250 0.0 -0.0 -0.8824 -3.5763 -0.9358
-6.7480 15.1220 33.6953 -7.3409 19.1659 -370.2740 0.0000 0.0000 0.0000 -35.2918 -7.6748 -19.8353 5.1903 13.5950 41.6387 0.0887 -3.5454 -5.4839 1.1776 6.8874 19.3822 0.0000 0.0000 0.0000 10.6180 16.7560 -22.3015 -14.1578 -19.1612 72.6859 -1.2144 -5.5625 -23.5097 -0.1958 2.8495 -7.8601 6.4813 1.7538 9.7937 0.3100 2.9227 4.9692 -3.5875 1.5964 0.0105 2.2754 9.5923 -20.8273 -5.4218 16.0227 33.5981 0.5415 6.2669 16.1651 0.0000 0.0000 0.0000 21.9374 18.5594 -58.3566 49.1831 -52.6607 25.5232 41.8988 8.6809 -50.5655 0.0 0.0 0.0 -7.1250 0.0 0.0 -33.9076 88.206 32.8938 0.0000 0.0000 0.0000 -15.2591 17.3023 46.5088 -94.6302 -59.9188 -64.0088 -32.7864 -34.7944 -30.0764 0.0 0.0 0.0 7.1250 0.0 -0.0 -0.9443 -4.5779 -1.0168
-6.7027 15.1920 33.8297 -7.8165 20.7640 -370.2420 0.0000 0.0000 0.0000 -35.2695 -7.6947 -18.5179 4.8328 13.1930 40.0954 0.0460 -3.0094 -4.0703 0.8515 5.8850 16.4511 0.0000 0.0000 0.0000 11.1386 18.2622 -22.7457 -13.5941 -18.9863 70.9608 -1.3694 -3.6728 -23.6978 -0.0252 1.0249 -2.8173 6.5668 1.1972 10.0582 0.3954 2.2208 4.8067 -3.4997 1.2294 -0.3805 2.1114 9.6975 -20.7939 -5.0294 16.1498 33.9537 0.7601 6.3407 16.2694 0.0000 0.0000 0.0000 21.1104 17.2718 -58.2276 50.6803 -53.2662 26.7184 41.0803 7.1679 -49.9228 0.0 0.0 0.0 -7.1250 0.0 0.0 -23.6256 87.3804 22.5539 0.0000 0.0000 0.0000 -15.2179 17.2873 46.2386 -91.1181 -59.9953 -60.9683 -33.0612 -35.8954 -30.2208 0.0 0.0 0.0 7.1250 0.0 -0.0 -1.0689 -4.8154 -1.155
-6.6542 15.2556 33.9633 -7.6318 21.9354 -369.4320 0.0000 0.0000 0.0000 -35.5838 -7.8625 -18.2621 4.7113 13.0511 39.5602 0.0263 -2.9876 -3.3256 0.9813 6.3056 17.6738 0.0000 0.0000 0.0000 10.5999 19.9149 -24.1144 -13.1031 -18.8191 69.4455 -1.3874 -1.9673 -23.0400 -0.0031 0.3609 -0.9915 5.9571 0.9617 9.6103 0.4321 1.8265 4.7003 -3.0721 1.0212 -0.3151 2.1052 9.7857 -20.5262 -5.1040 16.2843 33.7772 0.7385 6.4057 16.1353 0.0000 -0.0000 0.0000 20.2436 15.4531 -58.3796 51.9868 -53.766 27.7688 37.9957 3.2918 -48.3715 0.0 0.0 0.0 -7.1250 0.0 0.0 -18.3078 84.7185 16.5777 0.0000 -0.0000 0.0000 -15.1838 17.5594 45.8759 -88.3783 -59.9901 -58.5956 -32.1076 -36.4543 -32.141 0.0 0.0 0.0 7.1250 0.0 -0.0 -0.1251 -6.5861 -0.1386
-6.6032 15.3086 34.1034 -7.8368 22.6734 -368.4430 0.0000 0.0000 0.0000 -35.4039 -7.6446 -18.6830 4.6286 12.9529 39.1924 0.0042 -3.4194 -2.5950 0.9623 6.2460 17.4998 0.0000 0.0000 0.0000 10.4366 21.8298 -25.7645 -12.6481 -18.6514 68.0288 -1.4191 -0.6432 -22.7663 -0.0048 0.4456 -1.2244 5.8428 0.9904 8.6998 0.5413 1.7949 4.5945 -2.8682 1.0098 0.0630 2.2238 9.7089 -20.3541 -5.3417 16.1802 33.5559 0.5868 6.3622 16.0262 -0.0000 -0.0000 0.0000 19.7359 13.4247 -59.0736 53.6084 -54.3511 29.0818 35.8328 0.7859 -46.5845 0.0 0.0 0.0 -7.1250 0.0 0.0 -14.5479 82.2584 12.4807 -0.0000 -0.0000 0.0000 -14.638 18.743 44.9805 -87.1230 -59.9687 -57.5087 -33.2966 -36.4136 -32.2142 0.0 0.0 0.0 7.1250 0.0 -0.0 -0.7642 -7.0273 -0.852
-6.5462 15.3561 34.2457 -8.0706 23.5713 -367.2650 0.0000 0.0000 0.0000 -35.3177 -7.2433 -19.5534 4.5746 12.8881 38.9510 -0.0282 -4.2032 -1.6267 0.6162 5.0239 13.9768 0.0000 0.0000 0.0000 10.0811 23.5086 -27.7251 -12.1959 -18.4722 66.6085 -1.4196 0.5123 -22.3781 -0.0022 0.3035 -0.8340 5.8267 1.0266 7.7118 0.5937 1.7821 4.2414 -2.7832 0.9979 0.2363 1.8985 9.5391 -20.7150 -4.9822 15.9832 33.9943 0.7735 6.2579 16.2352 -0.0000 -0.0000 0.0000 19.5805 11.8992 -60.053 55.9648 -55.1351 31.0061 33.9565 -0.4806 -45.1276 0.0 0.0 0.0 -7.1250 0.0 0.0 -13.5625 80.1833 11.0778 -0.0000 -0.0000 0.0000 -14.9039 18.2951 44.379 -83.0696 -59.8177 -54.0018 -35.889 -37.3572 -30.5189 0.0 0.0 0.0 7.1250 0.0 -0.0 -2.5857 -6.028 -2.8457
-6.4953 15.4163 34.3644 -8.7501 24.8869 -366.3410 0.0000 0.0000 0.0000 -34.7841 -7.2803 -20.2743 4.5143 12.8151 38.6801 -0.0567 -4.7159 -0.5265 0.4478 4.2934 11.9036 0.0000 0.0000 0.0000 10.0629 24.8665 -29.7850 -11.6826 -18.2532 64.9791 -1.3546 0.5316 -21.8476 -0.5490 4.7467 -13.1876 6.0487 0.8533 7.0930 0.8684 1.5366 3.8246 -2.5984 0.8624 0.1224 1.4350 9.4547 -20.9417 -4.5998 15.9248 34.2339 1.0082 6.2136 16.3053 0.0000 -0.0000 0.0000 19.3588 10.6077 -60.9928 58.9375 -56.0201 33.4585 31.5266 -1.6888 -44.4974 0.0 0.0 0.0 -7.1250 0.0 0.0 -16.3683 78.6302 12.8741 0.0000 -0.0000 0.0000 -15.2259 18.3088 43.8241 -79.9485 -59.6148 -51.3064 -34.8199 -37.1963 -31.8342 0.0 0.0 0.0 7.1250 0.0 -0.0 -1.6890 -7.1047 -1.8857
-6.4496 15.4906 34.4876 -10.1885 26.3803 -366.4580 0.0000 0.0000 0.0000 -33.5133 -7.1658 -20.0597 4.3827 12.6530 38.0831 -0.0707 -4.7793 0.8893 0.4450 4.2802 11.8662 0.0000 0.0000 0.0000 11.3263 25.9152 -30.5618 -11.0746 -17.9714 63.0235 -1.3758 -1.5019 -22.7524 -3.7478 11.8170 -35.0878 6.8675 0.6208 7.0343 1.3464 1.2881 3.6271 -2.5470 0.7362 -0.0606 1.6077 9.3499 -20.4257 -4.7839 15.7222 33.9285 0.8267 6.1663 16.0667 -0.0000 -0.0000 0.0000 19.3095 9.1051 -62.3204 61.9387 -56.8048 35.9589 29.8591 -2.4189 -44.3514 0.0 0.0 0.0 -7.1250 0.0 0.0 -18.8068 77.8328 14.5081 -0.0000 -0.0000 0.0000 -14.917 19.8403 42.5737 -79.9403 -59.6141 -51.2994 -33.692 -36.9175 -32.6962 0.0 0.0 0.0 7.1250 0.0 -0.0 -0.8708 -7.6658 -0.9792
-6.3650 15.5841 34.6357 -10.3840 27.9735 -366.5860 0.0000 0.0000 0.0000 -33.6812 -6.5181 -18.7873 4.1558 12.3649 37.0353 -0.0720 -4.7926 2.4002 0.4621 4.3602 12.0924 0.0000 0.0000 0.0000 11.5458 26.0437 -30.5656 -10.4768 -17.6694 61.0705 -1.1269 -3.2347 -21.4595 -5.0904 13.4849 -41.2120 6.6876 0.4298 6.9265 1.4586 1.0157 3.6717 -2.3108 0.6011 0.0130 2.0955 9.2303 -19.7553 -5.2227 15.4816 33.5880 0.4787 6.1118 15.8393 -0.0000 0.0000 0.0000 19.3336 7.4793 -63.8079 64.6677 -57.4306 38.2508 29.2366 -2.8217 -43.9987 0.0 0.0 0.0 -7.1250 0.0 0.0 -18.9022 77.2793 14.369 -0.0000 0.0000 0.0000 -14.0443 21.9164 41.0163 -81.0990 -59.6985 -52.2993 -33.0575 -36.866 -33.3292 0.0 0.0 0.0 7.1250 0.0 -0.0 -0.3788 -8.1379 -0.4286
-6.2606 15.6848 34.7904 -9.2830 30.4412 -366.2490 0.0000 0.0000 0.0000 -35.2797 -6.1115 -16.7602 3.8829 12.0030 35.7426 -0.0426 -4.5840 4.6118 0.7804 5.6400 15.7435 0.0000 0.0000 0.0000 10.3437 25.0261 -30.4310 -9.9122 -17.3602 59.1944 -1.0938 -2.7739 -20.9358 -5.7323 14.1638 -43.8975 5.2522 -0.0865 6.7282 1.3779 0.2241 3.8853 -1.5392 0.1970 0.2596 1.7952 9.2025 -19.9607 -5.1868 15.5370 33.5710 0.5623 6.0970 15.8473 0.0000 -0.0000 0.0000 19.0434 6.0177 -64.8717 67.7857 -58.0507 40.8877 29.626 -2.4621 -44.4648 0.0 0.0 0.0 -7.1250 0.0 0.0 -19.4860 77.8377 15.0406 0.0000 -0.0000 0.0000 -14.118 22.722 40.4327 -79.9857 -59.6176 -51.3385 -33.9748 -36.6491 -32.8447 0.0 0.0 0.0 7.1250 0.0 -0.0 -0.9905 -7.9144 -1.1176
-6.1558 15.7797 34.9160 -8.9823 32.5698 -365.8190 0.0000 0.0000 0.0000 -36.0245 -6.0338 -15.3092 3.6259 11.6452 34.4882 0.0456 -3.6348 6.9013 1.3102 7.2505 20.4596 0.0000 0.0000 0.0000 9.6442 24.4919 -30.6193 -9.2990 -16.9963 57.1185 -1.1064 -1.1671 -20.3290 -5.9543 14.3840 -44.7982 4.7953 -0.5483 6.4807 1.4929 -0.4298 3.9247 -1.1252 -0.1339 0.3965 1.1580 9.1184 -20.3861 -4.9904 15.5793 33.5991 0.7731 6.0475 15.8734 -0.0000 -0.0000 0.0000 18.7049 4.6693 -65.9055 71.2411 -58.6277 43.8291 30.2273 -2.101 -44.5879 0.0 0.0 0.0 -7.1250 0.0 0.0 -18.8377 78.1852 14.667 -0.0000 -0.0000 0.0000 -14.9452 22.8878 40.2714 -78.2293 -59.47 -49.8244 -35.5851 -38.2051 -32.378 0.0 0.0 0.0 7.1250 0.0 -0.0 -1.9789 -7.9431 -2.2346
-6.0413 15.9059 35.0092 -10.8731 33.3293 -365.7920 0.0000 0.0000 0.0000 -34.5564 -6.2077 -15.0970 3.4054 11.3241 33.3809 0.1092 -2.3093 7.5405 1.4625 7.6431 21.6352 0.0000 0.0000 0.0000 10.7205 25.5261 -31.5720 -8.6150 -16.5535 54.7489 -0.9799 0.9388 -18.4198 -5.5617 13.9897 -43.1963 6.5801 -0.5830 5.8014 1.9410 -0.4217 3.6244 -1.6623 -0.1084 0.4646 1.1731 8.9927 -20.1890 -5.1452 15.4198 33.4316 0.6613 5.9806 15.7616 0.0000 0.0000 0.0000 18.661 3.4055 -67.1266 74.5890 -59.0833 46.6948 29.9202 -2.9664 -42.3391 0.0 0.0 0.0 -7.1250 0.0 0.0 -14.0943 76.0538 10.3243 0.0000 0.0000 0.0000 -14.4918 24.0543 39.073 -79.0246 -59.5399 -50.5097 -36.5046 -41.9084 -33.2045 0.0 0.0 0.0 7.1250 0.0 -0.0 -2.2728 -9.1467 -2.6071
-5.9576 15.9848 35.1408 -11.2723 35.0744 -365.6040 0.0000 0.0000 0.0000 -34.4656 -6.4834 -14.3493 3.2992 11.1643 32.8362 0.1772 -2.0845 9.0027 1.8432 8.5315 24.3403 0.0000 0.0000 0.0000 10.1405 26.5038 -31.5939 -7.8806 -16.0307 52.1315 -0.7664 3.9789 -15.6747 -3.5449 11.5289 -34.0850 6.6206 -0.8078 5.4997 2.0592 -0.7351 3.4542 -1.5481 -0.2694 0.4329 1.3300 8.8973 -20.0530 -5.2910 15.2689 33.3547 0.5393 5.9285 15.7203 0.0000 -0.0000 0.0000 18.7955 2.3742 -68.3196 78.3033 -59.4767 49.8882 29.2537 -3.9595 -39.6811 0.0 0.0 0.0 -7.1250 0.0 0.0 -10.6841 73.3031 7.1857 0.0000 -0.0000 0.0000 -14.3287 25.0004 38.7096 -77.7380 -59.4242 -49.4014 -37.5064 -42.1776 -32.4698 0.0 0.0 0.0 7.1250 0.0 -0.0 -2.9996 -8.7076 -3.4235
-5.8536 16.1370 35.2612 -11.5220 37.0224 -365.5730 0.0000 0.0000 0.0000 -34.4301 -6.5942 -13.3001 3.2241 11.0492 32.4461 0.3113 -1.9406 11.4314 2.6072 10.0303 29.0750 0.0000 0.0000 0.0000 9.5820 27.4208 -30.9883 -7.2811 -15.5641 49.9297 -0.5399 6.4436 -13.1730 -0.8674 5.9383 -16.6055 6.3339 -1.1886 5.3798 2.2847 -1.2590 3.4189 -1.1301 -0.5368 0.4328 0.8927 8.8490 -20.6013 -5.3125 15.3939 33.4182 0.6554 5.8986 15.8453 -0.0000 -0.0000 0.0000 18.697 1.3272 -69.1712 82.3260 -59.7763 53.3591 28.5369 -4.9654 -37.6216 0.0 0.0 0.0 -7.1250 0.0 0.0 -9.1395 71.0513 5.6914 -0.0000 -0.0000 0.0000 -14.4805 25.5384 37.7843 -78.1755 -59.465 -49.778 -34.6476 -42.5623 -32.3644 0.0 0.0 0.0 7.1250 0.0 -0.0 -1.4704 -7.6184 -1.6528
-5.7615 16.2123 35.3858 -11.6763 38.7824 -365.5740 0.0000 0.0000 0.0000 -34.4999 -6.2548 -12.5495 3.1644 10.9566 32.1336 0.4221 -0.3897 12.4197 2.4605 9.7657 28.2212 0.0000 0.0000 0.0000 10.5115 25.7180 -30.9599 -6.7843 -15.1476 48.0539 -0.4402 4.5075 -11.8033 -2.1779 9.2271 -26.5085 5.9789 -1.5286 5.4059 2.5334 -1.7203 3.4305 -0.6517 -0.7734 0.4159 1.1533 8.9024 -20.5230 -5.2997 15.4522 33.8408 0.6384 5.9410 16.0613 0.0000 0.0000 0.0000 18.5652 0.222 -69.9566 86.3521 -59.9497 56.8414 28.1178 -6.0601 -35.7029 0.0 0.0 0.0 -7.1250 0.0 0.0 -7.7640 69.0086 4.4773 0.0000 0.0000 0.0000 -14.7541 26.1531 37.6895 -76.3043 -59.2792 -48.1678 -36.4674 -43.1824 -32.6461 0.0 0.0 0.0 7.1250 0.0 -0.0 -2.3927 -8.5327 -2.7235
-5.6715 16.2611 35.5127 -11.6506 40.4238 -365.2670 0.0000 0.0000 0.0000 -34.7298 -5.8266 -12.0833 3.0775 10.8195 31.6734 0.4503 2.5613 12.0527 1.5534 7.8664 22.3089 0.0000 0.0000 0.0000 11.0342 24.2883 -31.3810 -6.4068 -14.8113 46.5933 -0.3408 3.3920 -10.3830 -3.6456 11.6732 -34.5854 5.6753 -1.7112 5.1866 2.6607 -1.9914 3.4148 -0.3438 -0.9118 0.5199 -1.8738 8.4583 -23.4184 -3.2106 15.4515 35.1321 2.1665 5.6764 16.8167 -0.0000 0.0000 0.0000 18.7 -0.817 -70.9019 90.6870 -59.9982 60.5949 27.9021 -6.2866 -35.2867 0.0 0.0 0.0 -7.1250 0.0 0.0 -7.6801 68.5234 4.3447 -0.0000 0.0000 0.0000 -14.7334 26.7481 37.138 -75.1177 -59.1464 -47.1485 -37.1223 -43.5965 -32.6758 0.0 0.0 0.0 7.1250 0.0 -0.0 -2.7396 -8.7941 -3.1296
-5.5685 16.3184 35.6351 -11.1040 42.1440 -364.4910 0.0000 0.0000 0.0000 -35.3480 -5.4013 -11.8142 3.0212 10.7293 31.3722 0.5547 3.2670 13.3338 1.3686 7.4041 20.9181 0.0000 0.0000 0.0000 10.6055 23.4540 -31.8683 -6.0810 -14.5064 45.3061 -0.2699 3.5245 -9.2332 -4.0823 12.2692 -36.6909 5.1793 -1.8381 4.7763 2.6124 -2.2122 3.3932 -0.1200 -1.0262 0.7298 -1.1814 8.3226 -22.5561 -4.0578 15.1340 34.3291 1.5671 5.5941 16.3827 0.0000 -0.0000 0.0000 18.9794 -1.904 -71.8844 94.9589 -59.9069 64.2932 27.9042 -4.8471 -38.0432 0.0 0.0 0.0 -7.1250 0.0 0.0 -10.5396 71.2542 6.6163 0.0000 -0.0000 0.0000 -14.5615 27.2841 36.387 -74.3033 -59.0482 -46.4497 -36.9663 -43.7014 -32.551 0.0 0.0 0.0 7.1250 0.0 -0.0 -2.6867 -8.6042 -3.0615
-5.4647 16.3743 35.7465 -10.7297 43.6881 -363.9470 0.0000 0.0000 0.0000 -35.7558 -4.7330 -11.5985 2.9711 10.6481 31.1021 0.6743 3.9078 14.6802 1.0472 6.5075 18.2641 0.0000 0.0000 0.0000 10.1882 22.9566 -32.2260 -5.7744 -14.2061 44.0696 -0.2176 4.1585 -8.3555 -4.0181 12.1845 -36.3877 4.8498 -1.9620 4.6575 2.6093 -2.3948 3.3326 0.0647 -1.1234 0.7379 -0.4015 8.2414 -21.6263 -5.0592 14.9361 33.5045 0.9244 5.5496 15.9564 0.0000 -0.0000 0.0000 19.2067 -2.9453 -72.7906 98.8623 -59.7011 67.6673 28.4476 -2.9858 -41.7669 0.0 0.0 0.0 -7.1250 0.0 0.0 -15.3164 74.978 10.8813 0.0000 -0.0000 0.0000 -14.4864 27.9433 35.8112 -73.6544 -58.966 -45.8935 -37.0137 -43.5593 -32.2147 0.0 0.0 0.0 7.1250 0.0 -0.0 -2.7966 -8.2567 -3.1728
-5.3627 16.4190 35.8510 -10.6850 45.2034 -363.7110 0.0000 0.0000 0.0000 -35.9138 -4.2497 -11.2659 2.9408 10.5986 30.9377 0.8333 4.9505 16.2937 1.1732 6.8751 19.3458 0.0000 0.0000 0.0000 10.0927 22.3681 -32.4523 -5.4674 -13.8916 42.8048 -0.1752 4.7229 -7.6558 -4.1144 12.3111 -36.8415 5.0648 -2.1630 4.8841 2.4503 -2.6278 3.1197 -0.1942 -1.2448 0.3675 0.3105 8.2391 -20.8146 -5.7059 14.7895 32.8666 0.4675 5.5524 15.6006 0.0000 -0.0000 0.0000 19.7855 -3.6201 -73.6389 102.6442 -59.3872 70.9276 28.9105 -2.9107 -41.9921 0.0 0.0 0.0 -7.1250 0.0 0.0 -15.0258 75.3562 10.7927 0.0000 -0.0000 0.0000 -15.0781 28.1753 35.9026 -72.4517 -58.8039 -44.8638 -32.3084 -40.3903 -31.0917 0.0 0.0 0.0 7.1250 0.0 -0.0 -0.4620 -5.5272 -0.5044
-5.2579 16.4611 35.9600 -10.6647 46.6401 -363.3810 0.0000 0.0000 0.0000 -36.0012 -3.7213 -11.2013 2.9498 10.6134 30.9869 0.9909 5.8772 17.7660 1.3425 7.3358 20.7141 0.0000 0.0000 0.0000 9.9781 22.0027 -32.5898 -5.1477 -13.5482 41.4570 -0.1279 5.0427 -6.7954 -4.3726 12.6404 -38.0370 5.9285 -2.3936 5.2930 1.8025 -2.8515 2.6294 -1.2972 -1.3704 -0.4469 0.4680 8.1979 -20.8786 -4.9430 14.4436 33.2884 0.6939 5.5165 15.7217 -0.0000 0.0000 0.0000 21.1993 -3.6899 -74.5869 106.4486 -58.9526 74.1948 29.5367 -4.205 -39.368 0.0 0.0 0.0 -7.1250 0.0 0.0 -9.8171 73.0993 6.5561 -0.0000 0.0000 0.0000 -14.3052 29.2916 35.7766 -71.8757 -58.7217 -44.3713 -35.9219 -42.537 -30.9358 0.0 0.0 0.0 7.1250 0.0 -0.0 -2.5069 -6.4937 -2.7769
-5.1537 16.5047 36.0765 -10.9299 47.7908 -363.2040 0.0000 0.0000 0.0000 -35.7512 -2.8660 -11.4636 2.9679 10.6429 31.0847 1.1844 6.1584 19.4519 1.4877 7.7057 21.8237 0.0000 0.0000 0.0000 10.0827 22.3036 -32.5692 -4.8383 -13.1994 40.1195 -0.1010 4.7368 -6.1176 -4.7001 13.0379 -39.5104 5.8434 -2.5567 4.9786 1.9529 -3.0937 2.5923 -1.0933 -1.4899 -0.3139 -0.9518 8.0001 -22.5047 -3.5557 14.4001 34.5255 1.5940 5.3986 16.4096 0.0000 0.0000 0.0000 21.45 -4.1517 -74.925 109.9213 -58.446 77.1624 30.7435 -4.8893 -37.3908 0.0 0.0 0.0 -7.1250 0.0 0.0 -5.6234 71.5558 3.5588 0.0000 0.0000 0.0000 -14.6471 29.7397 35.9722 -71.3123 -58.6384 -43.89 -35.8096 -42.1219 -30.8078 0.0 0.0 0.0 7.1250 0.0 -0.0 -2.4745 -6.317 -2.7342
-5.0480 16.5423 36.1943 -11.3485 48.7061 -363.2310 0.0000 0.0000 0.0000 -35.3904 -2.0728 -11.4476 2.9154 10.5569 30.7995 1.3732 6.5902 20.9680 1.5903 7.9547 22.5765 0.0000 0.0000 0.0000 10.2925 22.9348 -32.5583 -4.6121 -12.9332 39.1188 -0.0968 4.3214 -5.8913 -4.7487 13.0951 -39.7256 6.0627 -2.5659 4.7840 1.9392 -3.1092 2.5204 -1.2347 -1.4965 -0.2922 0.1626 8.0890 -21.6922 -4.5458 14.3678 33.8880 0.9451 5.4452 16.1252 0.0000 0.0000 0.0000 22.048 -4.3518 -75.3151 113.5764 -57.7918 80.2664 31.595 -5.0927 -36.2488 0.0 0.0 0.0 -7.1250 0.0 0.0 -3.2453 70.6774 1.9893 0.0000 0.0000 0.0000 -14.5742 30.3533 36.0103 -70.8383 -58.5661 -43.4854 -31.8865 -39.1828 -30.0522 0.0 0.0 0.0 7.1250 0.0 -0.0 -0.4405 -4.2895 -0.4722
-4.9396 16.5946 36.3058 -11.4438 49.5780 -363.1110 0.0000 0.0000 0.0000 -35.2507 -1.3857 -11.2820 2.8644 10.4722 30.5197 1.5112 7.7075 21.9986 1.6682 8.1377 23.1332 0.0000 0.0000 0.0000 10.4097 23.0974 -32.6539 -4.4175 -12.6961 38.2413 -0.0949 4.0246 -5.7620 -5.2519 13.6620 -41.9001 5.2131 -2.4160 4.4300 2.5685 -2.9712 2.6856 -0.1467 -1.4250 0.1577 -0.1184 7.8600 -21.5415 -5.1465 14.3408 33.6255 0.7247 5.3353 16.0129 -0.0000 0.0000 0.0000 21.2653 -5.1512 -75.6961 116.2615 -57.2265 82.5313 31.9887 -5.0676 -35.4601 0.0 0.0 0.0 -7.1250 0.0 0.0 -2.0016 69.9925 1.1961 -0.0000 0.0000 0.0000 -15.4829 30.6708 35.7306 -70.6966 -58.5441 -43.3645 -30.0664 -37.9284 -29.4898 0.0 0.0 0.0 7.1250 0.0 -0.0 0.4856 -3.1824 0.5119
-4.8182 16.6872 36.4040 -11.2759 50.7620 -362.8690 0.0000 0.0000 0.0000 -35.2652 -0.8113 -10.7692 2.8079 10.3773 30.2074 1.5773 9.3985 22.5233 1.7228 8.2631 23.5161 0.0000 0.0000 0.0000 10.6500 22.2056 -32.9078 -4.2821 -12.5266 37.6214 -0.0971 3.9498 -5.7967 -6.4463 14.8473 -46.7475 4.4392 -2.5476 4.1892 3.0148 -3.1950 2.8869 0.7335 -1.5388 0.5560 -0.9221 7.7060 -22.0342 -5.0995 14.4407 33.6879 0.9170 5.2621 16.0880 0.0000 -0.0000 0.0000 20.5008 -6.1411 -75.5393 117.9433 -56.8335 83.9423 32.4389 -4.749 -34.774 0.0 0.0 0.0 -7.1250 0.0 0.0 -0.8213 69.423 0.4802 0.0000 -0.0000 0.0000 -16.5114 30.7079 36.0148 -70.3617 -58.4914 -43.0789 -29.5683 -37.48 -29.181 0.0 0.0 0.0 7.1250 0.0 -0.0 0.7142 -2.721 0.7474
-4.7015 16.6608 36.5114 -11.0728 52.0558 -362.4940 0.0000 0.0000 0.0000 -35.4414 -0.5385 -10.3304 2.8062 10.3744 30.1980 1.5584 10.8067 22.5026 1.3893 7.4574 21.0777 0.0000 0.0000 0.0000 10.2446 21.9942 -33.0665 -4.0936 -12.2839 36.7439 -0.0884 3.8652 -5.5566 -6.3658 14.7737 -46.4329 4.2163 -2.7694 3.8571 3.1937 -3.5223 2.9823 1.0339 -1.7011 0.8576 -1.5179 7.6300 -22.3531 -4.9746 14.5162 33.6126 1.0914 5.2303 16.0604 0.0000 0.0000 0.0000 20.1719 -6.9559 -75.3157 119.4042 -56.4666 85.1627 33.5916 -3.6039 -34.2737 0.0 0.0 0.0 -7.1250 0.0 0.0 1.2370 69.2628 -0.7189 0.0000 0.0000 0.0000 -17.3573 30.7932 36.5714 -69.8656 -58.4114 -42.6561 -28.9948 -37.3306 -29.1201 0.0 0.0 0.0 7.1250 0.0 -0.0 1.0334 -2.5077 1.0778
-4.5811 16.6050 36.6149 -10.5637 53.2397 -361.7780 0.0000 0.0000 0.0000 -35.8645 -0.3180 -10.0695 2.8305 10.4154 30.3327 1.5888 11.3385 22.7731 1.1097 6.6927 18.8080 0.0000 0.0000 0.0000 9.4780 21.7229 -33.1724 -3.9076 -12.0364 35.8610 -0.0798 4.1643 -5.4214 -5.7245 14.1560 -43.8659 4.3698 -2.7665 3.4712 2.9776 -3.5393 2.9034 0.7101 -1.7053 0.9685 -1.6971 7.4231 -22.1641 -4.8150 14.1789 33.4449 1.1036 5.1138 15.8906 -0.0000 -0.0000 0.0000 20.4433 -7.4978 -75.7289 121.1778 -55.9878 86.6371 35.1138 -1.9787 -34.2892 0.0 0.0 0.0 -7.1250 0.0 0.0 3.5747 69.7636 -2.1185 -0.0000 -0.0000 0.0000 -17.168 31.4312 36.1754 -69.9074 -58.4182 -42.6917 -28.3089 -36.6968 -29.0539 0.0 0.0 0.0 7.1250 0.0 -0.0 1.4174 -2.2636 1.4727
-4.4585 16.5800 36.7273 -10.3395 54.2545 -361.3720 0.0000 0.0000 0.0000 -35.9339 -0.0059 -10.0022 2.9340 10.5874 30.9007 1.6261 11.6350 23.0645 0.9447 6.1904 17.3378 0.0000 0.0000 0.0000 9.1944 21.4565 -33.0302 -3.6854 -11.7295 34.7817 -0.0721 3.8568 -5.1220 -5.3297 13.7458 -42.2285 4.4937 -2.6295 3.1609 2.8134 -3.3734 2.8247 0.4549 -1.6194 1.0468 -1.5068 7.1817 -21.7714 -4.9348 13.7575 33.3020 0.9194 4.9736 15.7510 0.0000 -0.0000 0.0000 20.8531 -7.8157 -76.3527 123.2052 -55.3935 88.3118 35.2817 -2.0499 -33.4115 0.0 0.0 0.0 -7.1250 0.0 0.0 4.2865 68.877 -2.4554 0.0000 -0.0000 0.0000 -16.6119 32.237 35.2851 -70.3436 -58.4885 -43.0634 -27.8303 -35.7533 -28.8862 0.0 0.0 0.0 7.1250 0.0 -0.0 1.6654 -1.9674 1.7223
-4.3334 16.5517 36.8401 -10.6529 55.2048 -361.4830 0.0000 0.0000 0.0000 -35.6917 0.9288 -10.2367 3.0569 10.7865 31.5633 1.8290 10.6440 24.3231 0.3402 3.7479 10.3685 0.0000 0.0000 0.0000 9.4187 20.9466 -32.9179 -3.5080 -11.4752 33.8996 -0.0626 3.3697 -4.7060 -5.2005 13.6061 -41.6820 4.8178 -2.6644 3.0437 2.8596 -3.4177 2.7823 0.3199 -1.6361 1.0526 -1.4896 7.0772 -21.7423 -4.9750 13.6238 33.3441 0.8740 4.9162 15.7681 -0.0000 0.0000 0.0000 21.0463 -7.8631 -76.4475 125.0943 -54.7921 89.8611 35.1123 -2.7163 -32.1949 0.0 0.0 0.0 -7.1250 0.0 0.0 4.5770 67.5119 -2.4804 -0.0000 0.0000 0.0000 -16.8827 32.6094 35.3675 -70.3276 -58.486 -43.0498 -29.5221 -36.3185 -29.0572 0.0 0.0 0.0 7.1250 0.0 -0.0 0.7183 -2.5769 0.7499
-4.2119 16.5033 36.9551 -11.8698 56.3033 -362.4620 0.0000 0.0000 0.0000 -35.0212 2.4563 -10.7385 3.1987 11.0100 32.3135 2.1615 7.4955 26.4530 0.0261 1.0432 2.8676 0.0000 0.0000 0.0000 10.6458 18.4389 -33.1229 -3.3109 -11.1820 32.8963 -0.0021 4.3683 -3.1392 -5.1369 13.5364 -41.4109 5.6401 -2.9606 2.9924 3.0818 -3.7968 2.8732 0.0999 -1.8075 1.1298 -1.8669 7.0816 -22.2138 -4.7167 13.7379 33.5664 1.0892 4.9238 15.9272 0.0000 -0.0000 0.0000 21.1031 -7.9055 -75.7969 126.5198 -54.3062 91.0224 35.4371 -2.5141 -31.7839 0.0 0.0 0.0 -7.1250 0.0 0.0 5.2205 67.1651 -2.7885 0.0000 -0.0000 0.0000 -17.8144 32.4188 36.3978 -70.0688 -58.4444 -42.8292 -34.1333 -38.9938 -28.9705 0.0 0.0 0.0 7.1250 0.0 -0.0 -1.9401 -3.7799 -2.0649
-4.0927 16.4561 37.0616 -13.8520 57.4782 -364.2050 0.0000 0.0000 0.0000 -33.8529 3.3162 -10.9745 3.4267 11.3557 33.4890 2.2493 5.5590 27.1840 0.0544 -1.5049 -4.1393 0.0000 0.0000 0.0000 13.0035 12.9936 -34.1311 -3.1010 -10.8567 31.7982 0.1684 7.7153 0.0222 -5.1571 13.5586 -41.4971 6.8187 -3.1923 2.9764 3.3360 -4.0783 2.9640 -0.2810 -1.9224 1.1651 -1.9895 6.9967 -22.3291 -4.6198 13.6395 33.6238 1.1357 4.8758 15.9587 0.0000 0.0000 0.0000 21.3779 -7.9419 -75.3403 127.7709 -53.8559 92.0355 35.4642 -2.4575 -31.3759 0.0 0.0 0.0 -7.1250 0.0 0.0 5.4124 66.7288 -2.8372 0.0000 0.0000 0.0000 -18.2855 32.4595 36.9747 -70.2036 -58.4662 -42.9441 -28.663 -34.8618 -27.4695 0.0 0.0 0.0 7.1250 0.0 -0.0 0.9410 -0.6631 0.9519
-3.9705 16.4371 37.1540 -16.4435 58.4058 -366.6450 0.0000 0.0000 0.0000 -32.2124 3.5332 -10.8588 3.7413 11.8079 35.0557 2.1618 6.3173 26.5436 0.0252 -1.0251 -2.8178 0.0000 0.0000 0.0000 13.2780 18.4826 -30.6803 -2.8062 -10.3745 30.1983 -0.0303 0.8461 -3.1007 -5.5085 13.9345 -42.9757 8.2595 -3.2851 3.2049 3.6093 -4.1334 2.9776 -0.7713 -1.9260 0.9769 -1.9357 6.8931 -22.1265 -4.6026 13.4441 33.5692 1.0851 4.8188 15.8834 0.0000 -0.0000 0.0000 21.8097 -7.3948 -75.0876 129.4792 -53.2034 93.4094 34.8843 -2.7892 -30.8558 0.0 0.0 0.0 -7.1250 0.0 0.0 4.7689 65.9875 -2.4179 0.0000 -0.0000 0.0000 -18.4693 32.8294 37.0474 -70.3551 -58.4904 -43.0732 -25.4627 -32.2224 -27.3772 0.0 0.0 0.0 7.1250 0.0 -0.0 2.8136 0.1748 2.8084
-3.8483 16.3814 37.2494 -19.4659 59.0560 -369.5760 0.0000 0.0000 0.0000 -30.3297 4.0051 -10.9954 4.1604 12.3709 37.0570 2.0451 7.4094 25.7082 0.0064 0.5160 1.4179 0.0000 0.0000 0.0000 16.4960 11.7224 -31.3808 -2.4903 -9.8203 28.3967 0.0872 5.4043 0.5171 -5.5399 13.9672 -43.1061 9.8881 -3.4626 3.6384 4.0606 -4.2555 3.0506 -1.1603 -1.9601 0.7311 -2.1084 6.9200 -22.2819 -4.7506 13.6586 33.7043 1.1062 4.8536 15.9959 0.0000 -0.0000 0.0000 21.8451 -6.6597 -74.414 130.9487 -52.6056 94.5815 34.3298 -2.8024 -30.6152 0.0 0.0 0.0 -7.1250 0.0 0.0 4.0795 65.5612 -2.0277 0.0000 -0.0000 0.0000 -19.3285 32.7244 37.7094 -70.1232 -58.4532 -42.8756 -24.0632 -31.5994 -28.2313 0.0 0.0 0.0 7.1250 0.0 -0.0 3.7610 -0.4176 3.7965
-3.7294 16.3233 37.3390 -22.7180 59.6212 -372.7860 0.0000 0.0000 0.0000 -28.3408 4.7274 -11.2625 4.6230 12.9462 39.1675 1.9689 7.7393 25.1940 0.0202 0.9171 2.5208 0.0000 0.0000 0.0000 17.7822 14.0012 -28.4582 -2.1520 -9.1758 26.3467 -0.0003 0.8659 -0.6708 -5.4794 13.9041 -42.8547 11.6152 -3.6665 4.0876 4.5235 -4.3865 3.1631 -1.5791 -1.9945 0.5100 -2.5252 6.7942 -22.5190 -4.6011 13.6151 33.8102 1.2391 4.7925 16.0523 -0.0000 0.0000 0.0000 21.7762 -6.493 -73.946 131.4305 -52.402 94.9638 34.995 -2.0625 -30.777 0.0 0.0 0.0 -7.1250 0.0 0.0 4.9537 65.9344 -2.5058 -0.0000 0.0000 0.0000 -20.311 32.3526 38.5447 -69.6974 -58.3837 -42.5128 -23.636 -31.9093 -28.6146 0.0 0.0 0.0 7.1250 0.0 -0.0 4.0654 -0.7256 4.1269
-3.6138 16.2548 37.4372 -26.0261 60.1461 -376.1340 0.0000 0.0000 0.0000 -26.4098 4.8581 -11.2149 5.1286 13.5272 41.3755 1.8169 8.3092 24.1633 0.0207 0.9283 2.5516 0.0000 0.0000 0.0000 19.4294 14.5793 -26.2322 -1.9046 -8.6646 24.7515 0.0174 -2.3734 -1.3083 -5.2218 13.6293 -41.7722 13.2728 -3.7772 4.4560 4.8029 -4.3939 3.2652 -2.1529 -1.9679 0.3277 -2.2784 6.6265 -22.2252 -4.7687 13.2851 33.6090 1.0474 4.6878 15.9186 0.0000 -0.0000 0.0000 22.3512 -6.1089 -73.755 132.1468 -52.0921 95.5301 36.0174 -1.2279 -30.9517 0.0 0.0 0.0 -7.1250 0.0 0.0 6.3616 66.4315 -3.293 0.0000 -0.0000 0.0000 -20.5999 32.1485 38.7243 -69.1805 -58.2971 -42.0728 -22.5387 -31.1131 -29.2316 0.0 0.0 0.0 7.1250 0.0 -0.0 4.7910 -1.1343 4.902
-3.4997 16.1668 37.5399 -29.0540 60.6129 -379.2800 0.0000 0.0000 0.0000 -24.9176 4.3360 -10.8847 5.6383 14.0684 43.5123 1.5932 9.3667 22.6346 0.0476 1.4086 3.8737 0.0000 0.0000 0.0000 21.2718 12.9367 -24.7608 -1.6717 -8.1459 23.1580 0.0400 -3.6219 -0.5259 -5.0416 13.4305 -41.0021 14.8264 -3.7828 4.7966 4.9018 -4.2589 3.3302 -2.8639 -1.8762 0.1392 -1.7199 6.4148 -21.7894 -5.0087 12.7931 33.4133 0.7390 4.5488 15.7804 0.0000 0.0000 0.0000 23.2271 -5.3401 -73.6954 133.0304 -51.6977 96.2255 36.6231 -0.9474 -30.7447 0.0 0.0 0.0 -7.1250 0.0 0.0 7.3088 66.3864 -3.7778 0.0000 0.0000 0.0000 -20.3602 32.1529 38.6406 -69.0359 -58.2724 -41.9499 -24.7597 -32.3666 -29.1273 0.0 0.0 0.0 7.1250 0.0 -0.0 3.4853 -1.5027 3.5821
-3.3851 16.0556 37.6423 -31.3829 61.1201 -381.8740 0.0000 0.0000 0.0000 -23.9810 3.8693 -10.6227 6.1848 14.6051 45.7189 1.4110 9.9377 21.3589 0.0379 1.2571 3.4566 0.0000 0.0000 0.0000 23.0256 8.9192 -24.3223 -1.4832 -7.6947 21.7905 -0.0056 -2.5640 2.1399 -5.1186 13.5162 -41.3327 15.7543 -3.8856 5.1622 5.2307 -4.2681 3.4927 -2.9891 -1.8534 0.0772 -1.9208 6.2744 -21.8294 -5.1142 12.6940 33.2949 0.7088 4.4749 15.7281 0.0000 0.0000 0.0000 23.1566 -4.8878 -73.3409 133.1162 -51.6587 96.2928 35.9831 -2.3214 -29.4049 0.0 0.0 0.0 -7.1250 0.0 0.0 6.7612 64.7157 -3.2327 0.0000 0.0000 0.0000 -21.0979 31.7739 39.1777 -69.3780 -58.3305 -42.2409 -32.6874 -36.8945 -27.2789 0.0 0.0 0.0 7.1250 0.0 -0.0 -1.4481 -1.5074 -1.4862
-3.2636 15.9741 37.7338 -33.2899 61.5382 -384.0910 0.0000 0.0000 0.0000 -21.9201 7.1654 -11.7876 6.7499 15.1177 47.9221 1.7482 7.9087 23.6956 0.0059 -0.4964 -1.3641 0.0000 0.0000 0.0000 24.0422 7.6018 -22.8890 -1.3385 -7.3255 20.6833 -0.0216 -2.4990 2.9339 -5.3855 13.8052 -42.4626 16.1455 -4.1239 5.5547 5.8136 -4.4737 3.7668 -2.5456 -1.9211 0.1397 -2.8247 6.2250 -22.3655 -5.0387 12.9702 33.2170 0.9614 4.4733 15.7482 -0.0000 0.0000 0.0000 22.6179 -4.2852 -72.4187 133.0265 -51.6995 96.2224 35.2958 -3.3193 -28.2575 0.0 0.0 0.0 -7.1250 0.0 0.0 6.1178 63.2457 -2.714 -0.0000 0.0000 0.0000 -22.272 30.9113 39.852 -69.5681 -58.3623 -42.4027 -26.7637 -33.0362 -26.2181 0.0 0.0 0.0 7.1250 0.0 -0.0 1.8696 1.1149 1.8339
-3.1479 15.8858 37.8236 -34.8414 61.9789 -385.9260 0.0000 0.0000 0.0000 -20.9232 6.7234 -11.6566 7.3745 15.6393 50.2770 1.5584 9.5071 22.3950 0.0198 0.9077 2.4949 0.0000 0.0000 0.0000 24.1461 11.0962 -19.8664 -1.2655 -7.1306 20.1028 0.0664 -4.7618 -0.2907 -5.4877 13.9128 -42.8891 16.7629 -4.1544 5.8802 5.8906 -4.4072 3.8951 -2.7746 -1.8687 0.0765 -3.2357 5.9518 -22.6019 -4.6121 12.5766 33.2537 1.1347 4.3118 15.7363 -0.0000 0.0000 0.0000 23.1279 -3.4671 -72.0905 133.1162 -51.6587 96.2928 35.7997 -2.8408 -28.3021 0.0 0.0 0.0 -7.1250 0.0 0.0 6.7814 63.4376 -3.0403 -0.0000 0.0000 0.0000 -21.2078 30.4477 37.4075 -67.9646 -58.0834 -41.0396 -14.5875 -19.9706 -27.531 0.0 0.0 0.0 7.1250 0.0 -0.0 9.2871 1.9941 9.0796
-3.0242 15.8096 37.9138 -35.2516 62.7174 -386.7640 0.0000 0.0000 0.0000 -20.3435 6.6253 -11.5250 8.0131 16.1288 52.6097 1.4369 11.3821 21.7156 0.6322 5.0875 14.1582 0.0000 0.0000 0.0000 24.0890 11.2927 -18.3422 -1.2628 -7.1232 20.0808 0.0192 -3.2148 -3.3788 -5.3003 13.7142 -42.1043 16.8607 -4.1185 6.1907 5.6150 -4.2946 3.9458 -3.1093 -1.8161 -0.0498 -2.9480 5.8301 -22.4300 -4.3886 12.1567 33.1318 1.0878 4.2200 15.6260 0.0000 -0.0000 0.0000 23.9332 -2.8045 -71.9249 132.9562 -51.7314 96.1672 35.3638 -3.5372 -27.5843 0.0 0.0 0.0 -7.1250 0.0 0.0 6.3663 62.515 -2.7155 0.0000 -0.0000 0.0000 -22.6844 29.7515 38.4493 -68.1013 -58.1081 -41.1557 -23.7479 -26.484 -29.5616 0.0 0.0 0.0 7.1250 0.0 -0.0 4.1364 -1.7315 4.2705
-2.9029 15.7151 38.0037 -34.3765 63.6528 -386.3320 0.0000 0.0000 0.0000 -20.6984 6.9213 -11.9081 8.6518 16.5784 54.8780 1.5582 13.1097 22.8301 2.1540 9.1796 26.3589 0.0000 0.0000 0.0000 23.4787 9.9033 -18.2096 -1.4001 -7.4853 21.1612 -0.1029 -0.5433 -6.2818 -5.5922 14.0212 -43.3224 16.1279 -4.1045 6.4737 5.3907 -4.2726 3.9975 -2.9487 -1.8219 -0.1251 -3.0052 5.7856 -22.4647 -4.2383 12.0188 32.9189 1.1283 4.1880 15.5094 0.0000 -0.0000 0.0000 24.2803 -2.183 -71.4097 132.4887 -51.9411 95.7996 33.9885 -5.1128 -25.8635 0.0 0.0 0.0 -7.1250 0.0 0.0 5.0031 60.2246 -1.8608 0.0000 -0.0000 0.0000 -23.8335 28.8464 39.1314 -68.1081 -58.1093 -41.1614 -25.6471 -28.3178 -30.0267 0.0 0.0 0.0 7.1250 0.0 -0.0 3.1137 -2.6427 3.2587
